日期,年干,年支,月干,月支,日干,日支,建除,日干支,選日,大將軍,金神,土公神,天赦日,復日,血忌,天火,三箇惡日,十方暮,八專,五墓,天一神,日遊,大小土,三寶吉日,重日,空亡,十二直_計算
2016-01-01,乙,未,戊,子,壬,午,破,壬午,,東,辰巳,庭,False,False,True,True,狼藉,False,False,False,西北,出遊(吉),,上吉,False,戌亥,破
2016-01-02,乙,未,戊,子,癸,未,危,癸未,,東,辰巳,庭,False,True,False,False,,False,False,False,西北,出遊(吉),,下吉,False,戌亥,危
2016-01-03,乙,未,戊,子,甲,申,成,甲申,十方暮,東,辰巳,庭,False,False,False,False,,True,False,False,西北,出遊(吉),,上吉,False,申酉,成
2016-01-04,乙,未,戊,子,乙,酉,收,乙酉,十方暮,東,辰巳,庭,False,False,False,False,大禍,True,False,False,西北,出遊(吉),,下吉,False,申酉,收
2016-01-05,乙,未,戊,子,丙,戌,開,丙戌,十方暮,東,辰巳,庭,False,False,False,False,,True,False,True,西北,出遊(吉),,,False,申酉,開
2016-01-06,乙,未,己,丑,丁,亥,開,丁亥,十方暮,東,辰巳,庭,False,False,False,False,,True,False,False,西北,出遊(吉),,,True,申酉,開
2016-01-07,乙,未,己,丑,戊,子,閉,戊子,十方暮,東,辰巳,庭,False,True,True,False,,True,False,False,北,出遊(吉),,,False,申酉,閉
2016-01-08,乙,未,己,丑,己,丑,建,己丑,十方暮,東,辰巳,庭,False,True,False,False,,True,False,False,北,出遊(吉),,,False,申酉,建
2016-01-09,乙,未,己,丑,庚,寅,除,庚寅,十方暮,東,辰巳,庭,False,False,False,False,,True,False,False,北,出遊(吉),,上吉,False,申酉,除
2016-01-10,乙,未,己,丑,辛,卯,滿,辛卯,十方暮,東,辰巳,庭,False,False,False,False,,True,False,False,北,出遊(吉),,,False,申酉,滿
2016-01-11,乙,未,己,丑,壬,辰,平,壬辰,十方暮,東,辰巳,庭,False,False,False,False,大禍,True,False,True,北,出遊(吉),,,False,申酉,平
2016-01-12,乙,未,己,丑,癸,巳,定,癸巳,天一天上,東,辰巳,庭,False,False,False,False,,True,False,False,天一天上,北宮(凶),,下吉,True,申酉,定
2016-01-13,乙,未,己,丑,甲,午,執,甲午,天一天上,東,辰巳,庭,False,False,False,False,,False,False,False,天一天上,北宮(凶),,,False,午未,執
2016-01-14,乙,未,己,丑,乙,未,破,乙未,天一天上,東,辰巳,庭,False,False,False,False,,False,False,True,天一天上,北宮(凶),,,False,午未,破
2016-01-15,乙,未,己,丑,丙,申,危,丙申,天一天上,東,辰巳,庭,False,False,False,False,,False,False,False,天一天上,北宮(凶),,,False,午未,危
2016-01-16,乙,未,己,丑,丁,酉,成,丁酉,天一天上,東,辰巳,庭,False,False,False,True,狼藉,False,False,False,天一天上,北宮(凶),,上吉,False,午未,成
2016-01-17,乙,未,己,丑,戊,戌,收,戊戌,天一天上,東,辰巳,庭,False,True,False,False,滅門,False,False,False,天一天上,南宮(凶),,,False,午未,收
2016-01-18,乙,未,己,丑,己,亥,開,己亥,天一天上,東,辰巳,庭,False,True,False,False,,False,False,False,天一天上,南宮(凶),,,True,午未,開
2016-01-19,乙,未,己,丑,庚,子,閉,庚子,天一天上,東,辰巳,庭,False,False,True,False,,False,False,False,天一天上,南宮(凶),,中吉,False,午未,閉
2016-01-20,乙,未,己,丑,辛,丑,建,辛丑,天一天上,東,辰巳,庭,False,False,False,False,,False,False,True,天一天上,南宮(凶),,下吉,False,午未,建
2016-01-21,乙,未,己,丑,壬,寅,除,壬寅,天一天上,東,辰巳,庭,False,False,False,False,,False,False,False,天一天上,南宮(凶),,中吉,False,午未,除
2016-01-22,乙,未,己,丑,癸,卯,滿,癸卯,天一天上,東,辰巳,庭,False,False,False,False,,False,False,False,天一天上,西宮(凶),,下吉,False,午未,滿
2016-01-23,乙,未,己,丑,甲,辰,平,甲辰,天一天上,東,辰巳,庭,False,False,False,False,大禍,False,False,False,天一天上,東宮(凶),,中吉,False,辰巳,平
2016-01-24,乙,未,己,丑,乙,巳,定,乙巳,天一天上,東,辰巳,庭,False,False,False,False,,False,False,False,天一天上,東宮(凶),,,True,辰巳,定
2016-01-25,乙,未,己,丑,丙,午,執,丙午,天一天上,東,辰巳,庭,False,False,False,False,,False,False,False,天一天上,東宮(凶),,下吉,False,辰巳,執
2016-01-26,乙,未,己,丑,丁,未,破,丁未,天一天上,東,辰巳,庭,False,False,False,False,,False,False,False,天一天上,東宮(凶),,下吉,False,辰巳,破
2016-01-27,乙,未,己,丑,戊,申,危,戊申,天一天上,東,辰巳,庭,False,True,False,False,,False,False,False,天一天上,東宮(凶),小土(凶),下吉,False,辰巳,危
2016-01-28,乙,未,己,丑,己,酉,成,己酉,,東,辰巳,庭,False,True,False,True,狼藉,False,False,False,東北,出遊(吉),小土(凶),上吉,False,辰巳,成
2016-01-29,乙,未,己,丑,庚,戌,收,庚戌,,東,辰巳,庭,False,False,False,False,滅門,False,False,False,東北,出遊(吉),小土(凶),,False,辰巳,收
2016-01-30,乙,未,己,丑,辛,亥,開,辛亥,,東,辰巳,庭,False,False,False,False,,False,False,False,東北,出遊(吉),小土(凶),下吉,True,辰巳,開
2016-01-31,乙,未,己,丑,壬,子,閉,壬子,八專,東,辰巳,庭,False,False,True,False,,False,True,False,東北,出遊(吉),小土(凶),,False,辰巳,閉
2016-02-01,乙,未,己,丑,癸,丑,建,癸丑,八專,東,辰巳,庭,False,False,False,False,,False,False,False,東北,出遊(吉),小土(凶),下吉,False,辰巳,建
2016-02-02,乙,未,己,丑,甲,寅,除,甲寅,八專,東,辰巳,庭,False,False,False,False,,False,True,False,東北,出遊(吉),小土(凶),下吉,False,寅卯,除
2016-02-03,乙,未,己,丑,乙,卯,滿,乙卯,八專,東,辰巳,庭,False,False,False,False,,False,True,False,東,出遊(吉),,下吉,False,寅卯,滿
2016-02-04,乙,未,庚,寅,丙,辰,滿,丙辰,八專,東,辰巳,灶,False,False,False,False,,False,False,False,東,出遊(吉),,,False,寅卯,滿
2016-02-05,乙,未,庚,寅,丁,巳,平,丁巳,八專,東,辰巳,灶,False,False,False,False,滅門,False,True,False,東,出遊(吉),,下吉,True,寅卯,平
2016-02-06,乙,未,庚,寅,戊,午,定,戊午,八專,東,辰巳,灶,False,False,False,False,,False,True,False,東,出遊(吉),,,False,寅卯,定
2016-02-07,乙,未,庚,寅,己,未,執,己未,八專,東,辰巳,灶,False,False,False,False,,False,False,False,東,出遊(吉),,下吉,False,寅卯,執
2016-02-08,丙,申,庚,寅,庚,申,破,庚申,八專,南,子丑寅卯,灶,False,True,False,False,,False,True,False,東南,出遊(吉),,,False,寅卯,破
2016-02-09,丙,申,庚,寅,辛,酉,危,辛酉,八專,南,子丑寅卯,灶,False,False,False,False,,False,True,False,東南,出遊(吉),,下吉,False,寅卯,危
2016-02-10,丙,申,庚,寅,壬,戌,成,壬戌,八專,南,子丑寅卯,灶,False,False,False,False,,False,False,False,東南,出遊(吉),,,False,寅卯,成
2016-02-11,丙,申,庚,寅,癸,亥,收,癸亥,八專,南,子丑寅卯,灶,False,False,False,False,大禍,False,True,False,東南,出遊(吉),,,True,寅卯,收
2016-02-12,丙,申,庚,寅,甲,子,開,甲子,,南,子丑寅卯,灶,False,True,False,True,狼藉,False,False,False,東南,出遊(吉),,,False,子丑,開
2016-02-13,丙,申,庚,寅,乙,丑,閉,乙丑,,南,子丑寅卯,灶,False,False,True,False,,False,False,False,東南,出遊(吉),,,False,子丑,閉
2016-02-14,丙,申,庚,寅,丙,寅,建,丙寅,,南,子丑寅卯,灶,False,False,False,False,,False,False,False,南,出遊(吉),,下吉,False,子丑,建
2016-02-15,丙,申,庚,寅,丁,卯,除,丁卯,,南,子丑寅卯,灶,False,False,False,False,,False,False,False,南,出遊(吉),,下吉,False,子丑,除
2016-02-16,丙,申,庚,寅,戊,辰,滿,戊辰,,南,子丑寅卯,灶,False,False,False,False,,False,False,True,南,出遊(吉),,,False,子丑,滿
2016-02-17,丙,申,庚,寅,己,巳,平,己巳,,南,子丑寅卯,灶,False,False,False,False,滅門,False,False,False,南,出遊(吉),,,True,子丑,平
2016-02-18,丙,申,庚,寅,庚,午,定,庚午,,南,子丑寅卯,灶,False,True,False,False,,False,False,False,南,出遊(吉),大土(凶),下吉,False,子丑,定
2016-02-19,丙,申,庚,寅,辛,未,執,辛未,,南,子丑寅卯,灶,False,False,False,False,,False,False,False,西南,出遊(吉),大土(凶),中吉,False,子丑,執
2016-02-20,丙,申,庚,寅,壬,申,破,壬申,,南,子丑寅卯,灶,False,False,False,False,,False,False,False,西南,出遊(吉),大土(凶),,False,子丑,破
2016-02-21,丙,申,庚,寅,癸,酉,危,癸酉,,南,子丑寅卯,灶,False,False,False,False,,False,False,False,西南,出遊(吉),大土(凶),中吉,False,子丑,危
2016-02-22,丙,申,庚,寅,甲,戌,成,甲戌,,南,子丑寅卯,灶,False,True,False,False,,False,False,False,西南,出遊(吉),大土(凶),,False,戌亥,成
2016-02-23,丙,申,庚,寅,乙,亥,收,乙亥,,南,子丑寅卯,灶,False,False,False,False,大禍,False,False,False,西南,出遊(吉),大土(凶),,True,戌亥,收
2016-02-24,丙,申,庚,寅,丙,子,開,丙子,,南,子丑寅卯,灶,False,False,False,True,狼藉,False,False,False,西南,出遊(吉),大土(凶),,False,戌亥,開
2016-02-25,丙,申,庚,寅,丁,丑,閉,丁丑,,南,子丑寅卯,灶,False,False,True,False,,False,False,False,西,出遊(吉),,下吉,False,戌亥,閉
2016-02-26,丙,申,庚,寅,戊,寅,建,戊寅,,南,子丑寅卯,灶,True,False,False,False,,False,False,False,西,出遊(吉),,下吉,False,戌亥,建
2016-02-27,丙,申,庚,寅,己,卯,除,己卯,,南,子丑寅卯,灶,False,False,False,False,,False,False,False,西,出遊(吉),,,False,戌亥,除
2016-02-28,丙,申,庚,寅,庚,辰,滿,庚辰,,南,子丑寅卯,灶,False,True,False,False,,False,False,False,西,出遊(吉),,下吉,False,戌亥,滿
2016-02-29,丙,申,庚,寅,辛,巳,平,辛巳,,南,子丑寅卯,灶,False,False,False,False,滅門,False,False,False,西,出遊(吉),,下吉,True,戌亥,平
2016-03-01,丙,申,庚,寅,壬,午,定,壬午,,南,子丑寅卯,灶,False,False,False,False,,False,False,False,西北,出遊(吉),,上吉,False,戌亥,定
2016-03-02,丙,申,庚,寅,癸,未,執,癸未,,南,子丑寅卯,灶,False,False,False,False,,False,False,False,西北,出遊(吉),,下吉,False,戌亥,執
2016-03-03,丙,申,庚,寅,甲,申,破,甲申,十方暮,南,子丑寅卯,灶,False,True,False,False,,True,False,False,西北,出遊(吉),,上吉,False,申酉,破
2016-03-04,丙,申,庚,寅,乙,酉,危,乙酉,十方暮,南,子丑寅卯,灶,False,False,False,False,,True,False,False,西北,出遊(吉),,下吉,False,申酉,危
2016-03-05,丙,申,辛,卯,丙,戌,危,丙戌,十方暮,南,子丑寅卯,灶,False,False,False,False,,True,False,True,西北,出遊(吉),,,False,申酉,危
2016-03-06,丙,申,辛,卯,丁,亥,成,丁亥,十方暮,南,子丑寅卯,灶,False,False,False,False,,True,False,False,西北,出遊(吉),,,True,申酉,成
2016-03-07,丙,申,辛,卯,戊,子,收,戊子,十方暮,南,子丑寅卯,灶,False,False,False,False,滅門,True,False,False,北,出遊(吉),,,False,申酉,收
2016-03-08,丙,申,辛,卯,己,丑,開,己丑,十方暮,南,子丑寅卯,灶,False,False,False,False,,True,False,False,北,出遊(吉),,,False,申酉,開
2016-03-09,丙,申,辛,卯,庚,寅,閉,庚寅,十方暮,南,子丑寅卯,灶,False,False,False,False,,True,False,False,北,出遊(吉),,上吉,False,申酉,閉
2016-03-10,丙,申,辛,卯,辛,卯,建,辛卯,十方暮,南,子丑寅卯,灶,False,True,False,True,狼藉,True,False,False,北,出遊(吉),,,False,申酉,建
2016-03-11,丙,申,辛,卯,壬,辰,除,壬辰,十方暮,南,子丑寅卯,灶,False,False,False,False,,True,False,True,北,出遊(吉),,,False,申酉,除
2016-03-12,丙,申,辛,卯,癸,巳,滿,癸巳,天一天上,南,子丑寅卯,灶,False,False,False,False,,True,False,False,天一天上,北宮(凶),,下吉,True,申酉,滿
2016-03-13,丙,申,辛,卯,甲,午,平,甲午,天一天上,南,子丑寅卯,灶,False,False,False,False,大禍,False,False,False,天一天上,北宮(凶),,,False,午未,平
2016-03-14,丙,申,辛,卯,乙,未,定,乙未,天一天上,南,子丑寅卯,灶,False,True,True,False,,False,False,True,天一天上,北宮(凶),,,False,午未,定
2016-03-15,丙,申,辛,卯,丙,申,執,丙申,天一天上,南,子丑寅卯,灶,False,False,False,False,,False,False,False,天一天上,北宮(凶),,,False,午未,執
2016-03-16,丙,申,辛,卯,丁,酉,破,丁酉,天一天上,南,子丑寅卯,灶,False,False,False,False,,False,False,False,天一天上,北宮(凶),,上吉,False,午未,破
2016-03-17,丙,申,辛,卯,戊,戌,危,戊戌,天一天上,南,子丑寅卯,灶,False,False,False,False,,False,False,False,天一天上,南宮(凶),,,False,午未,危
2016-03-18,丙,申,辛,卯,己,亥,成,己亥,天一天上,南,子丑寅卯,灶,False,False,False,False,,False,False,False,天一天上,南宮(凶),,,True,午未,成
2016-03-19,丙,申,辛,卯,庚,子,收,庚子,天一天上,南,子丑寅卯,灶,False,False,False,False,滅門,False,False,False,天一天上,南宮(凶),,中吉,False,午未,收
2016-03-20,丙,申,辛,卯,辛,丑,開,辛丑,天一天上,南,子丑寅卯,灶,False,True,False,False,,False,False,True,天一天上,南宮(凶),,下吉,False,午未,開
2016-03-21,丙,申,辛,卯,壬,寅,閉,壬寅,天一天上,南,子丑寅卯,灶,False,False,False,False,,False,False,False,天一天上,南宮(凶),,中吉,False,午未,閉
2016-03-22,丙,申,辛,卯,癸,卯,建,癸卯,天一天上,南,子丑寅卯,灶,False,False,False,True,狼藉,False,False,False,天一天上,西宮(凶),,下吉,False,午未,建
2016-03-23,丙,申,辛,卯,甲,辰,除,甲辰,天一天上,南,子丑寅卯,灶,False,False,False,False,,False,False,False,天一天上,東宮(凶),,中吉,False,辰巳,除
2016-03-24,丙,申,辛,卯,乙,巳,滿,乙巳,天一天上,南,子丑寅卯,灶,False,True,False,False,,False,False,False,天一天上,東宮(凶),,,True,辰巳,滿
2016-03-25,丙,申,辛,卯,丙,午,平,丙午,天一天上,南,子丑寅卯,灶,False,False,False,False,大禍,False,False,False,天一天上,東宮(凶),,下吉,False,辰巳,平
2016-03-26,丙,申,辛,卯,丁,未,定,丁未,天一天上,南,子丑寅卯,灶,False,False,True,False,,False,False,False,天一天上,東宮(凶),,下吉,False,辰巳,定
2016-03-27,丙,申,辛,卯,戊,申,執,戊申,天一天上,南,子丑寅卯,灶,False,False,False,False,,False,False,False,天一天上,東宮(凶),小土(凶),下吉,False,辰巳,執
2016-03-28,丙,申,辛,卯,己,酉,破,己酉,,南,子丑寅卯,灶,False,False,False,False,,False,False,False,東北,出遊(吉),小土(凶),上吉,False,辰巳,破
2016-03-29,丙,申,辛,卯,庚,戌,危,庚戌,,南,子丑寅卯,灶,False,False,False,False,,False,False,False,東北,出遊(吉),小土(凶),,False,辰巳,危
2016-03-30,丙,申,辛,卯,辛,亥,成,辛亥,,南,子丑寅卯,灶,False,True,False,False,,False,False,False,東北,出遊(吉),小土(凶),下吉,True,辰巳,成
2016-03-31,丙,申,辛,卯,壬,子,收,壬子,八專,南,子丑寅卯,灶,False,False,False,False,滅門,False,True,False,東北,出遊(吉),小土(凶),,False,辰巳,收
2016-04-01,丙,申,辛,卯,癸,丑,開,癸丑,八專,南,子丑寅卯,灶,False,False,False,False,,False,False,False,東北,出遊(吉),小土(凶),下吉,False,辰巳,開
2016-04-02,丙,申,辛,卯,甲,寅,閉,甲寅,八專,南,子丑寅卯,灶,False,False,False,False,,False,True,False,東北,出遊(吉),小土(凶),下吉,False,寅卯,閉
2016-04-03,丙,申,辛,卯,乙,卯,建,乙卯,八專,南,子丑寅卯,灶,False,True,False,True,狼藉,False,True,False,東,出遊(吉),,下吉,False,寅卯,建
2016-04-04,丙,申,壬,辰,丙,辰,建,丙辰,八專,南,子丑寅卯,灶,False,False,False,False,,False,False,False,東,出遊(吉),,,False,寅卯,建
2016-04-05,丙,申,壬,辰,丁,巳,除,丁巳,八專,南,子丑寅卯,灶,False,False,False,False,,False,True,False,東,出遊(吉),,下吉,True,寅卯,除
2016-04-06,丙,申,壬,辰,戊,午,滿,戊午,八專,南,子丑寅卯,灶,False,True,False,True,狼藉,False,True,False,東,出遊(吉),,,False,寅卯,滿
2016-04-07,丙,申,壬,辰,己,未,平,己未,八專,南,子丑寅卯,灶,False,True,False,False,滅門,False,False,False,東,出遊(吉),,下吉,False,寅卯,平
2016-04-08,丙,申,壬,辰,庚,申,定,庚申,八專,南,子丑寅卯,灶,False,False,False,False,,False,True,False,東南,出遊(吉),,,False,寅卯,定
2016-04-09,丙,申,壬,辰,辛,酉,執,辛酉,八專,南,子丑寅卯,灶,False,False,False,False,,False,True,False,東南,出遊(吉),,下吉,False,寅卯,執
2016-04-10,丙,申,壬,辰,壬,戌,破,壬戌,八專,南,子丑寅卯,灶,False,False,False,False,,False,False,False,東南,出遊(吉),,,False,寅卯,破
2016-04-11,丙,申,壬,辰,癸,亥,危,癸亥,八專,南,子丑寅卯,灶,False,False,False,False,,False,True,False,東南,出遊(吉),,,True,寅卯,危
2016-04-12,丙,申,壬,辰,甲,子,成,甲子,,南,子丑寅卯,灶,False,False,False,False,,False,False,False,東南,出遊(吉),,,False,子丑,成
2016-04-13,丙,申,壬,辰,乙,丑,收,乙丑,,南,子丑寅卯,灶,False,False,False,False,大禍,False,False,False,東南,出遊(吉),,,False,子丑,收
2016-04-14,丙,申,壬,辰,丙,寅,開,丙寅,,南,子丑寅卯,灶,False,False,True,False,,False,False,False,南,出遊(吉),,下吉,False,子丑,開
2016-04-15,丙,申,壬,辰,丁,卯,閉,丁卯,,南,子丑寅卯,灶,False,False,False,False,,False,False,False,南,出遊(吉),,下吉,False,子丑,閉
2016-04-16,丙,申,壬,辰,戊,辰,建,戊辰,,南,子丑寅卯,灶,False,True,False,False,,False,False,True,南,出遊(吉),,,False,子丑,建
2016-04-17,丙,申,壬,辰,己,巳,除,己巳,,南,子丑寅卯,灶,False,True,False,False,,False,False,False,南,出遊(吉),,,True,子丑,除
2016-04-18,丙,申,壬,辰,庚,午,滿,庚午,,南,子丑寅卯,灶,False,False,False,True,狼藉,False,False,False,南,出遊(吉),大土(凶),下吉,False,子丑,滿
2016-04-19,丙,申,壬,辰,辛,未,平,辛未,,南,子丑寅卯,灶,False,False,False,False,滅門,False,False,False,西南,出遊(吉),大土(凶),中吉,False,子丑,平
2016-04-20,丙,申,壬,辰,壬,申,定,壬申,,南,子丑寅卯,灶,False,False,False,False,,False,False,False,西南,出遊(吉),大土(凶),,False,子丑,定
2016-04-21,丙,申,壬,辰,癸,酉,執,癸酉,,南,子丑寅卯,灶,False,False,False,False,,False,False,False,西南,出遊(吉),大土(凶),中吉,False,子丑,執
2016-04-22,丙,申,壬,辰,甲,戌,破,甲戌,,南,子丑寅卯,灶,False,False,False,False,,False,False,False,西南,出遊(吉),大土(凶),,False,戌亥,破
2016-04-23,丙,申,壬,辰,乙,亥,危,乙亥,,南,子丑寅卯,灶,False,False,False,False,,False,False,False,西南,出遊(吉),大土(凶),,True,戌亥,危
2016-04-24,丙,申,壬,辰,丙,子,成,丙子,,南,子丑寅卯,灶,False,False,False,False,,False,False,False,西南,出遊(吉),大土(凶),,False,戌亥,成
2016-04-25,丙,申,壬,辰,丁,丑,收,丁丑,,南,子丑寅卯,灶,False,False,False,False,大禍,False,False,False,西,出遊(吉),,下吉,False,戌亥,收
2016-04-26,丙,申,壬,辰,戊,寅,開,戊寅,,南,子丑寅卯,灶,True,True,True,False,,False,False,False,西,出遊(吉),,下吉,False,戌亥,開
2016-04-27,丙,申,壬,辰,己,卯,閉,己卯,,南,子丑寅卯,灶,False,True,False,False,,False,False,False,西,出遊(吉),,,False,戌亥,閉
2016-04-28,丙,申,壬,辰,庚,辰,建,庚辰,,南,子丑寅卯,灶,False,False,False,False,,False,False,False,西,出遊(吉),,下吉,False,戌亥,建
2016-04-29,丙,申,壬,辰,辛,巳,除,辛巳,,南,子丑寅卯,灶,False,False,False,False,,False,False,False,西,出遊(吉),,下吉,True,戌亥,除
2016-04-30,丙,申,壬,辰,壬,午,滿,壬午,,南,子丑寅卯,灶,False,False,False,True,狼藉,False,False,False,西北,出遊(吉),,上吉,False,戌亥,滿
2016-05-01,丙,申,壬,辰,癸,未,平,癸未,,南,子丑寅卯,灶,False,False,False,False,滅門,False,False,False,西北,出遊(吉),,下吉,False,戌亥,平
2016-05-02,丙,申,壬,辰,甲,申,定,甲申,十方暮,南,子丑寅卯,灶,False,False,False,False,,True,False,False,西北,出遊(吉),,上吉,False,申酉,定
2016-05-03,丙,申,壬,辰,乙,酉,執,乙酉,十方暮,南,子丑寅卯,灶,False,False,False,False,,True,False,False,西北,出遊(吉),,下吉,False,申酉,執
2016-05-04,丙,申,壬,辰,丙,戌,破,丙戌,十方暮,南,子丑寅卯,灶,False,False,False,False,,True,False,True,西北,出遊(吉),,,False,申酉,破
2016-05-05,丙,申,癸,巳,丁,亥,破,丁亥,十方暮,南,子丑寅卯,門,False,False,False,False,,True,False,False,西北,出遊(吉),,,True,申酉,破
2016-05-06,丙,申,癸,巳,戊,子,危,戊子,十方暮,南,子丑寅卯,門,False,False,False,False,,True,False,False,北,出遊(吉),,,False,申酉,危
2016-05-07,丙,申,癸,巳,己,丑,成,己丑,十方暮,南,子丑寅卯,門,False,False,False,False,,True,False,False,北,出遊(吉),,,False,申酉,成
2016-05-08,丙,申,癸,巳,庚,寅,收,庚寅,十方暮,南,子丑寅卯,門,False,False,False,False,滅門,True,False,False,北,出遊(吉),,上吉,False,申酉,收
2016-05-09,丙,申,癸,巳,辛,卯,開,辛卯,十方暮,南,子丑寅卯,門,False,False,False,False,,True,False,False,北,出遊(吉),,,False,申酉,開
2016-05-10,丙,申,癸,巳,壬,辰,閉,壬辰,十方暮,南,子丑寅卯,門,False,True,False,False,,True,False,True,北,出遊(吉),,,False,申酉,閉
2016-05-11,丙,申,癸,巳,癸,巳,建,癸巳,天一天上,南,子丑寅卯,門,False,False,False,False,,True,False,False,天一天上,北宮(凶),,下吉,True,申酉,建
2016-05-12,丙,申,癸,巳,甲,午,除,甲午,天一天上,南,子丑寅卯,門,True,False,False,False,狼藉,False,False,False,天一天上,北宮(凶),,,False,午未,除
2016-05-13,丙,申,癸,巳,乙,未,滿,乙未,天一天上,南,子丑寅卯,門,False,False,False,False,,False,False,True,天一天上,北宮(凶),,,False,午未,滿
2016-05-14,丙,申,癸,巳,丙,申,平,丙申,天一天上,南,子丑寅卯,門,False,True,True,False,大禍,False,False,False,天一天上,北宮(凶),,,False,午未,平
2016-05-15,丙,申,癸,巳,丁,酉,定,丁酉,天一天上,南,子丑寅卯,門,False,False,False,True,,False,False,False,天一天上,北宮(凶),,上吉,False,午未,定
2016-05-16,丙,申,癸,巳,戊,戌,執,戊戌,天一天上,南,子丑寅卯,門,False,False,False,False,,False,False,False,天一天上,南宮(凶),,,False,午未,執
2016-05-17,丙,申,癸,巳,己,亥,破,己亥,天一天上,南,子丑寅卯,門,False,False,False,False,,False,False,False,天一天上,南宮(凶),,,True,午未,破
2016-05-18,丙,申,癸,巳,庚,子,危,庚子,天一天上,南,子丑寅卯,門,False,False,False,False,,False,False,False,天一天上,南宮(凶),,中吉,False,午未,危
2016-05-19,丙,申,癸,巳,辛,丑,成,辛丑,天一天上,南,子丑寅卯,門,False,False,False,False,,False,False,True,天一天上,南宮(凶),,下吉,False,午未,成
2016-05-20,丙,申,癸,巳,壬,寅,收,壬寅,天一天上,南,子丑寅卯,門,False,True,False,False,滅門,False,False,False,天一天上,南宮(凶),,中吉,False,午未,收
2016-05-21,丙,申,癸,巳,癸,卯,開,癸卯,天一天上,南,子丑寅卯,門,False,False,False,False,,False,False,False,天一天上,西宮(凶),,下吉,False,午未,開
2016-05-22,丙,申,癸,巳,甲,辰,閉,甲辰,天一天上,南,子丑寅卯,門,False,False,False,False,,False,False,False,天一天上,東宮(凶),,中吉,False,辰巳,閉
2016-05-23,丙,申,癸,巳,乙,巳,建,乙巳,天一天上,南,子丑寅卯,門,False,False,False,False,,False,False,False,天一天上,東宮(凶),,,True,辰巳,建
2016-05-24,丙,申,癸,巳,丙,午,除,丙午,天一天上,南,子丑寅卯,門,False,True,False,False,狼藉,False,False,False,天一天上,東宮(凶),,下吉,False,辰巳,除
2016-05-25,丙,申,癸,巳,丁,未,滿,丁未,天一天上,南,子丑寅卯,門,False,False,False,False,,False,False,False,天一天上,東宮(凶),,下吉,False,辰巳,滿
2016-05-26,丙,申,癸,巳,戊,申,平,戊申,天一天上,南,子丑寅卯,門,False,False,True,False,大禍,False,False,False,天一天上,東宮(凶),小土(凶),下吉,False,辰巳,平
2016-05-27,丙,申,癸,巳,己,酉,定,己酉,,南,子丑寅卯,門,False,False,False,True,,False,False,False,東北,出遊(吉),小土(凶),上吉,False,辰巳,定
2016-05-28,丙,申,癸,巳,庚,戌,執,庚戌,,南,子丑寅卯,門,False,False,False,False,,False,False,False,東北,出遊(吉),小土(凶),,False,辰巳,執
2016-05-29,丙,申,癸,巳,辛,亥,破,辛亥,,南,子丑寅卯,門,False,False,False,False,,False,False,False,東北,出遊(吉),小土(凶),下吉,True,辰巳,破
2016-05-30,丙,申,癸,巳,壬,子,危,壬子,八專,南,子丑寅卯,門,False,True,False,False,,False,True,False,東北,出遊(吉),小土(凶),,False,辰巳,危
2016-05-31,丙,申,癸,巳,癸,丑,成,癸丑,八專,南,子丑寅卯,門,False,False,False,False,,False,False,False,東北,出遊(吉),小土(凶),下吉,False,辰巳,成
2016-06-01,丙,申,癸,巳,甲,寅,收,甲寅,八專,南,子丑寅卯,門,False,False,False,False,滅門,False,True,False,東北,出遊(吉),小土(凶),下吉,False,寅卯,收
2016-06-02,丙,申,癸,巳,乙,卯,開,乙卯,八專,南,子丑寅卯,門,False,False,False,False,,False,True,False,東,出遊(吉),,下吉,False,寅卯,開
2016-06-03,丙,申,癸,巳,丙,辰,閉,丙辰,八專,南,子丑寅卯,門,False,True,False,False,,False,False,False,東,出遊(吉),,,False,寅卯,閉
2016-06-04,丙,申,癸,巳,丁,巳,建,丁巳,八專,南,子丑寅卯,門,False,False,False,False,,False,True,False,東,出遊(吉),,下吉,True,寅卯,建
2016-06-05,丙,申,甲,午,戊,午,建,戊午,八專,南,子丑寅卯,門,False,False,False,False,,False,True,False,東,出遊(吉),,,False,寅卯,建
2016-06-06,丙,申,甲,午,己,未,除,己未,八專,南,子丑寅卯,門,False,False,False,False,,False,False,False,東,出遊(吉),,下吉,False,寅卯,除
2016-06-07,丙,申,甲,午,庚,申,滿,庚申,八專,南,子丑寅卯,門,False,False,False,False,,False,True,False,東南,出遊(吉),,,False,寅卯,滿
2016-06-08,丙,申,甲,午,辛,酉,平,辛酉,八專,南,子丑寅卯,門,False,False,False,False,滅門,False,True,False,東南,出遊(吉),,下吉,False,寅卯,平
2016-06-09,丙,申,甲,午,壬,戌,定,壬戌,八專,南,子丑寅卯,門,False,False,False,False,,False,False,False,東南,出遊(吉),,,False,寅卯,定
2016-06-10,丙,申,甲,午,癸,亥,執,癸亥,八專,南,子丑寅卯,門,False,True,False,False,,False,True,False,東南,出遊(吉),,,True,寅卯,執
2016-06-11,丙,申,甲,午,甲,子,破,甲子,,南,子丑寅卯,門,False,False,False,True,狼藉,False,False,False,東南,出遊(吉),,,False,子丑,破
2016-06-12,丙,申,甲,午,乙,丑,危,乙丑,,南,子丑寅卯,門,False,False,False,False,,False,False,False,東南,出遊(吉),,,False,子丑,危
2016-06-13,丙,申,甲,午,丙,寅,成,丙寅,,南,子丑寅卯,門,False,False,False,False,,False,False,False,南,出遊(吉),,下吉,False,子丑,成
2016-06-14,丙,申,甲,午,丁,卯,收,丁卯,,南,子丑寅卯,門,False,True,True,False,大禍,False,False,False,南,出遊(吉),,下吉,False,子丑,收
2016-06-15,丙,申,甲,午,戊,辰,開,戊辰,,南,子丑寅卯,門,False,False,False,False,,False,False,True,南,出遊(吉),,,False,子丑,開
2016-06-16,丙,申,甲,午,己,巳,閉,己巳,,南,子丑寅卯,門,False,False,False,False,,False,False,False,南,出遊(吉),,,True,子丑,閉
2016-06-17,丙,申,甲,午,庚,午,建,庚午,,南,子丑寅卯,門,False,False,False,False,,False,False,False,南,出遊(吉),大土(凶),下吉,False,子丑,建
2016-06-18,丙,申,甲,午,辛,未,除,辛未,,南,子丑寅卯,門,False,False,False,False,,False,False,False,西南,出遊(吉),大土(凶),中吉,False,子丑,除
2016-06-19,丙,申,甲,午,壬,申,滿,壬申,,南,子丑寅卯,門,False,False,False,False,,False,False,False,西南,出遊(吉),大土(凶),,False,子丑,滿
2016-06-20,丙,申,甲,午,癸,酉,平,癸酉,,南,子丑寅卯,門,False,True,False,False,滅門,False,False,False,西南,出遊(吉),大土(凶),中吉,False,子丑,平
2016-06-21,丙,申,甲,午,甲,戌,定,甲戌,,南,子丑寅卯,門,False,False,False,False,,False,False,False,西南,出遊(吉),大土(凶),,False,戌亥,定
2016-06-22,丙,申,甲,午,乙,亥,執,乙亥,,南,子丑寅卯,門,False,False,False,False,,False,False,False,西南,出遊(吉),大土(凶),,True,戌亥,執
2016-06-23,丙,申,甲,午,丙,子,破,丙子,,南,子丑寅卯,門,False,False,False,True,狼藉,False,False,False,西南,出遊(吉),大土(凶),,False,戌亥,破
2016-06-24,丙,申,甲,午,丁,丑,危,丁丑,,南,子丑寅卯,門,False,True,False,False,,False,False,False,西,出遊(吉),,下吉,False,戌亥,危
2016-06-25,丙,申,甲,午,戊,寅,成,戊寅,,南,子丑寅卯,門,False,False,False,False,,False,False,False,西,出遊(吉),,下吉,False,戌亥,成
2016-06-26,丙,申,甲,午,己,卯,收,己卯,,南,子丑寅卯,門,False,False,True,False,大禍,False,False,False,西,出遊(吉),,,False,戌亥,收
2016-06-27,丙,申,甲,午,庚,辰,開,庚辰,,南,子丑寅卯,門,False,False,False,False,,False,False,False,西,出遊(吉),,下吉,False,戌亥,開
2016-06-28,丙,申,甲,午,辛,巳,閉,辛巳,,南,子丑寅卯,門,False,False,False,False,,False,False,False,西,出遊(吉),,下吉,True,戌亥,閉
2016-06-29,丙,申,甲,午,壬,午,建,壬午,,南,子丑寅卯,門,False,False,False,False,,False,False,False,西北,出遊(吉),,上吉,False,戌亥,建
2016-06-30,丙,申,甲,午,癸,未,除,癸未,,南,子丑寅卯,門,False,True,False,False,,False,False,False,西北,出遊(吉),,下吉,False,戌亥,除
2016-07-01,丙,申,甲,午,甲,申,滿,甲申,十方暮,南,子丑寅卯,門,False,False,False,False,,True,False,False,西北,出遊(吉),,上吉,False,申酉,滿
2016-07-02,丙,申,甲,午,乙,酉,平,乙酉,十方暮,南,子丑寅卯,門,False,False,False,False,滅門,True,False,False,西北,出遊(吉),,下吉,False,申酉,平
2016-07-03,丙,申,甲,午,丙,戌,定,丙戌,十方暮,南,子丑寅卯,門,False,False,False,False,,True,False,True,西北,出遊(吉),,,False,申酉,定
2016-07-04,丙,申,甲,午,丁,亥,執,丁亥,十方暮,南,子丑寅卯,門,False,True,False,False,,True,False,False,西北,出遊(吉),,,True,申酉,執
2016-07-05,丙,申,甲,午,戊,子,破,戊子,十方暮,南,子丑寅卯,門,False,False,False,True,狼藉,True,False,False,北,出遊(吉),,,False,申酉,破
2016-07-06,丙,申,甲,午,己,丑,危,己丑,十方暮,南,子丑寅卯,門,False,False,False,False,,True,False,False,北,出遊(吉),,,False,申酉,危
2016-07-07,丙,申,乙,未,庚,寅,危,庚寅,十方暮,南,子丑寅卯,門,False,False,False,False,,True,False,False,北,出遊(吉),,上吉,False,申酉,危
2016-07-08,丙,申,乙,未,辛,卯,成,辛卯,十方暮,南,子丑寅卯,門,False,False,False,True,狼藉,True,False,False,北,出遊(吉),,,False,申酉,成
2016-07-09,丙,申,乙,未,壬,辰,收,壬辰,十方暮,南,子丑寅卯,門,False,False,False,False,滅門,True,False,True,北,出遊(吉),,,False,申酉,收
2016-07-10,丙,申,乙,未,癸,巳,開,癸巳,天一天上,南,子丑寅卯,門,False,False,False,False,,True,False,False,天一天上,北宮(凶),,下吉,True,申酉,開
2016-07-11,丙,申,乙,未,甲,午,閉,甲午,天一天上,南,子丑寅卯,門,True,False,False,False,,False,False,False,天一天上,北宮(凶),,,False,午未,閉
2016-07-12,丙,申,乙,未,乙,未,建,乙未,天一天上,南,子丑寅卯,門,False,False,False,False,,False,False,True,天一天上,北宮(凶),,,False,午未,建
2016-07-13,丙,申,乙,未,丙,申,除,丙申,天一天上,南,子丑寅卯,門,False,False,False,False,,False,False,False,天一天上,北宮(凶),,,False,午未,除
2016-07-14,丙,申,乙,未,丁,酉,滿,丁酉,天一天上,南,子丑寅卯,門,False,False,True,False,,False,False,False,天一天上,北宮(凶),,上吉,False,午未,滿
2016-07-15,丙,申,乙,未,戊,戌,平,戊戌,天一天上,南,子丑寅卯,門,False,True,False,False,大禍,False,False,False,天一天上,南宮(凶),,,False,午未,平
2016-07-16,丙,申,乙,未,己,亥,定,己亥,天一天上,南,子丑寅卯,門,False,True,False,False,,False,False,False,天一天上,南宮(凶),,,True,午未,定
2016-07-17,丙,申,乙,未,庚,子,執,庚子,天一天上,南,子丑寅卯,門,False,False,False,False,,False,False,False,天一天上,南宮(凶),,中吉,False,午未,執
2016-07-18,丙,申,乙,未,辛,丑,破,辛丑,天一天上,南,子丑寅卯,門,False,False,False,False,,False,False,True,天一天上,南宮(凶),,下吉,False,午未,破
2016-07-19,丙,申,乙,未,壬,寅,危,壬寅,天一天上,南,子丑寅卯,門,False,False,False,False,,False,False,False,天一天上,南宮(凶),,中吉,False,午未,危
2016-07-20,丙,申,乙,未,癸,卯,成,癸卯,天一天上,南,子丑寅卯,門,False,False,False,True,狼藉,False,False,False,天一天上,西宮(凶),,下吉,False,午未,成
2016-07-21,丙,申,乙,未,甲,辰,收,甲辰,天一天上,南,子丑寅卯,門,False,False,False,False,滅門,False,False,False,天一天上,東宮(凶),,中吉,False,辰巳,收
2016-07-22,丙,申,乙,未,乙,巳,開,乙巳,天一天上,南,子丑寅卯,門,False,False,False,False,,False,False,False,天一天上,東宮(凶),,,True,辰巳,開
2016-07-23,丙,申,乙,未,丙,午,閉,丙午,天一天上,南,子丑寅卯,門,False,False,False,False,,False,False,False,天一天上,東宮(凶),,下吉,False,辰巳,閉
2016-07-24,丙,申,乙,未,丁,未,建,丁未,天一天上,南,子丑寅卯,門,False,False,False,False,,False,False,False,天一天上,東宮(凶),,下吉,False,辰巳,建
2016-07-25,丙,申,乙,未,戊,申,除,戊申,天一天上,南,子丑寅卯,門,False,True,False,False,,False,False,False,天一天上,東宮(凶),小土(凶),下吉,False,辰巳,除
2016-07-26,丙,申,乙,未,己,酉,滿,己酉,,南,子丑寅卯,門,False,True,True,False,,False,False,False,東北,出遊(吉),小土(凶),上吉,False,辰巳,滿
2016-07-27,丙,申,乙,未,庚,戌,平,庚戌,,南,子丑寅卯,門,False,False,False,False,大禍,False,False,False,東北,出遊(吉),小土(凶),,False,辰巳,平
2016-07-28,丙,申,乙,未,辛,亥,定,辛亥,,南,子丑寅卯,門,False,False,False,False,,False,False,False,東北,出遊(吉),小土(凶),下吉,True,辰巳,定
2016-07-29,丙,申,乙,未,壬,子,執,壬子,八專,南,子丑寅卯,門,False,False,False,False,,False,True,False,東北,出遊(吉),小土(凶),,False,辰巳,執
2016-07-30,丙,申,乙,未,癸,丑,破,癸丑,八專,南,子丑寅卯,門,False,False,False,False,,False,False,False,東北,出遊(吉),小土(凶),下吉,False,辰巳,破
2016-07-31,丙,申,乙,未,甲,寅,危,甲寅,八專,南,子丑寅卯,門,False,False,False,False,,False,True,False,東北,出遊(吉),小土(凶),下吉,False,寅卯,危
2016-08-01,丙,申,乙,未,乙,卯,成,乙卯,八專,南,子丑寅卯,門,False,False,False,True,狼藉,False,True,False,東,出遊(吉),,下吉,False,寅卯,成
2016-08-02,丙,申,乙,未,丙,辰,收,丙辰,八專,南,子丑寅卯,門,False,False,False,False,滅門,False,False,False,東,出遊(吉),,,False,寅卯,收
2016-08-03,丙,申,乙,未,丁,巳,開,丁巳,八專,南,子丑寅卯,門,False,False,False,False,,False,True,False,東,出遊(吉),,下吉,True,寅卯,開
2016-08-04,丙,申,乙,未,戊,午,閉,戊午,八專,南,子丑寅卯,門,False,True,False,False,,False,True,False,東,出遊(吉),,,False,寅卯,閉
2016-08-05,丙,申,乙,未,己,未,建,己未,八專,南,子丑寅卯,門,False,True,False,False,,False,False,False,東,出遊(吉),,下吉,False,寅卯,建
2016-08-06,丙,申,乙,未,庚,申,除,庚申,八專,南,子丑寅卯,門,False,False,False,False,,False,True,False,東南,出遊(吉),,,False,寅卯,除
2016-08-07,丙,申,丙,申,辛,酉,除,辛酉,八專,南,子丑寅卯,井,False,False,False,False,狼藉,False,True,False,東南,出遊(吉),,下吉,False,寅卯,除
2016-08-08,丙,申,丙,申,壬,戌,滿,壬戌,八專,南,子丑寅卯,井,False,False,False,False,,False,False,False,東南,出遊(吉),,,False,寅卯,滿
2016-08-09,丙,申,丙,申,癸,亥,平,癸亥,八專,南,子丑寅卯,井,False,False,False,False,滅門,False,True,False,東南,出遊(吉),,,True,寅卯,平
2016-08-10,丙,申,丙,申,甲,子,定,甲子,,南,子丑寅卯,井,False,True,False,False,,False,False,False,東南,出遊(吉),,,False,子丑,定
2016-08-11,丙,申,丙,申,乙,丑,執,乙丑,,南,子丑寅卯,井,False,False,False,False,,False,False,False,東南,出遊(吉),,,False,子丑,執
2016-08-12,丙,申,丙,申,丙,寅,破,丙寅,,南,子丑寅卯,井,False,False,False,False,,False,False,False,南,出遊(吉),,下吉,False,子丑,破
2016-08-13,丙,申,丙,申,丁,卯,危,丁卯,,南,子丑寅卯,井,False,False,False,False,,False,False,False,南,出遊(吉),,下吉,False,子丑,危
2016-08-14,丙,申,丙,申,戊,辰,成,戊辰,,南,子丑寅卯,井,False,False,True,False,,False,False,True,南,出遊(吉),,,False,子丑,成
2016-08-15,丙,申,丙,申,己,巳,收,己巳,,南,子丑寅卯,井,False,False,False,False,大禍,False,False,False,南,出遊(吉),,,True,子丑,收
2016-08-16,丙,申,丙,申,庚,午,開,庚午,,南,子丑寅卯,井,False,True,False,True,,False,False,False,南,出遊(吉),大土(凶),下吉,False,子丑,開
2016-08-17,丙,申,丙,申,辛,未,閉,辛未,,南,子丑寅卯,井,False,False,False,False,,False,False,False,西南,出遊(吉),大土(凶),中吉,False,子丑,閉
2016-08-18,丙,申,丙,申,壬,申,建,壬申,,南,子丑寅卯,井,False,False,False,False,,False,False,False,西南,出遊(吉),大土(凶),,False,子丑,建
2016-08-19,丙,申,丙,申,癸,酉,除,癸酉,,南,子丑寅卯,井,False,False,False,False,狼藉,False,False,False,西南,出遊(吉),大土(凶),中吉,False,子丑,除
2016-08-20,丙,申,丙,申,甲,戌,滿,甲戌,,南,子丑寅卯,井,False,True,False,False,,False,False,False,西南,出遊(吉),大土(凶),,False,戌亥,滿
2016-08-21,丙,申,丙,申,乙,亥,平,乙亥,,南,子丑寅卯,井,False,False,False,False,滅門,False,False,False,西南,出遊(吉),大土(凶),,True,戌亥,平
2016-08-22,丙,申,丙,申,丙,子,定,丙子,,南,子丑寅卯,井,False,False,False,False,,False,False,False,西南,出遊(吉),大土(凶),,False,戌亥,定
2016-08-23,丙,申,丙,申,丁,丑,執,丁丑,,南,子丑寅卯,井,False,False,False,False,,False,False,False,西,出遊(吉),,下吉,False,戌亥,執
2016-08-24,丙,申,丙,申,戊,寅,破,戊寅,,南,子丑寅卯,井,False,False,False,False,,False,False,False,西,出遊(吉),,下吉,False,戌亥,破
2016-08-25,丙,申,丙,申,己,卯,危,己卯,,南,子丑寅卯,井,False,False,False,False,,False,False,False,西,出遊(吉),,,False,戌亥,危
2016-08-26,丙,申,丙,申,庚,辰,成,庚辰,,南,子丑寅卯,井,False,True,True,False,,False,False,False,西,出遊(吉),,下吉,False,戌亥,成
2016-08-27,丙,申,丙,申,辛,巳,收,辛巳,,南,子丑寅卯,井,False,False,False,False,大禍,False,False,False,西,出遊(吉),,下吉,True,戌亥,收
2016-08-28,丙,申,丙,申,壬,午,開,壬午,,南,子丑寅卯,井,False,False,False,True,,False,False,False,西北,出遊(吉),,上吉,False,戌亥,開
2016-08-29,丙,申,丙,申,癸,未,閉,癸未,,南,子丑寅卯,井,False,False,False,False,,False,False,False,西北,出遊(吉),,下吉,False,戌亥,閉
2016-08-30,丙,申,丙,申,甲,申,建,甲申,十方暮,南,子丑寅卯,井,False,True,False,False,,True,False,False,西北,出遊(吉),,上吉,False,申酉,建
2016-08-31,丙,申,丙,申,乙,酉,除,乙酉,十方暮,南,子丑寅卯,井,False,False,False,False,狼藉,True,False,False,西北,出遊(吉),,下吉,False,申酉,除
2016-09-01,丙,申,丙,申,丙,戌,滿,丙戌,十方暮,南,子丑寅卯,井,False,False,False,False,,True,False,True,西北,出遊(吉),,,False,申酉,滿
2016-09-02,丙,申,丙,申,丁,亥,平,丁亥,十方暮,南,子丑寅卯,井,False,False,False,False,滅門,True,False,False,西北,出遊(吉),,,True,申酉,平
2016-09-03,丙,申,丙,申,戊,子,定,戊子,十方暮,南,子丑寅卯,井,False,False,False,False,,True,False,False,北,出遊(吉),,,False,申酉,定
2016-09-04,丙,申,丙,申,己,丑,執,己丑,十方暮,南,子丑寅卯,井,False,False,False,False,,True,False,False,北,出遊(吉),,,False,申酉,執
2016-09-05,丙,申,丙,申,庚,寅,破,庚寅,十方暮,南,子丑寅卯,井,False,True,False,False,,True,False,False,北,出遊(吉),,上吉,False,申酉,破
2016-09-06,丙,申,丙,申,辛,卯,危,辛卯,十方暮,南,子丑寅卯,井,False,False,False,False,,True,False,False,北,出遊(吉),,,False,申酉,危
2016-09-07,丙,申,丁,酉,壬,辰,危,壬辰,十方暮,南,子丑寅卯,井,False,False,False,False,,True,False,True,北,出遊(吉),,,False,申酉,危
2016-09-08,丙,申,丁,酉,癸,巳,成,癸巳,天一天上,南,子丑寅卯,井,False,False,False,False,,True,False,False,天一天上,北宮(凶),,下吉,True,申酉,成
2016-09-09,丙,申,丁,酉,甲,午,收,甲午,天一天上,南,子丑寅卯,井,False,False,False,False,滅門,False,False,False,天一天上,北宮(凶),,,False,午未,收
2016-09-10,丙,申,丁,酉,乙,未,開,乙未,天一天上,南,子丑寅卯,井,False,True,False,False,,False,False,True,天一天上,北宮(凶),,,False,午未,開
2016-09-11,丙,申,丁,酉,丙,申,閉,丙申,天一天上,南,子丑寅卯,井,False,False,False,False,,False,False,False,天一天上,北宮(凶),,,False,午未,閉
2016-09-12,丙,申,丁,酉,丁,酉,建,丁酉,天一天上,南,子丑寅卯,井,False,False,False,True,狼藉,False,False,False,天一天上,北宮(凶),,上吉,False,午未,建
2016-09-13,丙,申,丁,酉,戊,戌,除,戊戌,天一天上,南,子丑寅卯,井,False,False,True,False,,False,False,False,天一天上,南宮(凶),,,False,午未,除
2016-09-14,丙,申,丁,酉,己,亥,滿,己亥,天一天上,南,子丑寅卯,井,False,False,False,False,,False,False,False,天一天上,南宮(凶),,,True,午未,滿
2016-09-15,丙,申,丁,酉,庚,子,平,庚子,天一天上,南,子丑寅卯,井,False,False,False,False,大禍,False,False,False,天一天上,南宮(凶),,中吉,False,午未,平
2016-09-16,丙,申,丁,酉,辛,丑,定,辛丑,天一天上,南,子丑寅卯,井,False,True,False,False,,False,False,True,天一天上,南宮(凶),,下吉,False,午未,定
2016-09-17,丙,申,丁,酉,壬,寅,執,壬寅,天一天上,南,子丑寅卯,井,False,False,False,False,,False,False,False,天一天上,南宮(凶),,中吉,False,午未,執
2016-09-18,丙,申,丁,酉,癸,卯,破,癸卯,天一天上,南,子丑寅卯,井,False,False,False,False,,False,False,False,天一天上,西宮(凶),,下吉,False,午未,破
2016-09-19,丙,申,丁,酉,甲,辰,危,甲辰,天一天上,南,子丑寅卯,井,False,False,False,False,,False,False,False,天一天上,東宮(凶),,中吉,False,辰巳,危
2016-09-20,丙,申,丁,酉,乙,巳,成,乙巳,天一天上,南,子丑寅卯,井,False,True,False,False,,False,False,False,天一天上,東宮(凶),,,True,辰巳,成
2016-09-21,丙,申,丁,酉,丙,午,收,丙午,天一天上,南,子丑寅卯,井,False,False,False,False,滅門,False,False,False,天一天上,東宮(凶),,下吉,False,辰巳,收
2016-09-22,丙,申,丁,酉,丁,未,開,丁未,天一天上,南,子丑寅卯,井,False,False,False,False,,False,False,False,天一天上,東宮(凶),,下吉,False,辰巳,開
2016-09-23,丙,申,丁,酉,戊,申,閉,戊申,天一天上,南,子丑寅卯,井,True,False,False,False,,False,False,False,天一天上,東宮(凶),小土(凶),下吉,False,辰巳,閉
2016-09-24,丙,申,丁,酉,己,酉,建,己酉,,南,子丑寅卯,井,False,False,False,True,狼藉,False,False,False,東北,出遊(吉),小土(凶),上吉,False,辰巳,建
2016-09-25,丙,申,丁,酉,庚,戌,除,庚戌,,南,子丑寅卯,井,False,False,True,False,,False,False,False,東北,出遊(吉),小土(凶),,False,辰巳,除
2016-09-26,丙,申,丁,酉,辛,亥,滿,辛亥,,南,子丑寅卯,井,False,True,False,False,,False,False,False,東北,出遊(吉),小土(凶),下吉,True,辰巳,滿
2016-09-27,丙,申,丁,酉,壬,子,平,壬子,八專,南,子丑寅卯,井,False,False,False,False,大禍,False,True,False,東北,出遊(吉),小土(凶),,False,辰巳,平
2016-09-28,丙,申,丁,酉,癸,丑,定,癸丑,八專,南,子丑寅卯,井,False,False,False,False,,False,False,False,東北,出遊(吉),小土(凶),下吉,False,辰巳,定
2016-09-29,丙,申,丁,酉,甲,寅,執,甲寅,八專,南,子丑寅卯,井,False,False,False,False,,False,True,False,東北,出遊(吉),小土(凶),下吉,False,寅卯,執
2016-09-30,丙,申,丁,酉,乙,卯,破,乙卯,八專,南,子丑寅卯,井,False,True,False,False,,False,True,False,東,出遊(吉),,下吉,False,寅卯,破
2016-10-01,丙,申,丁,酉,丙,辰,危,丙辰,八專,南,子丑寅卯,井,False,False,False,False,,False,False,False,東,出遊(吉),,,False,寅卯,危
2016-10-02,丙,申,丁,酉,丁,巳,成,丁巳,八專,南,子丑寅卯,井,False,False,False,False,,False,True,False,東,出遊(吉),,下吉,True,寅卯,成
2016-10-03,丙,申,丁,酉,戊,午,收,戊午,八專,南,子丑寅卯,井,False,False,False,False,滅門,False,True,False,東,出遊(吉),,,False,寅卯,收
2016-10-04,丙,申,丁,酉,己,未,開,己未,八專,南,子丑寅卯,井,False,False,False,False,,False,False,False,東,出遊(吉),,下吉,False,寅卯,開
2016-10-05,丙,申,丁,酉,庚,申,閉,庚申,八專,南,子丑寅卯,井,False,False,False,False,,False,True,False,東南,出遊(吉),,,False,寅卯,閉
2016-10-06,丙,申,丁,酉,辛,酉,建,辛酉,八專,南,子丑寅卯,井,False,True,False,True,狼藉,False,True,False,東南,出遊(吉),,下吉,False,寅卯,建
2016-10-07,丙,申,丁,酉,壬,戌,除,壬戌,八專,南,子丑寅卯,井,False,False,True,False,,False,False,False,東南,出遊(吉),,,False,寅卯,除
2016-10-08,丙,申,戊,戌,癸,亥,除,癸亥,八專,南,子丑寅卯,井,False,False,False,False,,False,True,False,東南,出遊(吉),,,True,寅卯,除
2016-10-09,丙,申,戊,戌,甲,子,滿,甲子,,南,子丑寅卯,井,False,False,False,True,,False,False,False,東南,出遊(吉),,,False,子丑,滿
2016-10-10,丙,申,戊,戌,乙,丑,平,乙丑,,南,子丑寅卯,井,False,False,False,False,滅門,False,False,False,東南,出遊(吉),,,False,子丑,平
2016-10-11,丙,申,戊,戌,丙,寅,定,丙寅,,南,子丑寅卯,井,False,False,False,False,,False,False,False,南,出遊(吉),,下吉,False,子丑,定
2016-10-12,丙,申,戊,戌,丁,卯,執,丁卯,,南,子丑寅卯,井,False,False,False,False,狼藉,False,False,False,南,出遊(吉),,下吉,False,子丑,執
2016-10-13,丙,申,戊,戌,戊,辰,破,戊辰,,南,子丑寅卯,井,False,True,False,False,,False,False,True,南,出遊(吉),,,False,子丑,破
2016-10-14,丙,申,戊,戌,己,巳,危,己巳,,南,子丑寅卯,井,False,True,True,False,,False,False,False,南,出遊(吉),,,True,子丑,危
2016-10-15,丙,申,戊,戌,庚,午,成,庚午,,南,子丑寅卯,井,False,False,False,False,,False,False,False,南,出遊(吉),大土(凶),下吉,False,子丑,成
2016-10-16,丙,申,戊,戌,辛,未,收,辛未,,南,子丑寅卯,井,False,False,False,False,大禍,False,False,False,西南,出遊(吉),大土(凶),中吉,False,子丑,收
2016-10-17,丙,申,戊,戌,壬,申,開,壬申,,南,子丑寅卯,井,False,False,False,False,,False,False,False,西南,出遊(吉),大土(凶),,False,子丑,開
2016-10-18,丙,申,戊,戌,癸,酉,閉,癸酉,,南,子丑寅卯,井,False,False,False,False,,False,False,False,西南,出遊(吉),大土(凶),中吉,False,子丑,閉
2016-10-19,丙,申,戊,戌,甲,戌,建,甲戌,,南,子丑寅卯,井,False,False,False,False,,False,False,False,西南,出遊(吉),大土(凶),,False,戌亥,建
2016-10-20,丙,申,戊,戌,乙,亥,除,乙亥,,南,子丑寅卯,井,False,False,False,False,,False,False,False,西南,出遊(吉),大土(凶),,True,戌亥,除
2016-10-21,丙,申,戊,戌,丙,子,滿,丙子,,南,子丑寅卯,井,False,False,False,True,,False,False,False,西南,出遊(吉),大土(凶),,False,戌亥,滿
2016-10-22,丙,申,戊,戌,丁,丑,平,丁丑,,南,子丑寅卯,井,False,False,False,False,滅門,False,False,False,西,出遊(吉),,下吉,False,戌亥,平
2016-10-23,丙,申,戊,戌,戊,寅,定,戊寅,,南,子丑寅卯,井,False,True,False,False,,False,False,False,西,出遊(吉),,下吉,False,戌亥,定
2016-10-24,丙,申,戊,戌,己,卯,執,己卯,,南,子丑寅卯,井,False,True,False,False,狼藉,False,False,False,西,出遊(吉),,,False,戌亥,執
2016-10-25,丙,申,戊,戌,庚,辰,破,庚辰,,南,子丑寅卯,井,False,False,False,False,,False,False,False,西,出遊(吉),,下吉,False,戌亥,破
2016-10-26,丙,申,戊,戌,辛,巳,危,辛巳,,南,子丑寅卯,井,False,False,True,False,,False,False,False,西,出遊(吉),,下吉,True,戌亥,危
2016-10-27,丙,申,戊,戌,壬,午,成,壬午,,南,子丑寅卯,井,False,False,False,False,,False,False,False,西北,出遊(吉),,上吉,False,戌亥,成
2016-10-28,丙,申,戊,戌,癸,未,收,癸未,,南,子丑寅卯,井,False,False,False,False,大禍,False,False,False,西北,出遊(吉),,下吉,False,戌亥,收
2016-10-29,丙,申,戊,戌,甲,申,開,甲申,十方暮,南,子丑寅卯,井,False,False,False,False,,True,False,False,西北,出遊(吉),,上吉,False,申酉,開
2016-10-30,丙,申,戊,戌,乙,酉,閉,乙酉,十方暮,南,子丑寅卯,井,False,False,False,False,,True,False,False,西北,出遊(吉),,下吉,False,申酉,閉
2016-10-31,丙,申,戊,戌,丙,戌,建,丙戌,十方暮,南,子丑寅卯,井,False,False,False,False,,True,False,True,西北,出遊(吉),,,False,申酉,建
2016-11-01,丙,申,戊,戌,丁,亥,除,丁亥,十方暮,南,子丑寅卯,井,False,False,False,False,,True,False,False,西北,出遊(吉),,,True,申酉,除
2016-11-02,丙,申,戊,戌,戊,子,滿,戊子,十方暮,南,子丑寅卯,井,False,True,False,True,,True,False,False,北,出遊(吉),,,False,申酉,滿
2016-11-03,丙,申,戊,戌,己,丑,平,己丑,十方暮,南,子丑寅卯,井,False,True,False,False,滅門,True,False,False,北,出遊(吉),,,False,申酉,平
2016-11-04,丙,申,戊,戌,庚,寅,定,庚寅,十方暮,南,子丑寅卯,井,False,False,False,False,,True,False,False,北,出遊(吉),,上吉,False,申酉,定
2016-11-05,丙,申,戊,戌,辛,卯,執,辛卯,十方暮,南,子丑寅卯,井,False,False,False,False,狼藉,True,False,False,北,出遊(吉),,,False,申酉,執
2016-11-06,丙,申,戊,戌,壬,辰,破,壬辰,十方暮,南,子丑寅卯,井,False,False,False,False,,True,False,True,北,出遊(吉),,,False,申酉,破
2016-11-07,丙,申,己,亥,癸,巳,破,癸巳,天一天上,南,子丑寅卯,庭,False,False,False,False,,True,False,False,天一天上,北宮(凶),,下吉,True,申酉,破
2016-11-08,丙,申,己,亥,甲,午,危,甲午,天一天上,南,子丑寅卯,庭,False,False,False,False,,False,False,False,天一天上,北宮(凶),,,False,午未,危
2016-11-09,丙,申,己,亥,乙,未,成,乙未,天一天上,南,子丑寅卯,庭,False,False,False,False,,False,False,True,天一天上,北宮(凶),,,False,午未,成
2016-11-10,丙,申,己,亥,丙,申,收,丙申,天一天上,南,子丑寅卯,庭,False,True,False,False,滅門,False,False,False,天一天上,北宮(凶),,,False,午未,收
2016-11-11,丙,申,己,亥,丁,酉,開,丁酉,天一天上,南,子丑寅卯,庭,False,False,False,False,,False,False,False,天一天上,北宮(凶),,上吉,False,午未,開
2016-11-12,丙,申,己,亥,戊,戌,閉,戊戌,天一天上,南,子丑寅卯,庭,False,False,False,False,,False,False,False,天一天上,南宮(凶),,,False,午未,閉
2016-11-13,丙,申,己,亥,己,亥,建,己亥,天一天上,南,子丑寅卯,庭,False,False,True,False,,False,False,False,天一天上,南宮(凶),,,True,午未,建
2016-11-14,丙,申,己,亥,庚,子,除,庚子,天一天上,南,子丑寅卯,庭,False,False,False,False,,False,False,False,天一天上,南宮(凶),,中吉,False,午未,除
2016-11-15,丙,申,己,亥,辛,丑,滿,辛丑,天一天上,南,子丑寅卯,庭,False,False,False,False,,False,False,True,天一天上,南宮(凶),,下吉,False,午未,滿
2016-11-16,丙,申,己,亥,壬,寅,平,壬寅,天一天上,南,子丑寅卯,庭,False,True,False,False,大禍,False,False,False,天一天上,南宮(凶),,中吉,False,午未,平
2016-11-17,丙,申,己,亥,癸,卯,定,癸卯,天一天上,南,子丑寅卯,庭,False,False,False,True,狼藉,False,False,False,天一天上,西宮(凶),,下吉,False,午未,定
2016-11-18,丙,申,己,亥,甲,辰,執,甲辰,天一天上,南,子丑寅卯,庭,False,False,False,False,,False,False,False,天一天上,東宮(凶),,中吉,False,辰巳,執
2016-11-19,丙,申,己,亥,乙,巳,破,乙巳,天一天上,南,子丑寅卯,庭,False,False,False,False,,False,False,False,天一天上,東宮(凶),,,True,辰巳,破
2016-11-20,丙,申,己,亥,丙,午,危,丙午,天一天上,南,子丑寅卯,庭,False,True,False,False,,False,False,False,天一天上,東宮(凶),,下吉,False,辰巳,危
2016-11-21,丙,申,己,亥,丁,未,成,丁未,天一天上,南,子丑寅卯,庭,False,False,False,False,,False,False,False,天一天上,東宮(凶),,下吉,False,辰巳,成
2016-11-22,丙,申,己,亥,戊,申,收,戊申,天一天上,南,子丑寅卯,庭,False,False,False,False,滅門,False,False,False,天一天上,東宮(凶),小土(凶),下吉,False,辰巳,收
2016-11-23,丙,申,己,亥,己,酉,開,己酉,,南,子丑寅卯,庭,False,False,False,False,,False,False,False,東北,出遊(吉),小土(凶),上吉,False,辰巳,開
2016-11-24,丙,申,己,亥,庚,戌,閉,庚戌,,南,子丑寅卯,庭,False,False,False,False,,False,False,False,東北,出遊(吉),小土(凶),,False,辰巳,閉
2016-11-25,丙,申,己,亥,辛,亥,建,辛亥,,南,子丑寅卯,庭,False,False,True,False,,False,False,False,東北,出遊(吉),小土(凶),下吉,True,辰巳,建
2016-11-26,丙,申,己,亥,壬,子,除,壬子,八專,南,子丑寅卯,庭,False,True,False,False,,False,True,False,東北,出遊(吉),小土(凶),,False,辰巳,除
2016-11-27,丙,申,己,亥,癸,丑,滿,癸丑,八專,南,子丑寅卯,庭,False,False,False,False,,False,False,False,東北,出遊(吉),小土(凶),下吉,False,辰巳,滿
2016-11-28,丙,申,己,亥,甲,寅,平,甲寅,八專,南,子丑寅卯,庭,False,False,False,False,大禍,False,True,False,東北,出遊(吉),小土(凶),下吉,False,寅卯,平
2016-11-29,丙,申,己,亥,乙,卯,定,乙卯,八專,南,子丑寅卯,庭,False,False,False,True,狼藉,False,True,False,東,出遊(吉),,下吉,False,寅卯,定
2016-11-30,丙,申,己,亥,丙,辰,執,丙辰,八專,南,子丑寅卯,庭,False,True,False,False,,False,False,False,東,出遊(吉),,,False,寅卯,執
2016-12-01,丙,申,己,亥,丁,巳,破,丁巳,八專,南,子丑寅卯,庭,False,False,False,False,,False,True,False,東,出遊(吉),,下吉,True,寅卯,破
2016-12-02,丙,申,己,亥,戊,午,危,戊午,八專,南,子丑寅卯,庭,False,False,False,False,,False,True,False,東,出遊(吉),,,False,寅卯,危
2016-12-03,丙,申,己,亥,己,未,成,己未,八專,南,子丑寅卯,庭,False,False,False,False,,False,False,False,東,出遊(吉),,下吉,False,寅卯,成
2016-12-04,丙,申,己,亥,庚,申,收,庚申,八專,南,子丑寅卯,庭,False,False,False,False,滅門,False,True,False,東南,出遊(吉),,,False,寅卯,收
2016-12-05,丙,申,己,亥,辛,酉,開,辛酉,八專,南,子丑寅卯,庭,False,False,False,False,,False,True,False,東南,出遊(吉),,下吉,False,寅卯,開
2016-12-06,丙,申,己,亥,壬,戌,閉,壬戌,八專,南,子丑寅卯,庭,False,True,False,False,,False,False,False,東南,出遊(吉),,,False,寅卯,閉
2016-12-07,丙,申,庚,子,癸,亥,閉,癸亥,八專,南,子丑寅卯,庭,False,True,False,False,,False,True,False,東南,出遊(吉),,,True,寅卯,閉
2016-12-08,丙,申,庚,子,甲,子,建,甲子,,南,子丑寅卯,庭,True,False,False,False,,False,False,False,東南,出遊(吉),,,False,子丑,建
2016-12-09,丙,申,庚,子,乙,丑,除,乙丑,,南,子丑寅卯,庭,False,False,False,False,,False,False,False,東南,出遊(吉),,,False,子丑,除
2016-12-10,丙,申,庚,子,丙,寅,滿,丙寅,,南,子丑寅卯,庭,False,False,False,False,,False,False,False,南,出遊(吉),,下吉,False,子丑,滿
2016-12-11,丙,申,庚,子,丁,卯,平,丁卯,,南,子丑寅卯,庭,False,True,False,False,滅門,False,False,False,南,出遊(吉),,下吉,False,子丑,平
2016-12-12,丙,申,庚,子,戊,辰,定,戊辰,,南,子丑寅卯,庭,False,False,False,False,,False,False,True,南,出遊(吉),,,False,子丑,定
2016-12-13,丙,申,庚,子,己,巳,執,己巳,,南,子丑寅卯,庭,False,False,False,False,,False,False,False,南,出遊(吉),,,True,子丑,執
2016-12-14,丙,申,庚,子,庚,午,破,庚午,,南,子丑寅卯,庭,False,False,True,True,狼藉,False,False,False,南,出遊(吉),大土(凶),下吉,False,子丑,破
2016-12-15,丙,申,庚,子,辛,未,危,辛未,,南,子丑寅卯,庭,False,False,False,False,,False,False,False,西南,出遊(吉),大土(凶),中吉,False,子丑,危
2016-12-16,丙,申,庚,子,壬,申,成,壬申,,南,子丑寅卯,庭,False,False,False,False,,False,False,False,西南,出遊(吉),大土(凶),,False,子丑,成
2016-12-17,丙,申,庚,子,癸,酉,收,癸酉,,南,子丑寅卯,庭,False,True,False,False,大禍,False,False,False,西南,出遊(吉),大土(凶),中吉,False,子丑,收
2016-12-18,丙,申,庚,子,甲,戌,開,甲戌,,南,子丑寅卯,庭,False,False,False,False,,False,False,False,西南,出遊(吉),大土(凶),,False,戌亥,開
2016-12-19,丙,申,庚,子,乙,亥,閉,乙亥,,南,子丑寅卯,庭,False,False,False,False,,False,False,False,西南,出遊(吉),大土(凶),,True,戌亥,閉
2016-12-20,丙,申,庚,子,丙,子,建,丙子,,南,子丑寅卯,庭,False,False,False,False,,False,False,False,西南,出遊(吉),大土(凶),,False,戌亥,建
2016-12-21,丙,申,庚,子,丁,丑,除,丁丑,,南,子丑寅卯,庭,False,True,False,False,,False,False,False,西,出遊(吉),,下吉,False,戌亥,除
2016-12-22,丙,申,庚,子,戊,寅,滿,戊寅,,南,子丑寅卯,庭,False,False,False,False,,False,False,False,西,出遊(吉),,下吉,False,戌亥,滿
2016-12-23,丙,申,庚,子,己,卯,平,己卯,,南,子丑寅卯,庭,False,False,False,False,滅門,False,False,False,西,出遊(吉),,,False,戌亥,平
2016-12-24,丙,申,庚,子,庚,辰,定,庚辰,,南,子丑寅卯,庭,False,False,False,False,,False,False,False,西,出遊(吉),,下吉,False,戌亥,定
2016-12-25,丙,申,庚,子,辛,巳,執,辛巳,,南,子丑寅卯,庭,False,False,False,False,,False,False,False,西,出遊(吉),,下吉,True,戌亥,執
2016-12-26,丙,申,庚,子,壬,午,破,壬午,,南,子丑寅卯,庭,False,False,True,True,狼藉,False,False,False,西北,出遊(吉),,上吉,False,戌亥,破
2016-12-27,丙,申,庚,子,癸,未,危,癸未,,南,子丑寅卯,庭,False,True,False,False,,False,False,False,西北,出遊(吉),,下吉,False,戌亥,危
2016-12-28,丙,申,庚,子,甲,申,成,甲申,十方暮,南,子丑寅卯,庭,False,False,False,False,,True,False,False,西北,出遊(吉),,上吉,False,申酉,成
2016-12-29,丙,申,庚,子,乙,酉,收,乙酉,十方暮,南,子丑寅卯,庭,False,False,False,False,大禍,True,False,False,西北,出遊(吉),,下吉,False,申酉,收
2016-12-30,丙,申,庚,子,丙,戌,開,丙戌,十方暮,南,子丑寅卯,庭,False,False,False,False,,True,False,True,西北,出遊(吉),,,False,申酉,開
2016-12-31,丙,申,庚,子,丁,亥,閉,丁亥,十方暮,南,子丑寅卯,庭,False,True,False,False,,True,False,False,西北,出遊(吉),,,True,申酉,閉
2017-01-01,丙,申,庚,子,戊,子,建,戊子,十方暮,南,子丑寅卯,庭,False,False,False,False,,True,False,False,北,出遊(吉),,,False,申酉,建
2017-01-02,丙,申,庚,子,己,丑,除,己丑,十方暮,南,子丑寅卯,庭,False,False,False,False,,True,False,False,北,出遊(吉),,,False,申酉,除
2017-01-03,丙,申,庚,子,庚,寅,滿,庚寅,十方暮,南,子丑寅卯,庭,False,False,False,False,,True,False,False,北,出遊(吉),,上吉,False,申酉,滿
2017-01-04,丙,申,庚,子,辛,卯,平,辛卯,十方暮,南,子丑寅卯,庭,False,False,False,False,滅門,True,False,False,北,出遊(吉),,,False,申酉,平
2017-01-05,丙,申,辛,丑,壬,辰,平,壬辰,十方暮,南,子丑寅卯,庭,False,False,False,False,大禍,True,False,True,北,出遊(吉),,,False,申酉,平
2017-01-06,丙,申,辛,丑,癸,巳,定,癸巳,天一天上,南,子丑寅卯,庭,False,False,False,False,,True,False,False,天一天上,北宮(凶),,下吉,True,申酉,定
2017-01-07,丙,申,辛,丑,甲,午,執,甲午,天一天上,南,子丑寅卯,庭,False,False,False,False,,False,False,False,天一天上,北宮(凶),,,False,午未,執
2017-01-08,丙,申,辛,丑,乙,未,破,乙未,天一天上,南,子丑寅卯,庭,False,False,False,False,,False,False,True,天一天上,北宮(凶),,,False,午未,破
2017-01-09,丙,申,辛,丑,丙,申,危,丙申,天一天上,南,子丑寅卯,庭,False,False,False,False,,False,False,False,天一天上,北宮(凶),,,False,午未,危
2017-01-10,丙,申,辛,丑,丁,酉,成,丁酉,天一天上,南,子丑寅卯,庭,False,False,False,True,狼藉,False,False,False,天一天上,北宮(凶),,上吉,False,午未,成
2017-01-11,丙,申,辛,丑,戊,戌,收,戊戌,天一天上,南,子丑寅卯,庭,False,True,False,False,滅門,False,False,False,天一天上,南宮(凶),,,False,午未,收
2017-01-12,丙,申,辛,丑,己,亥,開,己亥,天一天上,南,子丑寅卯,庭,False,True,False,False,,False,False,False,天一天上,南宮(凶),,,True,午未,開
2017-01-13,丙,申,辛,丑,庚,子,閉,庚子,天一天上,南,子丑寅卯,庭,False,False,True,False,,False,False,False,天一天上,南宮(凶),,中吉,False,午未,閉
2017-01-14,丙,申,辛,丑,辛,丑,建,辛丑,天一天上,南,子丑寅卯,庭,False,False,False,False,,False,False,True,天一天上,南宮(凶),,下吉,False,午未,建
2017-01-15,丙,申,辛,丑,壬,寅,除,壬寅,天一天上,南,子丑寅卯,庭,False,False,False,False,,False,False,False,天一天上,南宮(凶),,中吉,False,午未,除
2017-01-16,丙,申,辛,丑,癸,卯,滿,癸卯,天一天上,南,子丑寅卯,庭,False,False,False,False,,False,False,False,天一天上,西宮(凶),,下吉,False,午未,滿
2017-01-17,丙,申,辛,丑,甲,辰,平,甲辰,天一天上,南,子丑寅卯,庭,False,False,False,False,大禍,False,False,False,天一天上,東宮(凶),,中吉,False,辰巳,平
2017-01-18,丙,申,辛,丑,乙,巳,定,乙巳,天一天上,南,子丑寅卯,庭,False,False,False,False,,False,False,False,天一天上,東宮(凶),,,True,辰巳,定
2017-01-19,丙,申,辛,丑,丙,午,執,丙午,天一天上,南,子丑寅卯,庭,False,False,False,False,,False,False,False,天一天上,東宮(凶),,下吉,False,辰巳,執
2017-01-20,丙,申,辛,丑,丁,未,破,丁未,天一天上,南,子丑寅卯,庭,False,False,False,False,,False,False,False,天一天上,東宮(凶),,下吉,False,辰巳,破
2017-01-21,丙,申,辛,丑,戊,申,危,戊申,天一天上,南,子丑寅卯,庭,False,True,False,False,,False,False,False,天一天上,東宮(凶),小土(凶),下吉,False,辰巳,危
2017-01-22,丙,申,辛,丑,己,酉,成,己酉,,南,子丑寅卯,庭,False,True,False,True,狼藉,False,False,False,東北,出遊(吉),小土(凶),上吉,False,辰巳,成
2017-01-23,丙,申,辛,丑,庚,戌,收,庚戌,,南,子丑寅卯,庭,False,False,False,False,滅門,False,False,False,東北,出遊(吉),小土(凶),,False,辰巳,收
2017-01-24,丙,申,辛,丑,辛,亥,開,辛亥,,南,子丑寅卯,庭,False,False,False,False,,False,False,False,東北,出遊(吉),小土(凶),下吉,True,辰巳,開
2017-01-25,丙,申,辛,丑,壬,子,閉,壬子,八專,南,子丑寅卯,庭,False,False,True,False,,False,True,False,東北,出遊(吉),小土(凶),,False,辰巳,閉
2017-01-26,丙,申,辛,丑,癸,丑,建,癸丑,八專,南,子丑寅卯,庭,False,False,False,False,,False,False,False,東北,出遊(吉),小土(凶),下吉,False,辰巳,建
2017-01-27,丙,申,辛,丑,甲,寅,除,甲寅,八專,南,子丑寅卯,庭,False,False,False,False,,False,True,False,東北,出遊(吉),小土(凶),下吉,False,寅卯,除
2017-01-28,丁,酉,辛,丑,乙,卯,滿,乙卯,八專,南,寅卯戌亥,庭,False,False,False,False,,False,True,False,東,出遊(吉),,下吉,False,寅卯,滿
2017-01-29,丁,酉,辛,丑,丙,辰,平,丙辰,八專,南,寅卯戌亥,庭,False,False,False,False,大禍,False,False,False,東,出遊(吉),,,False,寅卯,平
2017-01-30,丁,酉,辛,丑,丁,巳,定,丁巳,八專,南,寅卯戌亥,庭,False,False,False,False,,False,True,False,東,出遊(吉),,下吉,True,寅卯,定
2017-01-31,丁,酉,辛,丑,戊,午,執,戊午,八專,南,寅卯戌亥,庭,False,True,False,False,,False,True,False,東,出遊(吉),,,False,寅卯,執
2017-02-01,丁,酉,辛,丑,己,未,破,己未,八專,南,寅卯戌亥,庭,False,True,False,False,,False,False,False,東,出遊(吉),,下吉,False,寅卯,破
2017-02-02,丁,酉,辛,丑,庚,申,危,庚申,八專,南,寅卯戌亥,庭,False,False,False,False,,False,True,False,東南,出遊(吉),,,False,寅卯,危
2017-02-03,丁,酉,壬,寅,辛,酉,危,辛酉,八專,南,寅卯戌亥,灶,False,False,False,False,,False,True,False,東南,出遊(吉),,下吉,False,寅卯,危
2017-02-04,丁,酉,壬,寅,壬,戌,成,壬戌,八專,南,寅卯戌亥,灶,False,False,False,False,,False,False,False,東南,出遊(吉),,,False,寅卯,成
2017-02-05,丁,酉,壬,寅,癸,亥,收,癸亥,八專,南,寅卯戌亥,灶,False,False,False,False,大禍,False,True,False,東南,出遊(吉),,,True,寅卯,收
2017-02-06,丁,酉,壬,寅,甲,子,開,甲子,,南,寅卯戌亥,灶,False,True,False,True,狼藉,False,False,False,東南,出遊(吉),,,False,子丑,開
2017-02-07,丁,酉,壬,寅,乙,丑,閉,乙丑,,南,寅卯戌亥,灶,False,False,True,False,,False,False,False,東南,出遊(吉),,,False,子丑,閉
2017-02-08,丁,酉,壬,寅,丙,寅,建,丙寅,,南,寅卯戌亥,灶,False,False,False,False,,False,False,False,南,出遊(吉),,下吉,False,子丑,建
2017-02-09,丁,酉,壬,寅,丁,卯,除,丁卯,,南,寅卯戌亥,灶,False,False,False,False,,False,False,False,南,出遊(吉),,下吉,False,子丑,除
2017-02-10,丁,酉,壬,寅,戊,辰,滿,戊辰,,南,寅卯戌亥,灶,False,False,False,False,,False,False,True,南,出遊(吉),,,False,子丑,滿
2017-02-11,丁,酉,壬,寅,己,巳,平,己巳,,南,寅卯戌亥,灶,False,False,False,False,滅門,False,False,False,南,出遊(吉),,,True,子丑,平
2017-02-12,丁,酉,壬,寅,庚,午,定,庚午,,南,寅卯戌亥,灶,False,True,False,False,,False,False,False,南,出遊(吉),大土(凶),下吉,False,子丑,定
2017-02-13,丁,酉,壬,寅,辛,未,執,辛未,,南,寅卯戌亥,灶,False,False,False,False,,False,False,False,西南,出遊(吉),大土(凶),中吉,False,子丑,執
2017-02-14,丁,酉,壬,寅,壬,申,破,壬申,,南,寅卯戌亥,灶,False,False,False,False,,False,False,False,西南,出遊(吉),大土(凶),,False,子丑,破
2017-02-15,丁,酉,壬,寅,癸,酉,危,癸酉,,南,寅卯戌亥,灶,False,False,False,False,,False,False,False,西南,出遊(吉),大土(凶),中吉,False,子丑,危
2017-02-16,丁,酉,壬,寅,甲,戌,成,甲戌,,南,寅卯戌亥,灶,False,True,False,False,,False,False,False,西南,出遊(吉),大土(凶),,False,戌亥,成
2017-02-17,丁,酉,壬,寅,乙,亥,收,乙亥,,南,寅卯戌亥,灶,False,False,False,False,大禍,False,False,False,西南,出遊(吉),大土(凶),,True,戌亥,收
2017-02-18,丁,酉,壬,寅,丙,子,開,丙子,,南,寅卯戌亥,灶,False,False,False,True,狼藉,False,False,False,西南,出遊(吉),大土(凶),,False,戌亥,開
2017-02-19,丁,酉,壬,寅,丁,丑,閉,丁丑,,南,寅卯戌亥,灶,False,False,True,False,,False,False,False,西,出遊(吉),,下吉,False,戌亥,閉
2017-02-20,丁,酉,壬,寅,戊,寅,建,戊寅,,南,寅卯戌亥,灶,True,False,False,False,,False,False,False,西,出遊(吉),,下吉,False,戌亥,建
2017-02-21,丁,酉,壬,寅,己,卯,除,己卯,,南,寅卯戌亥,灶,False,False,False,False,,False,False,False,西,出遊(吉),,,False,戌亥,除
2017-02-22,丁,酉,壬,寅,庚,辰,滿,庚辰,,南,寅卯戌亥,灶,False,True,False,False,,False,False,False,西,出遊(吉),,下吉,False,戌亥,滿
2017-02-23,丁,酉,壬,寅,辛,巳,平,辛巳,,南,寅卯戌亥,灶,False,False,False,False,滅門,False,False,False,西,出遊(吉),,下吉,True,戌亥,平
2017-02-24,丁,酉,壬,寅,壬,午,定,壬午,,南,寅卯戌亥,灶,False,False,False,False,,False,False,False,西北,出遊(吉),,上吉,False,戌亥,定
2017-02-25,丁,酉,壬,寅,癸,未,執,癸未,,南,寅卯戌亥,灶,False,False,False,False,,False,False,False,西北,出遊(吉),,下吉,False,戌亥,執
2017-02-26,丁,酉,壬,寅,甲,申,破,甲申,十方暮,南,寅卯戌亥,灶,False,True,False,False,,True,False,False,西北,出遊(吉),,上吉,False,申酉,破
2017-02-27,丁,酉,壬,寅,乙,酉,危,乙酉,十方暮,南,寅卯戌亥,灶,False,False,False,False,,True,False,False,西北,出遊(吉),,下吉,False,申酉,危
2017-02-28,丁,酉,壬,寅,丙,戌,成,丙戌,十方暮,南,寅卯戌亥,灶,False,False,False,False,,True,False,True,西北,出遊(吉),,,False,申酉,成
2017-03-01,丁,酉,壬,寅,丁,亥,收,丁亥,十方暮,南,寅卯戌亥,灶,False,False,False,False,大禍,True,False,False,西北,出遊(吉),,,True,申酉,收
2017-03-02,丁,酉,壬,寅,戊,子,開,戊子,十方暮,南,寅卯戌亥,灶,False,False,False,True,狼藉,True,False,False,北,出遊(吉),,,False,申酉,開
2017-03-03,丁,酉,壬,寅,己,丑,閉,己丑,十方暮,南,寅卯戌亥,灶,False,False,True,False,,True,False,False,北,出遊(吉),,,False,申酉,閉
2017-03-04,丁,酉,壬,寅,庚,寅,建,庚寅,十方暮,南,寅卯戌亥,灶,False,True,False,False,,True,False,False,北,出遊(吉),,上吉,False,申酉,建
2017-03-05,丁,酉,癸,卯,辛,卯,建,辛卯,十方暮,南,寅卯戌亥,灶,False,True,False,True,狼藉,True,False,False,北,出遊(吉),,,False,申酉,建
2017-03-06,丁,酉,癸,卯,壬,辰,除,壬辰,十方暮,南,寅卯戌亥,灶,False,False,False,False,,True,False,True,北,出遊(吉),,,False,申酉,除
2017-03-07,丁,酉,癸,卯,癸,巳,滿,癸巳,天一天上,南,寅卯戌亥,灶,False,False,False,False,,True,False,False,天一天上,北宮(凶),,下吉,True,申酉,滿
2017-03-08,丁,酉,癸,卯,甲,午,平,甲午,天一天上,南,寅卯戌亥,灶,False,False,False,False,大禍,False,False,False,天一天上,北宮(凶),,,False,午未,平
2017-03-09,丁,酉,癸,卯,乙,未,定,乙未,天一天上,南,寅卯戌亥,灶,False,True,True,False,,False,False,True,天一天上,北宮(凶),,,False,午未,定
2017-03-10,丁,酉,癸,卯,丙,申,執,丙申,天一天上,南,寅卯戌亥,灶,False,False,False,False,,False,False,False,天一天上,北宮(凶),,,False,午未,執
2017-03-11,丁,酉,癸,卯,丁,酉,破,丁酉,天一天上,南,寅卯戌亥,灶,False,False,False,False,,False,False,False,天一天上,北宮(凶),,上吉,False,午未,破
2017-03-12,丁,酉,癸,卯,戊,戌,危,戊戌,天一天上,南,寅卯戌亥,灶,False,False,False,False,,False,False,False,天一天上,南宮(凶),,,False,午未,危
2017-03-13,丁,酉,癸,卯,己,亥,成,己亥,天一天上,南,寅卯戌亥,灶,False,False,False,False,,False,False,False,天一天上,南宮(凶),,,True,午未,成
2017-03-14,丁,酉,癸,卯,庚,子,收,庚子,天一天上,南,寅卯戌亥,灶,False,False,False,False,滅門,False,False,False,天一天上,南宮(凶),,中吉,False,午未,收
2017-03-15,丁,酉,癸,卯,辛,丑,開,辛丑,天一天上,南,寅卯戌亥,灶,False,True,False,False,,False,False,True,天一天上,南宮(凶),,下吉,False,午未,開
2017-03-16,丁,酉,癸,卯,壬,寅,閉,壬寅,天一天上,南,寅卯戌亥,灶,False,False,False,False,,False,False,False,天一天上,南宮(凶),,中吉,False,午未,閉
2017-03-17,丁,酉,癸,卯,癸,卯,建,癸卯,天一天上,南,寅卯戌亥,灶,False,False,False,True,狼藉,False,False,False,天一天上,西宮(凶),,下吉,False,午未,建
2017-03-18,丁,酉,癸,卯,甲,辰,除,甲辰,天一天上,南,寅卯戌亥,灶,False,False,False,False,,False,False,False,天一天上,東宮(凶),,中吉,False,辰巳,除
2017-03-19,丁,酉,癸,卯,乙,巳,滿,乙巳,天一天上,南,寅卯戌亥,灶,False,True,False,False,,False,False,False,天一天上,東宮(凶),,,True,辰巳,滿
2017-03-20,丁,酉,癸,卯,丙,午,平,丙午,天一天上,南,寅卯戌亥,灶,False,False,False,False,大禍,False,False,False,天一天上,東宮(凶),,下吉,False,辰巳,平
2017-03-21,丁,酉,癸,卯,丁,未,定,丁未,天一天上,南,寅卯戌亥,灶,False,False,True,False,,False,False,False,天一天上,東宮(凶),,下吉,False,辰巳,定
2017-03-22,丁,酉,癸,卯,戊,申,執,戊申,天一天上,南,寅卯戌亥,灶,False,False,False,False,,False,False,False,天一天上,東宮(凶),小土(凶),下吉,False,辰巳,執
2017-03-23,丁,酉,癸,卯,己,酉,破,己酉,,南,寅卯戌亥,灶,False,False,False,False,,False,False,False,東北,出遊(吉),小土(凶),上吉,False,辰巳,破
2017-03-24,丁,酉,癸,卯,庚,戌,危,庚戌,,南,寅卯戌亥,灶,False,False,False,False,,False,False,False,東北,出遊(吉),小土(凶),,False,辰巳,危
2017-03-25,丁,酉,癸,卯,辛,亥,成,辛亥,,南,寅卯戌亥,灶,False,True,False,False,,False,False,False,東北,出遊(吉),小土(凶),下吉,True,辰巳,成
2017-03-26,丁,酉,癸,卯,壬,子,收,壬子,八專,南,寅卯戌亥,灶,False,False,False,False,滅門,False,True,False,東北,出遊(吉),小土(凶),,False,辰巳,收
2017-03-27,丁,酉,癸,卯,癸,丑,開,癸丑,八專,南,寅卯戌亥,灶,False,False,False,False,,False,False,False,東北,出遊(吉),小土(凶),下吉,False,辰巳,開
2017-03-28,丁,酉,癸,卯,甲,寅,閉,甲寅,八專,南,寅卯戌亥,灶,False,False,False,False,,False,True,False,東北,出遊(吉),小土(凶),下吉,False,寅卯,閉
2017-03-29,丁,酉,癸,卯,乙,卯,建,乙卯,八專,南,寅卯戌亥,灶,False,True,False,True,狼藉,False,True,False,東,出遊(吉),,下吉,False,寅卯,建
2017-03-30,丁,酉,癸,卯,丙,辰,除,丙辰,八專,南,寅卯戌亥,灶,False,False,False,False,,False,False,False,東,出遊(吉),,,False,寅卯,除
2017-03-31,丁,酉,癸,卯,丁,巳,滿,丁巳,八專,南,寅卯戌亥,灶,False,False,False,False,,False,True,False,東,出遊(吉),,下吉,True,寅卯,滿
2017-04-01,丁,酉,癸,卯,戊,午,平,戊午,八專,南,寅卯戌亥,灶,False,False,False,False,大禍,False,True,False,東,出遊(吉),,,False,寅卯,平
2017-04-02,丁,酉,癸,卯,己,未,定,己未,八專,南,寅卯戌亥,灶,False,False,True,False,,False,False,False,東,出遊(吉),,下吉,False,寅卯,定
2017-04-03,丁,酉,癸,卯,庚,申,執,庚申,八專,南,寅卯戌亥,灶,False,False,False,False,,False,True,False,東南,出遊(吉),,,False,寅卯,執
2017-04-04,丁,酉,甲,辰,辛,酉,執,辛酉,八專,南,寅卯戌亥,灶,False,False,False,False,,False,True,False,東南,出遊(吉),,下吉,False,寅卯,執
2017-04-05,丁,酉,甲,辰,壬,戌,破,壬戌,八專,南,寅卯戌亥,灶,False,False,False,False,,False,False,False,東南,出遊(吉),,,False,寅卯,破
2017-04-06,丁,酉,甲,辰,癸,亥,危,癸亥,八專,南,寅卯戌亥,灶,False,False,False,False,,False,True,False,東南,出遊(吉),,,True,寅卯,危
2017-04-07,丁,酉,甲,辰,甲,子,成,甲子,,南,寅卯戌亥,灶,False,False,False,False,,False,False,False,東南,出遊(吉),,,False,子丑,成
2017-04-08,丁,酉,甲,辰,乙,丑,收,乙丑,,南,寅卯戌亥,灶,False,False,False,False,大禍,False,False,False,東南,出遊(吉),,,False,子丑,收
2017-04-09,丁,酉,甲,辰,丙,寅,開,丙寅,,南,寅卯戌亥,灶,False,False,True,False,,False,False,False,南,出遊(吉),,下吉,False,子丑,開
2017-04-10,丁,酉,甲,辰,丁,卯,閉,丁卯,,南,寅卯戌亥,灶,False,False,False,False,,False,False,False,南,出遊(吉),,下吉,False,子丑,閉
2017-04-11,丁,酉,甲,辰,戊,辰,建,戊辰,,南,寅卯戌亥,灶,False,True,False,False,,False,False,True,南,出遊(吉),,,False,子丑,建
2017-04-12,丁,酉,甲,辰,己,巳,除,己巳,,南,寅卯戌亥,灶,False,True,False,False,,False,False,False,南,出遊(吉),,,True,子丑,除
2017-04-13,丁,酉,甲,辰,庚,午,滿,庚午,,南,寅卯戌亥,灶,False,False,False,True,狼藉,False,False,False,南,出遊(吉),大土(凶),下吉,False,子丑,滿
2017-04-14,丁,酉,甲,辰,辛,未,平,辛未,,南,寅卯戌亥,灶,False,False,False,False,滅門,False,False,False,西南,出遊(吉),大土(凶),中吉,False,子丑,平
2017-04-15,丁,酉,甲,辰,壬,申,定,壬申,,南,寅卯戌亥,灶,False,False,False,False,,False,False,False,西南,出遊(吉),大土(凶),,False,子丑,定
2017-04-16,丁,酉,甲,辰,癸,酉,執,癸酉,,南,寅卯戌亥,灶,False,False,False,False,,False,False,False,西南,出遊(吉),大土(凶),中吉,False,子丑,執
2017-04-17,丁,酉,甲,辰,甲,戌,破,甲戌,,南,寅卯戌亥,灶,False,False,False,False,,False,False,False,西南,出遊(吉),大土(凶),,False,戌亥,破
2017-04-18,丁,酉,甲,辰,乙,亥,危,乙亥,,南,寅卯戌亥,灶,False,False,False,False,,False,False,False,西南,出遊(吉),大土(凶),,True,戌亥,危
2017-04-19,丁,酉,甲,辰,丙,子,成,丙子,,南,寅卯戌亥,灶,False,False,False,False,,False,False,False,西南,出遊(吉),大土(凶),,False,戌亥,成
2017-04-20,丁,酉,甲,辰,丁,丑,收,丁丑,,南,寅卯戌亥,灶,False,False,False,False,大禍,False,False,False,西,出遊(吉),,下吉,False,戌亥,收
2017-04-21,丁,酉,甲,辰,戊,寅,開,戊寅,,南,寅卯戌亥,灶,True,True,True,False,,False,False,False,西,出遊(吉),,下吉,False,戌亥,開
2017-04-22,丁,酉,甲,辰,己,卯,閉,己卯,,南,寅卯戌亥,灶,False,True,False,False,,False,False,False,西,出遊(吉),,,False,戌亥,閉
2017-04-23,丁,酉,甲,辰,庚,辰,建,庚辰,,南,寅卯戌亥,灶,False,False,False,False,,False,False,False,西,出遊(吉),,下吉,False,戌亥,建
2017-04-24,丁,酉,甲,辰,辛,巳,除,辛巳,,南,寅卯戌亥,灶,False,False,False,False,,False,False,False,西,出遊(吉),,下吉,True,戌亥,除
2017-04-25,丁,酉,甲,辰,壬,午,滿,壬午,,南,寅卯戌亥,灶,False,False,False,True,狼藉,False,False,False,西北,出遊(吉),,上吉,False,戌亥,滿
2017-04-26,丁,酉,甲,辰,癸,未,平,癸未,,南,寅卯戌亥,灶,False,False,False,False,滅門,False,False,False,西北,出遊(吉),,下吉,False,戌亥,平
2017-04-27,丁,酉,甲,辰,甲,申,定,甲申,十方暮,南,寅卯戌亥,灶,False,False,False,False,,True,False,False,西北,出遊(吉),,上吉,False,申酉,定
2017-04-28,丁,酉,甲,辰,乙,酉,執,乙酉,十方暮,南,寅卯戌亥,灶,False,False,False,False,,True,False,False,西北,出遊(吉),,下吉,False,申酉,執
2017-04-29,丁,酉,甲,辰,丙,戌,破,丙戌,十方暮,南,寅卯戌亥,灶,False,False,False,False,,True,False,True,西北,出遊(吉),,,False,申酉,破
2017-04-30,丁,酉,甲,辰,丁,亥,危,丁亥,十方暮,南,寅卯戌亥,灶,False,False,False,False,,True,False,False,西北,出遊(吉),,,True,申酉,危
2017-05-01,丁,酉,甲,辰,戊,子,成,戊子,十方暮,南,寅卯戌亥,灶,False,True,False,False,,True,False,False,北,出遊(吉),,,False,申酉,成
2017-05-02,丁,酉,甲,辰,己,丑,收,己丑,十方暮,南,寅卯戌亥,灶,False,True,False,False,大禍,True,False,False,北,出遊(吉),,,False,申酉,收
2017-05-03,丁,酉,甲,辰,庚,寅,開,庚寅,十方暮,南,寅卯戌亥,灶,False,False,True,False,,True,False,False,北,出遊(吉),,上吉,False,申酉,開
2017-05-04,丁,酉,甲,辰,辛,卯,閉,辛卯,十方暮,南,寅卯戌亥,灶,False,False,False,False,,True,False,False,北,出遊(吉),,,False,申酉,閉
2017-05-05,丁,酉,乙,巳,壬,辰,閉,壬辰,十方暮,南,寅卯戌亥,門,False,True,False,False,,True,False,True,北,出遊(吉),,,False,申酉,閉
2017-05-06,丁,酉,乙,巳,癸,巳,建,癸巳,天一天上,南,寅卯戌亥,門,False,False,False,False,,True,False,False,天一天上,北宮(凶),,下吉,True,申酉,建
2017-05-07,丁,酉,乙,巳,甲,午,除,甲午,天一天上,南,寅卯戌亥,門,True,False,False,False,狼藉,False,False,False,天一天上,北宮(凶),,,False,午未,除
2017-05-08,丁,酉,乙,巳,乙,未,滿,乙未,天一天上,南,寅卯戌亥,門,False,False,False,False,,False,False,True,天一天上,北宮(凶),,,False,午未,滿
2017-05-09,丁,酉,乙,巳,丙,申,平,丙申,天一天上,南,寅卯戌亥,門,False,True,True,False,大禍,False,False,False,天一天上,北宮(凶),,,False,午未,平
2017-05-10,丁,酉,乙,巳,丁,酉,定,丁酉,天一天上,南,寅卯戌亥,門,False,False,False,True,,False,False,False,天一天上,北宮(凶),,上吉,False,午未,定
2017-05-11,丁,酉,乙,巳,戊,戌,執,戊戌,天一天上,南,寅卯戌亥,門,False,False,False,False,,False,False,False,天一天上,南宮(凶),,,False,午未,執
2017-05-12,丁,酉,乙,巳,己,亥,破,己亥,天一天上,南,寅卯戌亥,門,False,False,False,False,,False,False,False,天一天上,南宮(凶),,,True,午未,破
2017-05-13,丁,酉,乙,巳,庚,子,危,庚子,天一天上,南,寅卯戌亥,門,False,False,False,False,,False,False,False,天一天上,南宮(凶),,中吉,False,午未,危
2017-05-14,丁,酉,乙,巳,辛,丑,成,辛丑,天一天上,南,寅卯戌亥,門,False,False,False,False,,False,False,True,天一天上,南宮(凶),,下吉,False,午未,成
2017-05-15,丁,酉,乙,巳,壬,寅,收,壬寅,天一天上,南,寅卯戌亥,門,False,True,False,False,滅門,False,False,False,天一天上,南宮(凶),,中吉,False,午未,收
2017-05-16,丁,酉,乙,巳,癸,卯,開,癸卯,天一天上,南,寅卯戌亥,門,False,False,False,False,,False,False,False,天一天上,西宮(凶),,下吉,False,午未,開
2017-05-17,丁,酉,乙,巳,甲,辰,閉,甲辰,天一天上,南,寅卯戌亥,門,False,False,False,False,,False,False,False,天一天上,東宮(凶),,中吉,False,辰巳,閉
2017-05-18,丁,酉,乙,巳,乙,巳,建,乙巳,天一天上,南,寅卯戌亥,門,False,False,False,False,,False,False,False,天一天上,東宮(凶),,,True,辰巳,建
2017-05-19,丁,酉,乙,巳,丙,午,除,丙午,天一天上,南,寅卯戌亥,門,False,True,False,False,狼藉,False,False,False,天一天上,東宮(凶),,下吉,False,辰巳,除
2017-05-20,丁,酉,乙,巳,丁,未,滿,丁未,天一天上,南,寅卯戌亥,門,False,False,False,False,,False,False,False,天一天上,東宮(凶),,下吉,False,辰巳,滿
2017-05-21,丁,酉,乙,巳,戊,申,平,戊申,天一天上,南,寅卯戌亥,門,False,False,True,False,大禍,False,False,False,天一天上,東宮(凶),小土(凶),下吉,False,辰巳,平
2017-05-22,丁,酉,乙,巳,己,酉,定,己酉,,南,寅卯戌亥,門,False,False,False,True,,False,False,False,東北,出遊(吉),小土(凶),上吉,False,辰巳,定
2017-05-23,丁,酉,乙,巳,庚,戌,執,庚戌,,南,寅卯戌亥,門,False,False,False,False,,False,False,False,東北,出遊(吉),小土(凶),,False,辰巳,執
2017-05-24,丁,酉,乙,巳,辛,亥,破,辛亥,,南,寅卯戌亥,門,False,False,False,False,,False,False,False,東北,出遊(吉),小土(凶),下吉,True,辰巳,破
2017-05-25,丁,酉,乙,巳,壬,子,危,壬子,八專,南,寅卯戌亥,門,False,True,False,False,,False,True,False,東北,出遊(吉),小土(凶),,False,辰巳,危
2017-05-26,丁,酉,乙,巳,癸,丑,成,癸丑,八專,南,寅卯戌亥,門,False,False,False,False,,False,False,False,東北,出遊(吉),小土(凶),下吉,False,辰巳,成
2017-05-27,丁,酉,乙,巳,甲,寅,收,甲寅,八專,南,寅卯戌亥,門,False,False,False,False,滅門,False,True,False,東北,出遊(吉),小土(凶),下吉,False,寅卯,收
2017-05-28,丁,酉,乙,巳,乙,卯,開,乙卯,八專,南,寅卯戌亥,門,False,False,False,False,,False,True,False,東,出遊(吉),,下吉,False,寅卯,開
2017-05-29,丁,酉,乙,巳,丙,辰,閉,丙辰,八專,南,寅卯戌亥,門,False,True,False,False,,False,False,False,東,出遊(吉),,,False,寅卯,閉
2017-05-30,丁,酉,乙,巳,丁,巳,建,丁巳,八專,南,寅卯戌亥,門,False,False,False,False,,False,True,False,東,出遊(吉),,下吉,True,寅卯,建
2017-05-31,丁,酉,乙,巳,戊,午,除,戊午,八專,南,寅卯戌亥,門,False,False,False,False,狼藉,False,True,False,東,出遊(吉),,,False,寅卯,除
2017-06-01,丁,酉,乙,巳,己,未,滿,己未,八專,南,寅卯戌亥,門,False,False,False,False,,False,False,False,東,出遊(吉),,下吉,False,寅卯,滿
2017-06-02,丁,酉,乙,巳,庚,申,平,庚申,八專,南,寅卯戌亥,門,False,False,True,False,大禍,False,True,False,東南,出遊(吉),,,False,寅卯,平
2017-06-03,丁,酉,乙,巳,辛,酉,定,辛酉,八專,南,寅卯戌亥,門,False,False,False,True,,False,True,False,東南,出遊(吉),,下吉,False,寅卯,定
2017-06-04,丁,酉,乙,巳,壬,戌,執,壬戌,八專,南,寅卯戌亥,門,False,True,False,False,,False,False,False,東南,出遊(吉),,,False,寅卯,執
2017-06-05,丁,酉,丙,午,癸,亥,執,癸亥,八專,南,寅卯戌亥,門,False,True,False,False,,False,True,False,東南,出遊(吉),,,True,寅卯,執
2017-06-06,丁,酉,丙,午,甲,子,破,甲子,,南,寅卯戌亥,門,False,False,False,True,狼藉,False,False,False,東南,出遊(吉),,,False,子丑,破
2017-06-07,丁,酉,丙,午,乙,丑,危,乙丑,,南,寅卯戌亥,門,False,False,False,False,,False,False,False,東南,出遊(吉),,,False,子丑,危
2017-06-08,丁,酉,丙,午,丙,寅,成,丙寅,,南,寅卯戌亥,門,False,False,False,False,,False,False,False,南,出遊(吉),,下吉,False,子丑,成
2017-06-09,丁,酉,丙,午,丁,卯,收,丁卯,,南,寅卯戌亥,門,False,True,True,False,大禍,False,False,False,南,出遊(吉),,下吉,False,子丑,收
2017-06-10,丁,酉,丙,午,戊,辰,開,戊辰,,南,寅卯戌亥,門,False,False,False,False,,False,False,True,南,出遊(吉),,,False,子丑,開
2017-06-11,丁,酉,丙,午,己,巳,閉,己巳,,南,寅卯戌亥,門,False,False,False,False,,False,False,False,南,出遊(吉),,,True,子丑,閉
2017-06-12,丁,酉,丙,午,庚,午,建,庚午,,南,寅卯戌亥,門,False,False,False,False,,False,False,False,南,出遊(吉),大土(凶),下吉,False,子丑,建
2017-06-13,丁,酉,丙,午,辛,未,除,辛未,,南,寅卯戌亥,門,False,False,False,False,,False,False,False,西南,出遊(吉),大土(凶),中吉,False,子丑,除
2017-06-14,丁,酉,丙,午,壬,申,滿,壬申,,南,寅卯戌亥,門,False,False,False,False,,False,False,False,西南,出遊(吉),大土(凶),,False,子丑,滿
2017-06-15,丁,酉,丙,午,癸,酉,平,癸酉,,南,寅卯戌亥,門,False,True,False,False,滅門,False,False,False,西南,出遊(吉),大土(凶),中吉,False,子丑,平
2017-06-16,丁,酉,丙,午,甲,戌,定,甲戌,,南,寅卯戌亥,門,False,False,False,False,,False,False,False,西南,出遊(吉),大土(凶),,False,戌亥,定
2017-06-17,丁,酉,丙,午,乙,亥,執,乙亥,,南,寅卯戌亥,門,False,False,False,False,,False,False,False,西南,出遊(吉),大土(凶),,True,戌亥,執
2017-06-18,丁,酉,丙,午,丙,子,破,丙子,,南,寅卯戌亥,門,False,False,False,True,狼藉,False,False,False,西南,出遊(吉),大土(凶),,False,戌亥,破
2017-06-19,丁,酉,丙,午,丁,丑,危,丁丑,,南,寅卯戌亥,門,False,True,False,False,,False,False,False,西,出遊(吉),,下吉,False,戌亥,危
2017-06-20,丁,酉,丙,午,戊,寅,成,戊寅,,南,寅卯戌亥,門,False,False,False,False,,False,False,False,西,出遊(吉),,下吉,False,戌亥,成
2017-06-21,丁,酉,丙,午,己,卯,收,己卯,,南,寅卯戌亥,門,False,False,True,False,大禍,False,False,False,西,出遊(吉),,,False,戌亥,收
2017-06-22,丁,酉,丙,午,庚,辰,開,庚辰,,南,寅卯戌亥,門,False,False,False,False,,False,False,False,西,出遊(吉),,下吉,False,戌亥,開
2017-06-23,丁,酉,丙,午,辛,巳,閉,辛巳,,南,寅卯戌亥,門,False,False,False,False,,False,False,False,西,出遊(吉),,下吉,True,戌亥,閉
2017-06-24,丁,酉,丙,午,壬,午,建,壬午,,南,寅卯戌亥,門,False,False,False,False,,False,False,False,西北,出遊(吉),,上吉,False,戌亥,建
2017-06-25,丁,酉,丙,午,癸,未,除,癸未,,南,寅卯戌亥,門,False,True,False,False,,False,False,False,西北,出遊(吉),,下吉,False,戌亥,除
2017-06-26,丁,酉,丙,午,甲,申,滿,甲申,十方暮,南,寅卯戌亥,門,False,False,False,False,,True,False,False,西北,出遊(吉),,上吉,False,申酉,滿
2017-06-27,丁,酉,丙,午,乙,酉,平,乙酉,十方暮,南,寅卯戌亥,門,False,False,False,False,滅門,True,False,False,西北,出遊(吉),,下吉,False,申酉,平
2017-06-28,丁,酉,丙,午,丙,戌,定,丙戌,十方暮,南,寅卯戌亥,門,False,False,False,False,,True,False,True,西北,出遊(吉),,,False,申酉,定
2017-06-29,丁,酉,丙,午,丁,亥,執,丁亥,十方暮,南,寅卯戌亥,門,False,True,False,False,,True,False,False,西北,出遊(吉),,,True,申酉,執
2017-06-30,丁,酉,丙,午,戊,子,破,戊子,十方暮,南,寅卯戌亥,門,False,False,False,True,狼藉,True,False,False,北,出遊(吉),,,False,申酉,破
2017-07-01,丁,酉,丙,午,己,丑,危,己丑,十方暮,南,寅卯戌亥,門,False,False,False,False,,True,False,False,北,出遊(吉),,,False,申酉,危
2017-07-02,丁,酉,丙,午,庚,寅,成,庚寅,十方暮,南,寅卯戌亥,門,False,False,False,False,,True,False,False,北,出遊(吉),,上吉,False,申酉,成
2017-07-03,丁,酉,丙,午,辛,卯,收,辛卯,十方暮,南,寅卯戌亥,門,False,False,True,False,大禍,True,False,False,北,出遊(吉),,,False,申酉,收
2017-07-04,丁,酉,丙,午,壬,辰,開,壬辰,十方暮,南,寅卯戌亥,門,False,False,False,False,,True,False,True,北,出遊(吉),,,False,申酉,開
2017-07-05,丁,酉,丙,午,癸,巳,閉,癸巳,天一天上,南,寅卯戌亥,門,False,True,False,False,,True,False,False,天一天上,北宮(凶),,下吉,True,申酉,閉
2017-07-06,丁,酉,丙,午,甲,午,建,甲午,天一天上,南,寅卯戌亥,門,True,False,False,False,,False,False,False,天一天上,北宮(凶),,,False,午未,建
2017-07-07,丁,酉,丁,未,乙,未,建,乙未,天一天上,南,寅卯戌亥,門,False,False,False,False,,False,False,True,天一天上,北宮(凶),,,False,午未,建
2017-07-08,丁,酉,丁,未,丙,申,除,丙申,天一天上,南,寅卯戌亥,門,False,False,False,False,,False,False,False,天一天上,北宮(凶),,,False,午未,除
2017-07-09,丁,酉,丁,未,丁,酉,滿,丁酉,天一天上,南,寅卯戌亥,門,False,False,True,False,,False,False,False,天一天上,北宮(凶),,上吉,False,午未,滿
2017-07-10,丁,酉,丁,未,戊,戌,平,戊戌,天一天上,南,寅卯戌亥,門,False,True,False,False,大禍,False,False,False,天一天上,南宮(凶),,,False,午未,平
2017-07-11,丁,酉,丁,未,己,亥,定,己亥,天一天上,南,寅卯戌亥,門,False,True,False,False,,False,False,False,天一天上,南宮(凶),,,True,午未,定
2017-07-12,丁,酉,丁,未,庚,子,執,庚子,天一天上,南,寅卯戌亥,門,False,False,False,False,,False,False,False,天一天上,南宮(凶),,中吉,False,午未,執
2017-07-13,丁,酉,丁,未,辛,丑,破,辛丑,天一天上,南,寅卯戌亥,門,False,False,False,False,,False,False,True,天一天上,南宮(凶),,下吉,False,午未,破
2017-07-14,丁,酉,丁,未,壬,寅,危,壬寅,天一天上,南,寅卯戌亥,門,False,False,False,False,,False,False,False,天一天上,南宮(凶),,中吉,False,午未,危
2017-07-15,丁,酉,丁,未,癸,卯,成,癸卯,天一天上,南,寅卯戌亥,門,False,False,False,True,狼藉,False,False,False,天一天上,西宮(凶),,下吉,False,午未,成
2017-07-16,丁,酉,丁,未,甲,辰,收,甲辰,天一天上,南,寅卯戌亥,門,False,False,False,False,滅門,False,False,False,天一天上,東宮(凶),,中吉,False,辰巳,收
2017-07-17,丁,酉,丁,未,乙,巳,開,乙巳,天一天上,南,寅卯戌亥,門,False,False,False,False,,False,False,False,天一天上,東宮(凶),,,True,辰巳,開
2017-07-18,丁,酉,丁,未,丙,午,閉,丙午,天一天上,南,寅卯戌亥,門,False,False,False,False,,False,False,False,天一天上,東宮(凶),,下吉,False,辰巳,閉
2017-07-19,丁,酉,丁,未,丁,未,建,丁未,天一天上,南,寅卯戌亥,門,False,False,False,False,,False,False,False,天一天上,東宮(凶),,下吉,False,辰巳,建
2017-07-20,丁,酉,丁,未,戊,申,除,戊申,天一天上,南,寅卯戌亥,門,False,True,False,False,,False,False,False,天一天上,東宮(凶),小土(凶),下吉,False,辰巳,除
2017-07-21,丁,酉,丁,未,己,酉,滿,己酉,,南,寅卯戌亥,門,False,True,True,False,,False,False,False,東北,出遊(吉),小土(凶),上吉,False,辰巳,滿
2017-07-22,丁,酉,丁,未,庚,戌,平,庚戌,,南,寅卯戌亥,門,False,False,False,False,大禍,False,False,False,東北,出遊(吉),小土(凶),,False,辰巳,平
2017-07-23,丁,酉,丁,未,辛,亥,定,辛亥,,南,寅卯戌亥,門,False,False,False,False,,False,False,False,東北,出遊(吉),小土(凶),下吉,True,辰巳,定
2017-07-24,丁,酉,丁,未,壬,子,執,壬子,八專,南,寅卯戌亥,門,False,False,False,False,,False,True,False,東北,出遊(吉),小土(凶),,False,辰巳,執
2017-07-25,丁,酉,丁,未,癸,丑,破,癸丑,八專,南,寅卯戌亥,門,False,False,False,False,,False,False,False,東北,出遊(吉),小土(凶),下吉,False,辰巳,破
2017-07-26,丁,酉,丁,未,甲,寅,危,甲寅,八專,南,寅卯戌亥,門,False,False,False,False,,False,True,False,東北,出遊(吉),小土(凶),下吉,False,寅卯,危
2017-07-27,丁,酉,丁,未,乙,卯,成,乙卯,八專,南,寅卯戌亥,門,False,False,False,True,狼藉,False,True,False,東,出遊(吉),,下吉,False,寅卯,成
2017-07-28,丁,酉,丁,未,丙,辰,收,丙辰,八專,南,寅卯戌亥,門,False,False,False,False,滅門,False,False,False,東,出遊(吉),,,False,寅卯,收
2017-07-29,丁,酉,丁,未,丁,巳,開,丁巳,八專,南,寅卯戌亥,門,False,False,False,False,,False,True,False,東,出遊(吉),,下吉,True,寅卯,開
2017-07-30,丁,酉,丁,未,戊,午,閉,戊午,八專,南,寅卯戌亥,門,False,True,False,False,,False,True,False,東,出遊(吉),,,False,寅卯,閉
2017-07-31,丁,酉,丁,未,己,未,建,己未,八專,南,寅卯戌亥,門,False,True,False,False,,False,False,False,東,出遊(吉),,下吉,False,寅卯,建
2017-08-01,丁,酉,丁,未,庚,申,除,庚申,八專,南,寅卯戌亥,門,False,False,False,False,,False,True,False,東南,出遊(吉),,,False,寅卯,除
2017-08-02,丁,酉,丁,未,辛,酉,滿,辛酉,八專,南,寅卯戌亥,門,False,False,True,False,,False,True,False,東南,出遊(吉),,下吉,False,寅卯,滿
2017-08-03,丁,酉,丁,未,壬,戌,平,壬戌,八專,南,寅卯戌亥,門,False,False,False,False,大禍,False,False,False,東南,出遊(吉),,,False,寅卯,平
2017-08-04,丁,酉,丁,未,癸,亥,定,癸亥,八專,南,寅卯戌亥,門,False,False,False,False,,False,True,False,東南,出遊(吉),,,True,寅卯,定
2017-08-05,丁,酉,丁,未,甲,子,執,甲子,,南,寅卯戌亥,門,False,False,False,False,,False,False,False,東南,出遊(吉),,,False,子丑,執
2017-08-06,丁,酉,丁,未,乙,丑,破,乙丑,,南,寅卯戌亥,門,False,False,False,False,,False,False,False,東南,出遊(吉),,,False,子丑,破
2017-08-07,丁,酉,戊,申,丙,寅,破,丙寅,,南,寅卯戌亥,井,False,False,False,False,,False,False,False,南,出遊(吉),,下吉,False,子丑,破
2017-08-08,丁,酉,戊,申,丁,卯,危,丁卯,,南,寅卯戌亥,井,False,False,False,False,,False,False,False,南,出遊(吉),,下吉,False,子丑,危
2017-08-09,丁,酉,戊,申,戊,辰,成,戊辰,,南,寅卯戌亥,井,False,False,True,False,,False,False,True,南,出遊(吉),,,False,子丑,成
2017-08-10,丁,酉,戊,申,己,巳,收,己巳,,南,寅卯戌亥,井,False,False,False,False,大禍,False,False,False,南,出遊(吉),,,True,子丑,收
2017-08-11,丁,酉,戊,申,庚,午,開,庚午,,南,寅卯戌亥,井,False,True,False,True,,False,False,False,南,出遊(吉),大土(凶),下吉,False,子丑,開
2017-08-12,丁,酉,戊,申,辛,未,閉,辛未,,南,寅卯戌亥,井,False,False,False,False,,False,False,False,西南,出遊(吉),大土(凶),中吉,False,子丑,閉
2017-08-13,丁,酉,戊,申,壬,申,建,壬申,,南,寅卯戌亥,井,False,False,False,False,,False,False,False,西南,出遊(吉),大土(凶),,False,子丑,建
2017-08-14,丁,酉,戊,申,癸,酉,除,癸酉,,南,寅卯戌亥,井,False,False,False,False,狼藉,False,False,False,西南,出遊(吉),大土(凶),中吉,False,子丑,除
2017-08-15,丁,酉,戊,申,甲,戌,滿,甲戌,,南,寅卯戌亥,井,False,True,False,False,,False,False,False,西南,出遊(吉),大土(凶),,False,戌亥,滿
2017-08-16,丁,酉,戊,申,乙,亥,平,乙亥,,南,寅卯戌亥,井,False,False,False,False,滅門,False,False,False,西南,出遊(吉),大土(凶),,True,戌亥,平
2017-08-17,丁,酉,戊,申,丙,子,定,丙子,,南,寅卯戌亥,井,False,False,False,False,,False,False,False,西南,出遊(吉),大土(凶),,False,戌亥,定
2017-08-18,丁,酉,戊,申,丁,丑,執,丁丑,,南,寅卯戌亥,井,False,False,False,False,,False,False,False,西,出遊(吉),,下吉,False,戌亥,執
2017-08-19,丁,酉,戊,申,戊,寅,破,戊寅,,南,寅卯戌亥,井,False,False,False,False,,False,False,False,西,出遊(吉),,下吉,False,戌亥,破
2017-08-20,丁,酉,戊,申,己,卯,危,己卯,,南,寅卯戌亥,井,False,False,False,False,,False,False,False,西,出遊(吉),,,False,戌亥,危
2017-08-21,丁,酉,戊,申,庚,辰,成,庚辰,,南,寅卯戌亥,井,False,True,True,False,,False,False,False,西,出遊(吉),,下吉,False,戌亥,成
2017-08-22,丁,酉,戊,申,辛,巳,收,辛巳,,南,寅卯戌亥,井,False,False,False,False,大禍,False,False,False,西,出遊(吉),,下吉,True,戌亥,收
2017-08-23,丁,酉,戊,申,壬,午,開,壬午,,南,寅卯戌亥,井,False,False,False,True,,False,False,False,西北,出遊(吉),,上吉,False,戌亥,開
2017-08-24,丁,酉,戊,申,癸,未,閉,癸未,,南,寅卯戌亥,井,False,False,False,False,,False,False,False,西北,出遊(吉),,下吉,False,戌亥,閉
2017-08-25,丁,酉,戊,申,甲,申,建,甲申,十方暮,南,寅卯戌亥,井,False,True,False,False,,True,False,False,西北,出遊(吉),,上吉,False,申酉,建
2017-08-26,丁,酉,戊,申,乙,酉,除,乙酉,十方暮,南,寅卯戌亥,井,False,False,False,False,狼藉,True,False,False,西北,出遊(吉),,下吉,False,申酉,除
2017-08-27,丁,酉,戊,申,丙,戌,滿,丙戌,十方暮,南,寅卯戌亥,井,False,False,False,False,,True,False,True,西北,出遊(吉),,,False,申酉,滿
2017-08-28,丁,酉,戊,申,丁,亥,平,丁亥,十方暮,南,寅卯戌亥,井,False,False,False,False,滅門,True,False,False,西北,出遊(吉),,,True,申酉,平
2017-08-29,丁,酉,戊,申,戊,子,定,戊子,十方暮,南,寅卯戌亥,井,False,False,False,False,,True,False,False,北,出遊(吉),,,False,申酉,定
2017-08-30,丁,酉,戊,申,己,丑,執,己丑,十方暮,南,寅卯戌亥,井,False,False,False,False,,True,False,False,北,出遊(吉),,,False,申酉,執
2017-08-31,丁,酉,戊,申,庚,寅,破,庚寅,十方暮,南,寅卯戌亥,井,False,True,False,False,,True,False,False,北,出遊(吉),,上吉,False,申酉,破
2017-09-01,丁,酉,戊,申,辛,卯,危,辛卯,十方暮,南,寅卯戌亥,井,False,False,False,False,,True,False,False,北,出遊(吉),,,False,申酉,危
2017-09-02,丁,酉,戊,申,壬,辰,成,壬辰,十方暮,南,寅卯戌亥,井,False,False,True,False,,True,False,True,北,出遊(吉),,,False,申酉,成
2017-09-03,丁,酉,戊,申,癸,巳,收,癸巳,天一天上,南,寅卯戌亥,井,False,False,False,False,大禍,True,False,False,天一天上,北宮(凶),,下吉,True,申酉,收
2017-09-04,丁,酉,戊,申,甲,午,開,甲午,天一天上,南,寅卯戌亥,井,False,True,False,True,,False,False,False,天一天上,北宮(凶),,,False,午未,開
2017-09-05,丁,酉,戊,申,乙,未,閉,乙未,天一天上,南,寅卯戌亥,井,False,False,False,False,,False,False,True,天一天上,北宮(凶),,,False,午未,閉
2017-09-06,丁,酉,戊,申,丙,申,建,丙申,天一天上,南,寅卯戌亥,井,False,False,False,False,,False,False,False,天一天上,北宮(凶),,,False,午未,建
2017-09-07,丁,酉,己,酉,丁,酉,建,丁酉,天一天上,南,寅卯戌亥,井,False,False,False,True,狼藉,False,False,False,天一天上,北宮(凶),,上吉,False,午未,建
2017-09-08,丁,酉,己,酉,戊,戌,除,戊戌,天一天上,南,寅卯戌亥,井,False,False,True,False,,False,False,False,天一天上,南宮(凶),,,False,午未,除
2017-09-09,丁,酉,己,酉,己,亥,滿,己亥,天一天上,南,寅卯戌亥,井,False,False,False,False,,False,False,False,天一天上,南宮(凶),,,True,午未,滿
2017-09-10,丁,酉,己,酉,庚,子,平,庚子,天一天上,南,寅卯戌亥,井,False,False,False,False,大禍,False,False,False,天一天上,南宮(凶),,中吉,False,午未,平
2017-09-11,丁,酉,己,酉,辛,丑,定,辛丑,天一天上,南,寅卯戌亥,井,False,True,False,False,,False,False,True,天一天上,南宮(凶),,下吉,False,午未,定
2017-09-12,丁,酉,己,酉,壬,寅,執,壬寅,天一天上,南,寅卯戌亥,井,False,False,False,False,,False,False,False,天一天上,南宮(凶),,中吉,False,午未,執
2017-09-13,丁,酉,己,酉,癸,卯,破,癸卯,天一天上,南,寅卯戌亥,井,False,False,False,False,,False,False,False,天一天上,西宮(凶),,下吉,False,午未,破
2017-09-14,丁,酉,己,酉,甲,辰,危,甲辰,天一天上,南,寅卯戌亥,井,False,False,False,False,,False,False,False,天一天上,東宮(凶),,中吉,False,辰巳,危
2017-09-15,丁,酉,己,酉,乙,巳,成,乙巳,天一天上,南,寅卯戌亥,井,False,True,False,False,,False,False,False,天一天上,東宮(凶),,,True,辰巳,成
2017-09-16,丁,酉,己,酉,丙,午,收,丙午,天一天上,南,寅卯戌亥,井,False,False,False,False,滅門,False,False,False,天一天上,東宮(凶),,下吉,False,辰巳,收
2017-09-17,丁,酉,己,酉,丁,未,開,丁未,天一天上,南,寅卯戌亥,井,False,False,False,False,,False,False,False,天一天上,東宮(凶),,下吉,False,辰巳,開
2017-09-18,丁,酉,己,酉,戊,申,閉,戊申,天一天上,南,寅卯戌亥,井,True,False,False,False,,False,False,False,天一天上,東宮(凶),小土(凶),下吉,False,辰巳,閉
2017-09-19,丁,酉,己,酉,己,酉,建,己酉,,南,寅卯戌亥,井,False,False,False,True,狼藉,False,False,False,東北,出遊(吉),小土(凶),上吉,False,辰巳,建
2017-09-20,丁,酉,己,酉,庚,戌,除,庚戌,,南,寅卯戌亥,井,False,False,True,False,,False,False,False,東北,出遊(吉),小土(凶),,False,辰巳,除
2017-09-21,丁,酉,己,酉,辛,亥,滿,辛亥,,南,寅卯戌亥,井,False,True,False,False,,False,False,False,東北,出遊(吉),小土(凶),下吉,True,辰巳,滿
2017-09-22,丁,酉,己,酉,壬,子,平,壬子,八專,南,寅卯戌亥,井,False,False,False,False,大禍,False,True,False,東北,出遊(吉),小土(凶),,False,辰巳,平
2017-09-23,丁,酉,己,酉,癸,丑,定,癸丑,八專,南,寅卯戌亥,井,False,False,False,False,,False,False,False,東北,出遊(吉),小土(凶),下吉,False,辰巳,定
2017-09-24,丁,酉,己,酉,甲,寅,執,甲寅,八專,南,寅卯戌亥,井,False,False,False,False,,False,True,False,東北,出遊(吉),小土(凶),下吉,False,寅卯,執
2017-09-25,丁,酉,己,酉,乙,卯,破,乙卯,八專,南,寅卯戌亥,井,False,True,False,False,,False,True,False,東,出遊(吉),,下吉,False,寅卯,破
2017-09-26,丁,酉,己,酉,丙,辰,危,丙辰,八專,南,寅卯戌亥,井,False,False,False,False,,False,False,False,東,出遊(吉),,,False,寅卯,危
2017-09-27,丁,酉,己,酉,丁,巳,成,丁巳,八專,南,寅卯戌亥,井,False,False,False,False,,False,True,False,東,出遊(吉),,下吉,True,寅卯,成
2017-09-28,丁,酉,己,酉,戊,午,收,戊午,八專,南,寅卯戌亥,井,False,False,False,False,滅門,False,True,False,東,出遊(吉),,,False,寅卯,收
2017-09-29,丁,酉,己,酉,己,未,開,己未,八專,南,寅卯戌亥,井,False,False,False,False,,False,False,False,東,出遊(吉),,下吉,False,寅卯,開
2017-09-30,丁,酉,己,酉,庚,申,閉,庚申,八專,南,寅卯戌亥,井,False,False,False,False,,False,True,False,東南,出遊(吉),,,False,寅卯,閉
2017-10-01,丁,酉,己,酉,辛,酉,建,辛酉,八專,南,寅卯戌亥,井,False,True,False,True,狼藉,False,True,False,東南,出遊(吉),,下吉,False,寅卯,建
2017-10-02,丁,酉,己,酉,壬,戌,除,壬戌,八專,南,寅卯戌亥,井,False,False,True,False,,False,False,False,東南,出遊(吉),,,False,寅卯,除
2017-10-03,丁,酉,己,酉,癸,亥,滿,癸亥,八專,南,寅卯戌亥,井,False,False,False,False,,False,True,False,東南,出遊(吉),,,True,寅卯,滿
2017-10-04,丁,酉,己,酉,甲,子,平,甲子,,南,寅卯戌亥,井,False,False,False,False,大禍,False,False,False,東南,出遊(吉),,,False,子丑,平
2017-10-05,丁,酉,己,酉,乙,丑,定,乙丑,,南,寅卯戌亥,井,False,True,False,False,,False,False,False,東南,出遊(吉),,,False,子丑,定
2017-10-06,丁,酉,己,酉,丙,寅,執,丙寅,,南,寅卯戌亥,井,False,False,False,False,,False,False,False,南,出遊(吉),,下吉,False,子丑,執
2017-10-07,丁,酉,己,酉,丁,卯,破,丁卯,,南,寅卯戌亥,井,False,False,False,False,,False,False,False,南,出遊(吉),,下吉,False,子丑,破
2017-10-08,丁,酉,庚,戌,戊,辰,破,戊辰,,南,寅卯戌亥,井,False,True,False,False,,False,False,True,南,出遊(吉),,,False,子丑,破
2017-10-09,丁,酉,庚,戌,己,巳,危,己巳,,南,寅卯戌亥,井,False,True,True,False,,False,False,False,南,出遊(吉),,,True,子丑,危
2017-10-10,丁,酉,庚,戌,庚,午,成,庚午,,南,寅卯戌亥,井,False,False,False,False,,False,False,False,南,出遊(吉),大土(凶),下吉,False,子丑,成
2017-10-11,丁,酉,庚,戌,辛,未,收,辛未,,南,寅卯戌亥,井,False,False,False,False,大禍,False,False,False,西南,出遊(吉),大土(凶),中吉,False,子丑,收
2017-10-12,丁,酉,庚,戌,壬,申,開,壬申,,南,寅卯戌亥,井,False,False,False,False,,False,False,False,西南,出遊(吉),大土(凶),,False,子丑,開
2017-10-13,丁,酉,庚,戌,癸,酉,閉,癸酉,,南,寅卯戌亥,井,False,False,False,False,,False,False,False,西南,出遊(吉),大土(凶),中吉,False,子丑,閉
2017-10-14,丁,酉,庚,戌,甲,戌,建,甲戌,,南,寅卯戌亥,井,False,False,False,False,,False,False,False,西南,出遊(吉),大土(凶),,False,戌亥,建
2017-10-15,丁,酉,庚,戌,乙,亥,除,乙亥,,南,寅卯戌亥,井,False,False,False,False,,False,False,False,西南,出遊(吉),大土(凶),,True,戌亥,除
2017-10-16,丁,酉,庚,戌,丙,子,滿,丙子,,南,寅卯戌亥,井,False,False,False,True,,False,False,False,西南,出遊(吉),大土(凶),,False,戌亥,滿
2017-10-17,丁,酉,庚,戌,丁,丑,平,丁丑,,南,寅卯戌亥,井,False,False,False,False,滅門,False,False,False,西,出遊(吉),,下吉,False,戌亥,平
2017-10-18,丁,酉,庚,戌,戊,寅,定,戊寅,,南,寅卯戌亥,井,False,True,False,False,,False,False,False,西,出遊(吉),,下吉,False,戌亥,定
2017-10-19,丁,酉,庚,戌,己,卯,執,己卯,,南,寅卯戌亥,井,False,True,False,False,狼藉,False,False,False,西,出遊(吉),,,False,戌亥,執
2017-10-20,丁,酉,庚,戌,庚,辰,破,庚辰,,南,寅卯戌亥,井,False,False,False,False,,False,False,False,西,出遊(吉),,下吉,False,戌亥,破
2017-10-21,丁,酉,庚,戌,辛,巳,危,辛巳,,南,寅卯戌亥,井,False,False,True,False,,False,False,False,西,出遊(吉),,下吉,True,戌亥,危
2017-10-22,丁,酉,庚,戌,壬,午,成,壬午,,南,寅卯戌亥,井,False,False,False,False,,False,False,False,西北,出遊(吉),,上吉,False,戌亥,成
2017-10-23,丁,酉,庚,戌,癸,未,收,癸未,,南,寅卯戌亥,井,False,False,False,False,大禍,False,False,False,西北,出遊(吉),,下吉,False,戌亥,收
2017-10-24,丁,酉,庚,戌,甲,申,開,甲申,十方暮,南,寅卯戌亥,井,False,False,False,False,,True,False,False,西北,出遊(吉),,上吉,False,申酉,開
2017-10-25,丁,酉,庚,戌,乙,酉,閉,乙酉,十方暮,南,寅卯戌亥,井,False,False,False,False,,True,False,False,西北,出遊(吉),,下吉,False,申酉,閉
2017-10-26,丁,酉,庚,戌,丙,戌,建,丙戌,十方暮,南,寅卯戌亥,井,False,False,False,False,,True,False,True,西北,出遊(吉),,,False,申酉,建
2017-10-27,丁,酉,庚,戌,丁,亥,除,丁亥,十方暮,南,寅卯戌亥,井,False,False,False,False,,True,False,False,西北,出遊(吉),,,True,申酉,除
2017-10-28,丁,酉,庚,戌,戊,子,滿,戊子,十方暮,南,寅卯戌亥,井,False,True,False,True,,True,False,False,北,出遊(吉),,,False,申酉,滿
2017-10-29,丁,酉,庚,戌,己,丑,平,己丑,十方暮,南,寅卯戌亥,井,False,True,False,False,滅門,True,False,False,北,出遊(吉),,,False,申酉,平
2017-10-30,丁,酉,庚,戌,庚,寅,定,庚寅,十方暮,南,寅卯戌亥,井,False,False,False,False,,True,False,False,北,出遊(吉),,上吉,False,申酉,定
2017-10-31,丁,酉,庚,戌,辛,卯,執,辛卯,十方暮,南,寅卯戌亥,井,False,False,False,False,狼藉,True,False,False,北,出遊(吉),,,False,申酉,執
2017-11-01,丁,酉,庚,戌,壬,辰,破,壬辰,十方暮,南,寅卯戌亥,井,False,False,False,False,,True,False,True,北,出遊(吉),,,False,申酉,破
2017-11-02,丁,酉,庚,戌,癸,巳,危,癸巳,天一天上,南,寅卯戌亥,井,False,False,True,False,,True,False,False,天一天上,北宮(凶),,下吉,True,申酉,危
2017-11-03,丁,酉,庚,戌,甲,午,成,甲午,天一天上,南,寅卯戌亥,井,False,False,False,False,,False,False,False,天一天上,北宮(凶),,,False,午未,成
2017-11-04,丁,酉,庚,戌,乙,未,收,乙未,天一天上,南,寅卯戌亥,井,False,False,False,False,大禍,False,False,True,天一天上,北宮(凶),,,False,午未,收
2017-11-05,丁,酉,庚,戌,丙,申,開,丙申,天一天上,南,寅卯戌亥,井,False,False,False,False,,False,False,False,天一天上,北宮(凶),,,False,午未,開
2017-11-06,丁,酉,庚,戌,丁,酉,閉,丁酉,天一天上,南,寅卯戌亥,井,False,False,False,False,,False,False,False,天一天上,北宮(凶),,上吉,False,午未,閉
2017-11-07,丁,酉,辛,亥,戊,戌,閉,戊戌,天一天上,南,寅卯戌亥,庭,False,False,False,False,,False,False,False,天一天上,南宮(凶),,,False,午未,閉
2017-11-08,丁,酉,辛,亥,己,亥,建,己亥,天一天上,南,寅卯戌亥,庭,False,False,True,False,,False,False,False,天一天上,南宮(凶),,,True,午未,建
2017-11-09,丁,酉,辛,亥,庚,子,除,庚子,天一天上,南,寅卯戌亥,庭,False,False,False,False,,False,False,False,天一天上,南宮(凶),,中吉,False,午未,除
2017-11-10,丁,酉,辛,亥,辛,丑,滿,辛丑,天一天上,南,寅卯戌亥,庭,False,False,False,False,,False,False,True,天一天上,南宮(凶),,下吉,False,午未,滿
2017-11-11,丁,酉,辛,亥,壬,寅,平,壬寅,天一天上,南,寅卯戌亥,庭,False,True,False,False,大禍,False,False,False,天一天上,南宮(凶),,中吉,False,午未,平
2017-11-12,丁,酉,辛,亥,癸,卯,定,癸卯,天一天上,南,寅卯戌亥,庭,False,False,False,True,狼藉,False,False,False,天一天上,西宮(凶),,下吉,False,午未,定
2017-11-13,丁,酉,辛,亥,甲,辰,執,甲辰,天一天上,南,寅卯戌亥,庭,False,False,False,False,,False,False,False,天一天上,東宮(凶),,中吉,False,辰巳,執
2017-11-14,丁,酉,辛,亥,乙,巳,破,乙巳,天一天上,南,寅卯戌亥,庭,False,False,False,False,,False,False,False,天一天上,東宮(凶),,,True,辰巳,破
2017-11-15,丁,酉,辛,亥,丙,午,危,丙午,天一天上,南,寅卯戌亥,庭,False,True,False,False,,False,False,False,天一天上,東宮(凶),,下吉,False,辰巳,危
2017-11-16,丁,酉,辛,亥,丁,未,成,丁未,天一天上,南,寅卯戌亥,庭,False,False,False,False,,False,False,False,天一天上,東宮(凶),,下吉,False,辰巳,成
2017-11-17,丁,酉,辛,亥,戊,申,收,戊申,天一天上,南,寅卯戌亥,庭,False,False,False,False,滅門,False,False,False,天一天上,東宮(凶),小土(凶),下吉,False,辰巳,收
2017-11-18,丁,酉,辛,亥,己,酉,開,己酉,,南,寅卯戌亥,庭,False,False,False,False,,False,False,False,東北,出遊(吉),小土(凶),上吉,False,辰巳,開
2017-11-19,丁,酉,辛,亥,庚,戌,閉,庚戌,,南,寅卯戌亥,庭,False,False,False,False,,False,False,False,東北,出遊(吉),小土(凶),,False,辰巳,閉
2017-11-20,丁,酉,辛,亥,辛,亥,建,辛亥,,南,寅卯戌亥,庭,False,False,True,False,,False,False,False,東北,出遊(吉),小土(凶),下吉,True,辰巳,建
2017-11-21,丁,酉,辛,亥,壬,子,除,壬子,八專,南,寅卯戌亥,庭,False,True,False,False,,False,True,False,東北,出遊(吉),小土(凶),,False,辰巳,除
2017-11-22,丁,酉,辛,亥,癸,丑,滿,癸丑,八專,南,寅卯戌亥,庭,False,False,False,False,,False,False,False,東北,出遊(吉),小土(凶),下吉,False,辰巳,滿
2017-11-23,丁,酉,辛,亥,甲,寅,平,甲寅,八專,南,寅卯戌亥,庭,False,False,False,False,大禍,False,True,False,東北,出遊(吉),小土(凶),下吉,False,寅卯,平
2017-11-24,丁,酉,辛,亥,乙,卯,定,乙卯,八專,南,寅卯戌亥,庭,False,False,False,True,狼藉,False,True,False,東,出遊(吉),,下吉,False,寅卯,定
2017-11-25,丁,酉,辛,亥,丙,辰,執,丙辰,八專,南,寅卯戌亥,庭,False,True,False,False,,False,False,False,東,出遊(吉),,,False,寅卯,執
2017-11-26,丁,酉,辛,亥,丁,巳,破,丁巳,八專,南,寅卯戌亥,庭,False,False,False,False,,False,True,False,東,出遊(吉),,下吉,True,寅卯,破
2017-11-27,丁,酉,辛,亥,戊,午,危,戊午,八專,南,寅卯戌亥,庭,False,False,False,False,,False,True,False,東,出遊(吉),,,False,寅卯,危
2017-11-28,丁,酉,辛,亥,己,未,成,己未,八專,南,寅卯戌亥,庭,False,False,False,False,,False,False,False,東,出遊(吉),,下吉,False,寅卯,成
2017-11-29,丁,酉,辛,亥,庚,申,收,庚申,八專,南,寅卯戌亥,庭,False,False,False,False,滅門,False,True,False,東南,出遊(吉),,,False,寅卯,收
2017-11-30,丁,酉,辛,亥,辛,酉,開,辛酉,八專,南,寅卯戌亥,庭,False,False,False,False,,False,True,False,東南,出遊(吉),,下吉,False,寅卯,開
2017-12-01,丁,酉,辛,亥,壬,戌,閉,壬戌,八專,南,寅卯戌亥,庭,False,True,False,False,,False,False,False,東南,出遊(吉),,,False,寅卯,閉
2017-12-02,丁,酉,辛,亥,癸,亥,建,癸亥,八專,南,寅卯戌亥,庭,False,False,True,False,,False,True,False,東南,出遊(吉),,,True,寅卯,建
2017-12-03,丁,酉,辛,亥,甲,子,除,甲子,,南,寅卯戌亥,庭,True,False,False,False,,False,False,False,東南,出遊(吉),,,False,子丑,除
2017-12-04,丁,酉,辛,亥,乙,丑,滿,乙丑,,南,寅卯戌亥,庭,False,False,False,False,,False,False,False,東南,出遊(吉),,,False,子丑,滿
2017-12-05,丁,酉,辛,亥,丙,寅,平,丙寅,,南,寅卯戌亥,庭,False,True,False,False,大禍,False,False,False,南,出遊(吉),,下吉,False,子丑,平
2017-12-06,丁,酉,辛,亥,丁,卯,定,丁卯,,南,寅卯戌亥,庭,False,False,False,True,狼藉,False,False,False,南,出遊(吉),,下吉,False,子丑,定
2017-12-07,丁,酉,壬,子,戊,辰,定,戊辰,,南,寅卯戌亥,庭,False,False,False,False,,False,False,True,南,出遊(吉),,,False,子丑,定
2017-12-08,丁,酉,壬,子,己,巳,執,己巳,,南,寅卯戌亥,庭,False,False,False,False,,False,False,False,南,出遊(吉),,,True,子丑,執
2017-12-09,丁,酉,壬,子,庚,午,破,庚午,,南,寅卯戌亥,庭,False,False,True,True,狼藉,False,False,False,南,出遊(吉),大土(凶),下吉,False,子丑,破
2017-12-10,丁,酉,壬,子,辛,未,危,辛未,,南,寅卯戌亥,庭,False,False,False,False,,False,False,False,西南,出遊(吉),大土(凶),中吉,False,子丑,危
2017-12-11,丁,酉,壬,子,壬,申,成,壬申,,南,寅卯戌亥,庭,False,False,False,False,,False,False,False,西南,出遊(吉),大土(凶),,False,子丑,成
2017-12-12,丁,酉,壬,子,癸,酉,收,癸酉,,南,寅卯戌亥,庭,False,True,False,False,大禍,False,False,False,西南,出遊(吉),大土(凶),中吉,False,子丑,收
2017-12-13,丁,酉,壬,子,甲,戌,開,甲戌,,南,寅卯戌亥,庭,False,False,False,False,,False,False,False,西南,出遊(吉),大土(凶),,False,戌亥,開
2017-12-14,丁,酉,壬,子,乙,亥,閉,乙亥,,南,寅卯戌亥,庭,False,False,False,False,,False,False,False,西南,出遊(吉),大土(凶),,True,戌亥,閉
2017-12-15,丁,酉,壬,子,丙,子,建,丙子,,南,寅卯戌亥,庭,False,False,False,False,,False,False,False,西南,出遊(吉),大土(凶),,False,戌亥,建
2017-12-16,丁,酉,壬,子,丁,丑,除,丁丑,,南,寅卯戌亥,庭,False,True,False,False,,False,False,False,西,出遊(吉),,下吉,False,戌亥,除
2017-12-17,丁,酉,壬,子,戊,寅,滿,戊寅,,南,寅卯戌亥,庭,False,False,False,False,,False,False,False,西,出遊(吉),,下吉,False,戌亥,滿
2017-12-18,丁,酉,壬,子,己,卯,平,己卯,,南,寅卯戌亥,庭,False,False,False,False,滅門,False,False,False,西,出遊(吉),,,False,戌亥,平
2017-12-19,丁,酉,壬,子,庚,辰,定,庚辰,,南,寅卯戌亥,庭,False,False,False,False,,False,False,False,西,出遊(吉),,下吉,False,戌亥,定
2017-12-20,丁,酉,壬,子,辛,巳,執,辛巳,,南,寅卯戌亥,庭,False,False,False,False,,False,False,False,西,出遊(吉),,下吉,True,戌亥,執
2017-12-21,丁,酉,壬,子,壬,午,破,壬午,,南,寅卯戌亥,庭,False,False,True,True,狼藉,False,False,False,西北,出遊(吉),,上吉,False,戌亥,破
2017-12-22,丁,酉,壬,子,癸,未,危,癸未,,南,寅卯戌亥,庭,False,True,False,False,,False,False,False,西北,出遊(吉),,下吉,False,戌亥,危
2017-12-23,丁,酉,壬,子,甲,申,成,甲申,十方暮,南,寅卯戌亥,庭,False,False,False,False,,True,False,False,西北,出遊(吉),,上吉,False,申酉,成
2017-12-24,丁,酉,壬,子,乙,酉,收,乙酉,十方暮,南,寅卯戌亥,庭,False,False,False,False,大禍,True,False,False,西北,出遊(吉),,下吉,False,申酉,收
2017-12-25,丁,酉,壬,子,丙,戌,開,丙戌,十方暮,南,寅卯戌亥,庭,False,False,False,False,,True,False,True,西北,出遊(吉),,,False,申酉,開
2017-12-26,丁,酉,壬,子,丁,亥,閉,丁亥,十方暮,南,寅卯戌亥,庭,False,True,False,False,,True,False,False,西北,出遊(吉),,,True,申酉,閉
2017-12-27,丁,酉,壬,子,戊,子,建,戊子,十方暮,南,寅卯戌亥,庭,False,False,False,False,,True,False,False,北,出遊(吉),,,False,申酉,建
2017-12-28,丁,酉,壬,子,己,丑,除,己丑,十方暮,南,寅卯戌亥,庭,False,False,False,False,,True,False,False,北,出遊(吉),,,False,申酉,除
2017-12-29,丁,酉,壬,子,庚,寅,滿,庚寅,十方暮,南,寅卯戌亥,庭,False,False,False,False,,True,False,False,北,出遊(吉),,上吉,False,申酉,滿
2017-12-30,丁,酉,壬,子,辛,卯,平,辛卯,十方暮,南,寅卯戌亥,庭,False,False,False,False,滅門,True,False,False,北,出遊(吉),,,False,申酉,平
2017-12-31,丁,酉,壬,子,壬,辰,定,壬辰,十方暮,南,寅卯戌亥,庭,False,False,False,False,,True,False,True,北,出遊(吉),,,False,申酉,定
2018-01-01,丁,酉,壬,子,癸,巳,執,癸巳,天一天上,南,寅卯戌亥,庭,False,True,False,False,,True,False,False,天一天上,北宮(凶),,下吉,True,申酉,執
2018-01-02,丁,酉,壬,子,甲,午,破,甲午,天一天上,南,寅卯戌亥,庭,False,False,True,True,狼藉,False,False,False,天一天上,北宮(凶),,,False,午未,破
2018-01-03,丁,酉,壬,子,乙,未,危,乙未,天一天上,南,寅卯戌亥,庭,False,False,False,False,,False,False,True,天一天上,北宮(凶),,,False,午未,危
2018-01-04,丁,酉,壬,子,丙,申,成,丙申,天一天上,南,寅卯戌亥,庭,False,False,False,False,,False,False,False,天一天上,北宮(凶),,,False,午未,成
2018-01-05,丁,酉,癸,丑,丁,酉,成,丁酉,天一天上,南,寅卯戌亥,庭,False,False,False,True,狼藉,False,False,False,天一天上,北宮(凶),,上吉,False,午未,成
2018-01-06,丁,酉,癸,丑,戊,戌,收,戊戌,天一天上,南,寅卯戌亥,庭,False,True,False,False,滅門,False,False,False,天一天上,南宮(凶),,,False,午未,收
2018-01-07,丁,酉,癸,丑,己,亥,開,己亥,天一天上,南,寅卯戌亥,庭,False,True,False,False,,False,False,False,天一天上,南宮(凶),,,True,午未,開
2018-01-08,丁,酉,癸,丑,庚,子,閉,庚子,天一天上,南,寅卯戌亥,庭,False,False,True,False,,False,False,False,天一天上,南宮(凶),,中吉,False,午未,閉
2018-01-09,丁,酉,癸,丑,辛,丑,建,辛丑,天一天上,南,寅卯戌亥,庭,False,False,False,False,,False,False,True,天一天上,南宮(凶),,下吉,False,午未,建
2018-01-10,丁,酉,癸,丑,壬,寅,除,壬寅,天一天上,南,寅卯戌亥,庭,False,False,False,False,,False,False,False,天一天上,南宮(凶),,中吉,False,午未,除
2018-01-11,丁,酉,癸,丑,癸,卯,滿,癸卯,天一天上,南,寅卯戌亥,庭,False,False,False,False,,False,False,False,天一天上,西宮(凶),,下吉,False,午未,滿
2018-01-12,丁,酉,癸,丑,甲,辰,平,甲辰,天一天上,南,寅卯戌亥,庭,False,False,False,False,大禍,False,False,False,天一天上,東宮(凶),,中吉,False,辰巳,平
2018-01-13,丁,酉,癸,丑,乙,巳,定,乙巳,天一天上,南,寅卯戌亥,庭,False,False,False,False,,False,False,False,天一天上,東宮(凶),,,True,辰巳,定
2018-01-14,丁,酉,癸,丑,丙,午,執,丙午,天一天上,南,寅卯戌亥,庭,False,False,False,False,,False,False,False,天一天上,東宮(凶),,下吉,False,辰巳,執
2018-01-15,丁,酉,癸,丑,丁,未,破,丁未,天一天上,南,寅卯戌亥,庭,False,False,False,False,,False,False,False,天一天上,東宮(凶),,下吉,False,辰巳,破
2018-01-16,丁,酉,癸,丑,戊,申,危,戊申,天一天上,南,寅卯戌亥,庭,False,True,False,False,,False,False,False,天一天上,東宮(凶),小土(凶),下吉,False,辰巳,危
2018-01-17,丁,酉,癸,丑,己,酉,成,己酉,,南,寅卯戌亥,庭,False,True,False,True,狼藉,False,False,False,東北,出遊(吉),小土(凶),上吉,False,辰巳,成
2018-01-18,丁,酉,癸,丑,庚,戌,收,庚戌,,南,寅卯戌亥,庭,False,False,False,False,滅門,False,False,False,東北,出遊(吉),小土(凶),,False,辰巳,收
2018-01-19,丁,酉,癸,丑,辛,亥,開,辛亥,,南,寅卯戌亥,庭,False,False,False,False,,False,False,False,東北,出遊(吉),小土(凶),下吉,True,辰巳,開
2018-01-20,丁,酉,癸,丑,壬,子,閉,壬子,八專,南,寅卯戌亥,庭,False,False,True,False,,False,True,False,東北,出遊(吉),小土(凶),,False,辰巳,閉
2018-01-21,丁,酉,癸,丑,癸,丑,建,癸丑,八專,南,寅卯戌亥,庭,False,False,False,False,,False,False,False,東北,出遊(吉),小土(凶),下吉,False,辰巳,建
2018-01-22,丁,酉,癸,丑,甲,寅,除,甲寅,八專,南,寅卯戌亥,庭,False,False,False,False,,False,True,False,東北,出遊(吉),小土(凶),下吉,False,寅卯,除
2018-01-23,丁,酉,癸,丑,乙,卯,滿,乙卯,八專,南,寅卯戌亥,庭,False,False,False,False,,False,True,False,東,出遊(吉),,下吉,False,寅卯,滿
2018-01-24,丁,酉,癸,丑,丙,辰,平,丙辰,八專,南,寅卯戌亥,庭,False,False,False,False,大禍,False,False,False,東,出遊(吉),,,False,寅卯,平
2018-01-25,丁,酉,癸,丑,丁,巳,定,丁巳,八專,南,寅卯戌亥,庭,False,False,False,False,,False,True,False,東,出遊(吉),,下吉,True,寅卯,定
2018-01-26,丁,酉,癸,丑,戊,午,執,戊午,八專,南,寅卯戌亥,庭,False,True,False,False,,False,True,False,東,出遊(吉),,,False,寅卯,執
2018-01-27,丁,酉,癸,丑,己,未,破,己未,八專,南,寅卯戌亥,庭,False,True,False,False,,False,False,False,東,出遊(吉),,下吉,False,寅卯,破
2018-01-28,丁,酉,癸,丑,庚,申,危,庚申,八專,南,寅卯戌亥,庭,False,False,False,False,,False,True,False,東南,出遊(吉),,,False,寅卯,危
2018-01-29,丁,酉,癸,丑,辛,酉,成,辛酉,八專,南,寅卯戌亥,庭,False,False,False,True,狼藉,False,True,False,東南,出遊(吉),,下吉,False,寅卯,成
2018-01-30,丁,酉,癸,丑,壬,戌,收,壬戌,八專,南,寅卯戌亥,庭,False,False,False,False,滅門,False,False,False,東南,出遊(吉),,,False,寅卯,收
2018-01-31,丁,酉,癸,丑,癸,亥,開,癸亥,八專,南,寅卯戌亥,庭,False,False,False,False,,False,True,False,東南,出遊(吉),,,True,寅卯,開
2018-02-01,丁,酉,癸,丑,甲,子,閉,甲子,,南,寅卯戌亥,庭,True,False,True,False,,False,False,False,東南,出遊(吉),,,False,子丑,閉
2018-02-02,丁,酉,癸,丑,乙,丑,建,乙丑,,南,寅卯戌亥,庭,False,False,False,False,,False,False,False,東南,出遊(吉),,,False,子丑,建
2018-02-03,丁,酉,癸,丑,丙,寅,除,丙寅,,南,寅卯戌亥,庭,False,False,False,False,,False,False,False,南,出遊(吉),,下吉,False,子丑,除
2018-02-04,丁,酉,甲,寅,丁,卯,除,丁卯,,南,寅卯戌亥,灶,False,False,False,False,,False,False,False,南,出遊(吉),,下吉,False,子丑,除
2018-02-05,丁,酉,甲,寅,戊,辰,滿,戊辰,,南,寅卯戌亥,灶,False,False,False,False,,False,False,True,南,出遊(吉),,,False,子丑,滿
2018-02-06,丁,酉,甲,寅,己,巳,平,己巳,,南,寅卯戌亥,灶,False,False,False,False,滅門,False,False,False,南,出遊(吉),,,True,子丑,平
2018-02-07,丁,酉,甲,寅,庚,午,定,庚午,,南,寅卯戌亥,灶,False,True,False,False,,False,False,False,南,出遊(吉),大土(凶),下吉,False,子丑,定
2018-02-08,丁,酉,甲,寅,辛,未,執,辛未,,南,寅卯戌亥,灶,False,False,False,False,,False,False,False,西南,出遊(吉),大土(凶),中吉,False,子丑,執
2018-02-09,丁,酉,甲,寅,壬,申,破,壬申,,南,寅卯戌亥,灶,False,False,False,False,,False,False,False,西南,出遊(吉),大土(凶),,False,子丑,破
2018-02-10,丁,酉,甲,寅,癸,酉,危,癸酉,,南,寅卯戌亥,灶,False,False,False,False,,False,False,False,西南,出遊(吉),大土(凶),中吉,False,子丑,危
2018-02-11,丁,酉,甲,寅,甲,戌,成,甲戌,,南,寅卯戌亥,灶,False,True,False,False,,False,False,False,西南,出遊(吉),大土(凶),,False,戌亥,成
2018-02-12,丁,酉,甲,寅,乙,亥,收,乙亥,,南,寅卯戌亥,灶,False,False,False,False,大禍,False,False,False,西南,出遊(吉),大土(凶),,True,戌亥,收
2018-02-13,丁,酉,甲,寅,丙,子,開,丙子,,南,寅卯戌亥,灶,False,False,False,True,狼藉,False,False,False,西南,出遊(吉),大土(凶),,False,戌亥,開
2018-02-14,丁,酉,甲,寅,丁,丑,閉,丁丑,,南,寅卯戌亥,灶,False,False,True,False,,False,False,False,西,出遊(吉),,下吉,False,戌亥,閉
2018-02-15,丁,酉,甲,寅,戊,寅,建,戊寅,,南,寅卯戌亥,灶,True,False,False,False,,False,False,False,西,出遊(吉),,下吉,False,戌亥,建
2018-02-16,戊,戌,甲,寅,己,卯,除,己卯,,南,申酉子丑,灶,False,False,False,False,,False,False,False,西,出遊(吉),,,False,戌亥,除
2018-02-17,戊,戌,甲,寅,庚,辰,滿,庚辰,,南,申酉子丑,灶,False,True,False,False,,False,False,False,西,出遊(吉),,下吉,False,戌亥,滿
2018-02-18,戊,戌,甲,寅,辛,巳,平,辛巳,,南,申酉子丑,灶,False,False,False,False,滅門,False,False,False,西,出遊(吉),,下吉,True,戌亥,平
2018-02-19,戊,戌,甲,寅,壬,午,定,壬午,,南,申酉子丑,灶,False,False,False,False,,False,False,False,西北,出遊(吉),,上吉,False,戌亥,定
2018-02-20,戊,戌,甲,寅,癸,未,執,癸未,,南,申酉子丑,灶,False,False,False,False,,False,False,False,西北,出遊(吉),,下吉,False,戌亥,執
2018-02-21,戊,戌,甲,寅,甲,申,破,甲申,十方暮,南,申酉子丑,灶,False,True,False,False,,True,False,False,西北,出遊(吉),,上吉,False,申酉,破
2018-02-22,戊,戌,甲,寅,乙,酉,危,乙酉,十方暮,南,申酉子丑,灶,False,False,False,False,,True,False,False,西北,出遊(吉),,下吉,False,申酉,危
2018-02-23,戊,戌,甲,寅,丙,戌,成,丙戌,十方暮,南,申酉子丑,灶,False,False,False,False,,True,False,True,西北,出遊(吉),,,False,申酉,成
2018-02-24,戊,戌,甲,寅,丁,亥,收,丁亥,十方暮,南,申酉子丑,灶,False,False,False,False,大禍,True,False,False,西北,出遊(吉),,,True,申酉,收
2018-02-25,戊,戌,甲,寅,戊,子,開,戊子,十方暮,南,申酉子丑,灶,False,False,False,True,狼藉,True,False,False,北,出遊(吉),,,False,申酉,開
2018-02-26,戊,戌,甲,寅,己,丑,閉,己丑,十方暮,南,申酉子丑,灶,False,False,True,False,,True,False,False,北,出遊(吉),,,False,申酉,閉
2018-02-27,戊,戌,甲,寅,庚,寅,建,庚寅,十方暮,南,申酉子丑,灶,False,True,False,False,,True,False,False,北,出遊(吉),,上吉,False,申酉,建
2018-02-28,戊,戌,甲,寅,辛,卯,除,辛卯,十方暮,南,申酉子丑,灶,False,False,False,False,,True,False,False,北,出遊(吉),,,False,申酉,除
2018-03-01,戊,戌,甲,寅,壬,辰,滿,壬辰,十方暮,南,申酉子丑,灶,False,False,False,False,,True,False,True,北,出遊(吉),,,False,申酉,滿
2018-03-02,戊,戌,甲,寅,癸,巳,平,癸巳,天一天上,南,申酉子丑,灶,False,False,False,False,滅門,True,False,False,天一天上,北宮(凶),,下吉,True,申酉,平
2018-03-03,戊,戌,甲,寅,甲,午,定,甲午,天一天上,南,申酉子丑,灶,False,True,False,False,,False,False,False,天一天上,北宮(凶),,,False,午未,定
2018-03-04,戊,戌,甲,寅,乙,未,執,乙未,天一天上,南,申酉子丑,灶,False,False,False,False,,False,False,True,天一天上,北宮(凶),,,False,午未,執
2018-03-05,戊,戌,乙,卯,丙,申,執,丙申,天一天上,南,申酉子丑,灶,False,False,False,False,,False,False,False,天一天上,北宮(凶),,,False,午未,執
2018-03-06,戊,戌,乙,卯,丁,酉,破,丁酉,天一天上,南,申酉子丑,灶,False,False,False,False,,False,False,False,天一天上,北宮(凶),,上吉,False,午未,破
2018-03-07,戊,戌,乙,卯,戊,戌,危,戊戌,天一天上,南,申酉子丑,灶,False,False,False,False,,False,False,False,天一天上,南宮(凶),,,False,午未,危
2018-03-08,戊,戌,乙,卯,己,亥,成,己亥,天一天上,南,申酉子丑,灶,False,False,False,False,,False,False,False,天一天上,南宮(凶),,,True,午未,成
2018-03-09,戊,戌,乙,卯,庚,子,收,庚子,天一天上,南,申酉子丑,灶,False,False,False,False,滅門,False,False,False,天一天上,南宮(凶),,中吉,False,午未,收
2018-03-10,戊,戌,乙,卯,辛,丑,開,辛丑,天一天上,南,申酉子丑,灶,False,True,False,False,,False,False,True,天一天上,南宮(凶),,下吉,False,午未,開
2018-03-11,戊,戌,乙,卯,壬,寅,閉,壬寅,天一天上,南,申酉子丑,灶,False,False,False,False,,False,False,False,天一天上,南宮(凶),,中吉,False,午未,閉
2018-03-12,戊,戌,乙,卯,癸,卯,建,癸卯,天一天上,南,申酉子丑,灶,False,False,False,True,狼藉,False,False,False,天一天上,西宮(凶),,下吉,False,午未,建
2018-03-13,戊,戌,乙,卯,甲,辰,除,甲辰,天一天上,南,申酉子丑,灶,False,False,False,False,,False,False,False,天一天上,東宮(凶),,中吉,False,辰巳,除
2018-03-14,戊,戌,乙,卯,乙,巳,滿,乙巳,天一天上,南,申酉子丑,灶,False,True,False,False,,False,False,False,天一天上,東宮(凶),,,True,辰巳,滿
2018-03-15,戊,戌,乙,卯,丙,午,平,丙午,天一天上,南,申酉子丑,灶,False,False,False,False,大禍,False,False,False,天一天上,東宮(凶),,下吉,False,辰巳,平
2018-03-16,戊,戌,乙,卯,丁,未,定,丁未,天一天上,南,申酉子丑,灶,False,False,True,False,,False,False,False,天一天上,東宮(凶),,下吉,False,辰巳,定
2018-03-17,戊,戌,乙,卯,戊,申,執,戊申,天一天上,南,申酉子丑,灶,False,False,False,False,,False,False,False,天一天上,東宮(凶),小土(凶),下吉,False,辰巳,執
2018-03-18,戊,戌,乙,卯,己,酉,破,己酉,,南,申酉子丑,灶,False,False,False,False,,False,False,False,東北,出遊(吉),小土(凶),上吉,False,辰巳,破
2018-03-19,戊,戌,乙,卯,庚,戌,危,庚戌,,南,申酉子丑,灶,False,False,False,False,,False,False,False,東北,出遊(吉),小土(凶),,False,辰巳,危
2018-03-20,戊,戌,乙,卯,辛,亥,成,辛亥,,南,申酉子丑,灶,False,True,False,False,,False,False,False,東北,出遊(吉),小土(凶),下吉,True,辰巳,成
2018-03-21,戊,戌,乙,卯,壬,子,收,壬子,八專,南,申酉子丑,灶,False,False,False,False,滅門,False,True,False,東北,出遊(吉),小土(凶),,False,辰巳,收
2018-03-22,戊,戌,乙,卯,癸,丑,開,癸丑,八專,南,申酉子丑,灶,False,False,False,False,,False,False,False,東北,出遊(吉),小土(凶),下吉,False,辰巳,開
2018-03-23,戊,戌,乙,卯,甲,寅,閉,甲寅,八專,南,申酉子丑,灶,False,False,False,False,,False,True,False,東北,出遊(吉),小土(凶),下吉,False,寅卯,閉
2018-03-24,戊,戌,乙,卯,乙,卯,建,乙卯,八專,南,申酉子丑,灶,False,True,False,True,狼藉,False,True,False,東,出遊(吉),,下吉,False,寅卯,建
2018-03-25,戊,戌,乙,卯,丙,辰,除,丙辰,八專,南,申酉子丑,灶,False,False,False,False,,False,False,False,東,出遊(吉),,,False,寅卯,除
2018-03-26,戊,戌,乙,卯,丁,巳,滿,丁巳,八專,南,申酉子丑,灶,False,False,False,False,,False,True,False,東,出遊(吉),,下吉,True,寅卯,滿
2018-03-27,戊,戌,乙,卯,戊,午,平,戊午,八專,南,申酉子丑,灶,False,False,False,False,大禍,False,True,False,東,出遊(吉),,,False,寅卯,平
2018-03-28,戊,戌,乙,卯,己,未,定,己未,八專,南,申酉子丑,灶,False,False,True,False,,False,False,False,東,出遊(吉),,下吉,False,寅卯,定
2018-03-29,戊,戌,乙,卯,庚,申,執,庚申,八專,南,申酉子丑,灶,False,False,False,False,,False,True,False,東南,出遊(吉),,,False,寅卯,執
2018-03-30,戊,戌,乙,卯,辛,酉,破,辛酉,八專,南,申酉子丑,灶,False,True,False,False,,False,True,False,東南,出遊(吉),,下吉,False,寅卯,破
2018-03-31,戊,戌,乙,卯,壬,戌,危,壬戌,八專,南,申酉子丑,灶,False,False,False,False,,False,False,False,東南,出遊(吉),,,False,寅卯,危
2018-04-01,戊,戌,乙,卯,癸,亥,成,癸亥,八專,南,申酉子丑,灶,False,False,False,False,,False,True,False,東南,出遊(吉),,,True,寅卯,成
2018-04-02,戊,戌,乙,卯,甲,子,收,甲子,,南,申酉子丑,灶,False,False,False,False,滅門,False,False,False,東南,出遊(吉),,,False,子丑,收
2018-04-03,戊,戌,乙,卯,乙,丑,開,乙丑,,南,申酉子丑,灶,False,True,False,False,,False,False,False,東南,出遊(吉),,,False,子丑,開
2018-04-04,戊,戌,乙,卯,丙,寅,閉,丙寅,,南,申酉子丑,灶,False,False,False,False,,False,False,False,南,出遊(吉),,下吉,False,子丑,閉
2018-04-05,戊,戌,丙,辰,丁,卯,閉,丁卯,,南,申酉子丑,灶,False,False,False,False,,False,False,False,南,出遊(吉),,下吉,False,子丑,閉
2018-04-06,戊,戌,丙,辰,戊,辰,建,戊辰,,南,申酉子丑,灶,False,True,False,False,,False,False,True,南,出遊(吉),,,False,子丑,建
2018-04-07,戊,戌,丙,辰,己,巳,除,己巳,,南,申酉子丑,灶,False,True,False,False,,False,False,False,南,出遊(吉),,,True,子丑,除
2018-04-08,戊,戌,丙,辰,庚,午,滿,庚午,,南,申酉子丑,灶,False,False,False,True,狼藉,False,False,False,南,出遊(吉),大土(凶),下吉,False,子丑,滿
2018-04-09,戊,戌,丙,辰,辛,未,平,辛未,,南,申酉子丑,灶,False,False,False,False,滅門,False,False,False,西南,出遊(吉),大土(凶),中吉,False,子丑,平
2018-04-10,戊,戌,丙,辰,壬,申,定,壬申,,南,申酉子丑,灶,False,False,False,False,,False,False,False,西南,出遊(吉),大土(凶),,False,子丑,定
2018-04-11,戊,戌,丙,辰,癸,酉,執,癸酉,,南,申酉子丑,灶,False,False,False,False,,False,False,False,西南,出遊(吉),大土(凶),中吉,False,子丑,執
2018-04-12,戊,戌,丙,辰,甲,戌,破,甲戌,,南,申酉子丑,灶,False,False,False,False,,False,False,False,西南,出遊(吉),大土(凶),,False,戌亥,破
2018-04-13,戊,戌,丙,辰,乙,亥,危,乙亥,,南,申酉子丑,灶,False,False,False,False,,False,False,False,西南,出遊(吉),大土(凶),,True,戌亥,危
2018-04-14,戊,戌,丙,辰,丙,子,成,丙子,,南,申酉子丑,灶,False,False,False,False,,False,False,False,西南,出遊(吉),大土(凶),,False,戌亥,成
2018-04-15,戊,戌,丙,辰,丁,丑,收,丁丑,,南,申酉子丑,灶,False,False,False,False,大禍,False,False,False,西,出遊(吉),,下吉,False,戌亥,收
2018-04-16,戊,戌,丙,辰,戊,寅,開,戊寅,,南,申酉子丑,灶,True,True,True,False,,False,False,False,西,出遊(吉),,下吉,False,戌亥,開
2018-04-17,戊,戌,丙,辰,己,卯,閉,己卯,,南,申酉子丑,灶,False,True,False,False,,False,False,False,西,出遊(吉),,,False,戌亥,閉
2018-04-18,戊,戌,丙,辰,庚,辰,建,庚辰,,南,申酉子丑,灶,False,False,False,False,,False,False,False,西,出遊(吉),,下吉,False,戌亥,建
2018-04-19,戊,戌,丙,辰,辛,巳,除,辛巳,,南,申酉子丑,灶,False,False,False,False,,False,False,False,西,出遊(吉),,下吉,True,戌亥,除
2018-04-20,戊,戌,丙,辰,壬,午,滿,壬午,,南,申酉子丑,灶,False,False,False,True,狼藉,False,False,False,西北,出遊(吉),,上吉,False,戌亥,滿
2018-04-21,戊,戌,丙,辰,癸,未,平,癸未,,南,申酉子丑,灶,False,False,False,False,滅門,False,False,False,西北,出遊(吉),,下吉,False,戌亥,平
2018-04-22,戊,戌,丙,辰,甲,申,定,甲申,十方暮,南,申酉子丑,灶,False,False,False,False,,True,False,False,西北,出遊(吉),,上吉,False,申酉,定
2018-04-23,戊,戌,丙,辰,乙,酉,執,乙酉,十方暮,南,申酉子丑,灶,False,False,False,False,,True,False,False,西北,出遊(吉),,下吉,False,申酉,執
2018-04-24,戊,戌,丙,辰,丙,戌,破,丙戌,十方暮,南,申酉子丑,灶,False,False,False,False,,True,False,True,西北,出遊(吉),,,False,申酉,破
2018-04-25,戊,戌,丙,辰,丁,亥,危,丁亥,十方暮,南,申酉子丑,灶,False,False,False,False,,True,False,False,西北,出遊(吉),,,True,申酉,危
2018-04-26,戊,戌,丙,辰,戊,子,成,戊子,十方暮,南,申酉子丑,灶,False,True,False,False,,True,False,False,北,出遊(吉),,,False,申酉,成
2018-04-27,戊,戌,丙,辰,己,丑,收,己丑,十方暮,南,申酉子丑,灶,False,True,False,False,大禍,True,False,False,北,出遊(吉),,,False,申酉,收
2018-04-28,戊,戌,丙,辰,庚,寅,開,庚寅,十方暮,南,申酉子丑,灶,False,False,True,False,,True,False,False,北,出遊(吉),,上吉,False,申酉,開
2018-04-29,戊,戌,丙,辰,辛,卯,閉,辛卯,十方暮,南,申酉子丑,灶,False,False,False,False,,True,False,False,北,出遊(吉),,,False,申酉,閉
2018-04-30,戊,戌,丙,辰,壬,辰,建,壬辰,十方暮,南,申酉子丑,灶,False,False,False,False,,True,False,True,北,出遊(吉),,,False,申酉,建
2018-05-01,戊,戌,丙,辰,癸,巳,除,癸巳,天一天上,南,申酉子丑,灶,False,False,False,False,,True,False,False,天一天上,北宮(凶),,下吉,True,申酉,除
2018-05-02,戊,戌,丙,辰,甲,午,滿,甲午,天一天上,南,申酉子丑,灶,False,False,False,True,狼藉,False,False,False,天一天上,北宮(凶),,,False,午未,滿
2018-05-03,戊,戌,丙,辰,乙,未,平,乙未,天一天上,南,申酉子丑,灶,False,False,False,False,滅門,False,False,True,天一天上,北宮(凶),,,False,午未,平
2018-05-04,戊,戌,丙,辰,丙,申,定,丙申,天一天上,南,申酉子丑,灶,False,False,False,False,,False,False,False,天一天上,北宮(凶),,,False,午未,定
2018-05-05,戊,戌,丁,巳,丁,酉,定,丁酉,天一天上,南,申酉子丑,門,False,False,False,True,,False,False,False,天一天上,北宮(凶),,上吉,False,午未,定
2018-05-06,戊,戌,丁,巳,戊,戌,執,戊戌,天一天上,南,申酉子丑,門,False,False,False,False,,False,False,False,天一天上,南宮(凶),,,False,午未,執
2018-05-07,戊,戌,丁,巳,己,亥,破,己亥,天一天上,南,申酉子丑,門,False,False,False,False,,False,False,False,天一天上,南宮(凶),,,True,午未,破
2018-05-08,戊,戌,丁,巳,庚,子,危,庚子,天一天上,南,申酉子丑,門,False,False,False,False,,False,False,False,天一天上,南宮(凶),,中吉,False,午未,危
2018-05-09,戊,戌,丁,巳,辛,丑,成,辛丑,天一天上,南,申酉子丑,門,False,False,False,False,,False,False,True,天一天上,南宮(凶),,下吉,False,午未,成
2018-05-10,戊,戌,丁,巳,壬,寅,收,壬寅,天一天上,南,申酉子丑,門,False,True,False,False,滅門,False,False,False,天一天上,南宮(凶),,中吉,False,午未,收
2018-05-11,戊,戌,丁,巳,癸,卯,開,癸卯,天一天上,南,申酉子丑,門,False,False,False,False,,False,False,False,天一天上,西宮(凶),,下吉,False,午未,開
2018-05-12,戊,戌,丁,巳,甲,辰,閉,甲辰,天一天上,南,申酉子丑,門,False,False,False,False,,False,False,False,天一天上,東宮(凶),,中吉,False,辰巳,閉
2018-05-13,戊,戌,丁,巳,乙,巳,建,乙巳,天一天上,南,申酉子丑,門,False,False,False,False,,False,False,False,天一天上,東宮(凶),,,True,辰巳,建
2018-05-14,戊,戌,丁,巳,丙,午,除,丙午,天一天上,南,申酉子丑,門,False,True,False,False,狼藉,False,False,False,天一天上,東宮(凶),,下吉,False,辰巳,除
2018-05-15,戊,戌,丁,巳,丁,未,滿,丁未,天一天上,南,申酉子丑,門,False,False,False,False,,False,False,False,天一天上,東宮(凶),,下吉,False,辰巳,滿
2018-05-16,戊,戌,丁,巳,戊,申,平,戊申,天一天上,南,申酉子丑,門,False,False,True,False,大禍,False,False,False,天一天上,東宮(凶),小土(凶),下吉,False,辰巳,平
2018-05-17,戊,戌,丁,巳,己,酉,定,己酉,,南,申酉子丑,門,False,False,False,True,,False,False,False,東北,出遊(吉),小土(凶),上吉,False,辰巳,定
2018-05-18,戊,戌,丁,巳,庚,戌,執,庚戌,,南,申酉子丑,門,False,False,False,False,,False,False,False,東北,出遊(吉),小土(凶),,False,辰巳,執
2018-05-19,戊,戌,丁,巳,辛,亥,破,辛亥,,南,申酉子丑,門,False,False,False,False,,False,False,False,東北,出遊(吉),小土(凶),下吉,True,辰巳,破
2018-05-20,戊,戌,丁,巳,壬,子,危,壬子,八專,南,申酉子丑,門,False,True,False,False,,False,True,False,東北,出遊(吉),小土(凶),,False,辰巳,危
2018-05-21,戊,戌,丁,巳,癸,丑,成,癸丑,八專,南,申酉子丑,門,False,False,False,False,,False,False,False,東北,出遊(吉),小土(凶),下吉,False,辰巳,成
2018-05-22,戊,戌,丁,巳,甲,寅,收,甲寅,八專,南,申酉子丑,門,False,False,False,False,滅門,False,True,False,東北,出遊(吉),小土(凶),下吉,False,寅卯,收
2018-05-23,戊,戌,丁,巳,乙,卯,開,乙卯,八專,南,申酉子丑,門,False,False,False,False,,False,True,False,東,出遊(吉),,下吉,False,寅卯,開
2018-05-24,戊,戌,丁,巳,丙,辰,閉,丙辰,八專,南,申酉子丑,門,False,True,False,False,,False,False,False,東,出遊(吉),,,False,寅卯,閉
2018-05-25,戊,戌,丁,巳,丁,巳,建,丁巳,八專,南,申酉子丑,門,False,False,False,False,,False,True,False,東,出遊(吉),,下吉,True,寅卯,建
2018-05-26,戊,戌,丁,巳,戊,午,除,戊午,八專,南,申酉子丑,門,False,False,False,False,狼藉,False,True,False,東,出遊(吉),,,False,寅卯,除
2018-05-27,戊,戌,丁,巳,己,未,滿,己未,八專,南,申酉子丑,門,False,False,False,False,,False,False,False,東,出遊(吉),,下吉,False,寅卯,滿
2018-05-28,戊,戌,丁,巳,庚,申,平,庚申,八專,南,申酉子丑,門,False,False,True,False,大禍,False,True,False,東南,出遊(吉),,,False,寅卯,平
2018-05-29,戊,戌,丁,巳,辛,酉,定,辛酉,八專,南,申酉子丑,門,False,False,False,True,,False,True,False,東南,出遊(吉),,下吉,False,寅卯,定
2018-05-30,戊,戌,丁,巳,壬,戌,執,壬戌,八專,南,申酉子丑,門,False,True,False,False,,False,False,False,東南,出遊(吉),,,False,寅卯,執
2018-05-31,戊,戌,丁,巳,癸,亥,破,癸亥,八專,南,申酉子丑,門,False,False,False,False,,False,True,False,東南,出遊(吉),,,True,寅卯,破
2018-06-01,戊,戌,丁,巳,甲,子,危,甲子,,南,申酉子丑,門,False,False,False,False,,False,False,False,東南,出遊(吉),,,False,子丑,危
2018-06-02,戊,戌,丁,巳,乙,丑,成,乙丑,,南,申酉子丑,門,False,False,False,False,,False,False,False,東南,出遊(吉),,,False,子丑,成
2018-06-03,戊,戌,丁,巳,丙,寅,收,丙寅,,南,申酉子丑,門,False,True,False,False,滅門,False,False,False,南,出遊(吉),,下吉,False,子丑,收
2018-06-04,戊,戌,丁,巳,丁,卯,開,丁卯,,南,申酉子丑,門,False,False,False,False,,False,False,False,南,出遊(吉),,下吉,False,子丑,開
2018-06-05,戊,戌,丁,巳,戊,辰,閉,戊辰,,南,申酉子丑,門,False,False,False,False,,False,False,True,南,出遊(吉),,,False,子丑,閉
2018-06-06,戊,戌,戊,午,己,巳,閉,己巳,,南,申酉子丑,門,False,False,False,False,,False,False,False,南,出遊(吉),,,True,子丑,閉
2018-06-07,戊,戌,戊,午,庚,午,建,庚午,,南,申酉子丑,門,False,False,False,False,,False,False,False,南,出遊(吉),大土(凶),下吉,False,子丑,建
2018-06-08,戊,戌,戊,午,辛,未,除,辛未,,南,申酉子丑,門,False,False,False,False,,False,False,False,西南,出遊(吉),大土(凶),中吉,False,子丑,除
2018-06-09,戊,戌,戊,午,壬,申,滿,壬申,,南,申酉子丑,門,False,False,False,False,,False,False,False,西南,出遊(吉),大土(凶),,False,子丑,滿
2018-06-10,戊,戌,戊,午,癸,酉,平,癸酉,,南,申酉子丑,門,False,True,False,False,滅門,False,False,False,西南,出遊(吉),大土(凶),中吉,False,子丑,平
2018-06-11,戊,戌,戊,午,甲,戌,定,甲戌,,南,申酉子丑,門,False,False,False,False,,False,False,False,西南,出遊(吉),大土(凶),,False,戌亥,定
2018-06-12,戊,戌,戊,午,乙,亥,執,乙亥,,南,申酉子丑,門,False,False,False,False,,False,False,False,西南,出遊(吉),大土(凶),,True,戌亥,執
2018-06-13,戊,戌,戊,午,丙,子,破,丙子,,南,申酉子丑,門,False,False,False,True,狼藉,False,False,False,西南,出遊(吉),大土(凶),,False,戌亥,破
2018-06-14,戊,戌,戊,午,丁,丑,危,丁丑,,南,申酉子丑,門,False,True,False,False,,False,False,False,西,出遊(吉),,下吉,False,戌亥,危
2018-06-15,戊,戌,戊,午,戊,寅,成,戊寅,,南,申酉子丑,門,False,False,False,False,,False,False,False,西,出遊(吉),,下吉,False,戌亥,成
2018-06-16,戊,戌,戊,午,己,卯,收,己卯,,南,申酉子丑,門,False,False,True,False,大禍,False,False,False,西,出遊(吉),,,False,戌亥,收
2018-06-17,戊,戌,戊,午,庚,辰,開,庚辰,,南,申酉子丑,門,False,False,False,False,,False,False,False,西,出遊(吉),,下吉,False,戌亥,開
2018-06-18,戊,戌,戊,午,辛,巳,閉,辛巳,,南,申酉子丑,門,False,False,False,False,,False,False,False,西,出遊(吉),,下吉,True,戌亥,閉
2018-06-19,戊,戌,戊,午,壬,午,建,壬午,,南,申酉子丑,門,False,False,False,False,,False,False,False,西北,出遊(吉),,上吉,False,戌亥,建
2018-06-20,戊,戌,戊,午,癸,未,除,癸未,,南,申酉子丑,門,False,True,False,False,,False,False,False,西北,出遊(吉),,下吉,False,戌亥,除
2018-06-21,戊,戌,戊,午,甲,申,滿,甲申,十方暮,南,申酉子丑,門,False,False,False,False,,True,False,False,西北,出遊(吉),,上吉,False,申酉,滿
2018-06-22,戊,戌,戊,午,乙,酉,平,乙酉,十方暮,南,申酉子丑,門,False,False,False,False,滅門,True,False,False,西北,出遊(吉),,下吉,False,申酉,平
2018-06-23,戊,戌,戊,午,丙,戌,定,丙戌,十方暮,南,申酉子丑,門,False,False,False,False,,True,False,True,西北,出遊(吉),,,False,申酉,定
2018-06-24,戊,戌,戊,午,丁,亥,執,丁亥,十方暮,南,申酉子丑,門,False,True,False,False,,True,False,False,西北,出遊(吉),,,True,申酉,執
2018-06-25,戊,戌,戊,午,戊,子,破,戊子,十方暮,南,申酉子丑,門,False,False,False,True,狼藉,True,False,False,北,出遊(吉),,,False,申酉,破
2018-06-26,戊,戌,戊,午,己,丑,危,己丑,十方暮,南,申酉子丑,門,False,False,False,False,,True,False,False,北,出遊(吉),,,False,申酉,危
2018-06-27,戊,戌,戊,午,庚,寅,成,庚寅,十方暮,南,申酉子丑,門,False,False,False,False,,True,False,False,北,出遊(吉),,上吉,False,申酉,成
2018-06-28,戊,戌,戊,午,辛,卯,收,辛卯,十方暮,南,申酉子丑,門,False,False,True,False,大禍,True,False,False,北,出遊(吉),,,False,申酉,收
2018-06-29,戊,戌,戊,午,壬,辰,開,壬辰,十方暮,南,申酉子丑,門,False,False,False,False,,True,False,True,北,出遊(吉),,,False,申酉,開
2018-06-30,戊,戌,戊,午,癸,巳,閉,癸巳,天一天上,南,申酉子丑,門,False,True,False,False,,True,False,False,天一天上,北宮(凶),,下吉,True,申酉,閉
2018-07-01,戊,戌,戊,午,甲,午,建,甲午,天一天上,南,申酉子丑,門,True,False,False,False,,False,False,False,天一天上,北宮(凶),,,False,午未,建
2018-07-02,戊,戌,戊,午,乙,未,除,乙未,天一天上,南,申酉子丑,門,False,False,False,False,,False,False,True,天一天上,北宮(凶),,,False,午未,除
2018-07-03,戊,戌,戊,午,丙,申,滿,丙申,天一天上,南,申酉子丑,門,False,False,False,False,,False,False,False,天一天上,北宮(凶),,,False,午未,滿
2018-07-04,戊,戌,戊,午,丁,酉,平,丁酉,天一天上,南,申酉子丑,門,False,True,False,False,滅門,False,False,False,天一天上,北宮(凶),,上吉,False,午未,平
2018-07-05,戊,戌,戊,午,戊,戌,定,戊戌,天一天上,南,申酉子丑,門,False,False,False,False,,False,False,False,天一天上,南宮(凶),,,False,午未,定
2018-07-06,戊,戌,戊,午,己,亥,執,己亥,天一天上,南,申酉子丑,門,False,False,False,False,,False,False,False,天一天上,南宮(凶),,,True,午未,執
2018-07-07,戊,戌,己,未,庚,子,執,庚子,天一天上,南,申酉子丑,門,False,False,False,False,,False,False,False,天一天上,南宮(凶),,中吉,False,午未,執
2018-07-08,戊,戌,己,未,辛,丑,破,辛丑,天一天上,南,申酉子丑,門,False,False,False,False,,False,False,True,天一天上,南宮(凶),,下吉,False,午未,破
2018-07-09,戊,戌,己,未,壬,寅,危,壬寅,天一天上,南,申酉子丑,門,False,False,False,False,,False,False,False,天一天上,南宮(凶),,中吉,False,午未,危
2018-07-10,戊,戌,己,未,癸,卯,成,癸卯,天一天上,南,申酉子丑,門,False,False,False,True,狼藉,False,False,False,天一天上,西宮(凶),,下吉,False,午未,成
2018-07-11,戊,戌,己,未,甲,辰,收,甲辰,天一天上,南,申酉子丑,門,False,False,False,False,滅門,False,False,False,天一天上,東宮(凶),,中吉,False,辰巳,收
2018-07-12,戊,戌,己,未,乙,巳,開,乙巳,天一天上,南,申酉子丑,門,False,False,False,False,,False,False,False,天一天上,東宮(凶),,,True,辰巳,開
2018-07-13,戊,戌,己,未,丙,午,閉,丙午,天一天上,南,申酉子丑,門,False,False,False,False,,False,False,False,天一天上,東宮(凶),,下吉,False,辰巳,閉
2018-07-14,戊,戌,己,未,丁,未,建,丁未,天一天上,南,申酉子丑,門,False,False,False,False,,False,False,False,天一天上,東宮(凶),,下吉,False,辰巳,建
2018-07-15,戊,戌,己,未,戊,申,除,戊申,天一天上,南,申酉子丑,門,False,True,False,False,,False,False,False,天一天上,東宮(凶),小土(凶),下吉,False,辰巳,除
2018-07-16,戊,戌,己,未,己,酉,滿,己酉,,南,申酉子丑,門,False,True,True,False,,False,False,False,東北,出遊(吉),小土(凶),上吉,False,辰巳,滿
2018-07-17,戊,戌,己,未,庚,戌,平,庚戌,,南,申酉子丑,門,False,False,False,False,大禍,False,False,False,東北,出遊(吉),小土(凶),,False,辰巳,平
2018-07-18,戊,戌,己,未,辛,亥,定,辛亥,,南,申酉子丑,門,False,False,False,False,,False,False,False,東北,出遊(吉),小土(凶),下吉,True,辰巳,定
2018-07-19,戊,戌,己,未,壬,子,執,壬子,八專,南,申酉子丑,門,False,False,False,False,,False,True,False,東北,出遊(吉),小土(凶),,False,辰巳,執
2018-07-20,戊,戌,己,未,癸,丑,破,癸丑,八專,南,申酉子丑,門,False,False,False,False,,False,False,False,東北,出遊(吉),小土(凶),下吉,False,辰巳,破
2018-07-21,戊,戌,己,未,甲,寅,危,甲寅,八專,南,申酉子丑,門,False,False,False,False,,False,True,False,東北,出遊(吉),小土(凶),下吉,False,寅卯,危
2018-07-22,戊,戌,己,未,乙,卯,成,乙卯,八專,南,申酉子丑,門,False,False,False,True,狼藉,False,True,False,東,出遊(吉),,下吉,False,寅卯,成
2018-07-23,戊,戌,己,未,丙,辰,收,丙辰,八專,南,申酉子丑,門,False,False,False,False,滅門,False,False,False,東,出遊(吉),,,False,寅卯,收
2018-07-24,戊,戌,己,未,丁,巳,開,丁巳,八專,南,申酉子丑,門,False,False,False,False,,False,True,False,東,出遊(吉),,下吉,True,寅卯,開
2018-07-25,戊,戌,己,未,戊,午,閉,戊午,八專,南,申酉子丑,門,False,True,False,False,,False,True,False,東,出遊(吉),,,False,寅卯,閉
2018-07-26,戊,戌,己,未,己,未,建,己未,八專,南,申酉子丑,門,False,True,False,False,,False,False,False,東,出遊(吉),,下吉,False,寅卯,建
2018-07-27,戊,戌,己,未,庚,申,除,庚申,八專,南,申酉子丑,門,False,False,False,False,,False,True,False,東南,出遊(吉),,,False,寅卯,除
2018-07-28,戊,戌,己,未,辛,酉,滿,辛酉,八專,南,申酉子丑,門,False,False,True,False,,False,True,False,東南,出遊(吉),,下吉,False,寅卯,滿
2018-07-29,戊,戌,己,未,壬,戌,平,壬戌,八專,南,申酉子丑,門,False,False,False,False,大禍,False,False,False,東南,出遊(吉),,,False,寅卯,平
2018-07-30,戊,戌,己,未,癸,亥,定,癸亥,八專,南,申酉子丑,門,False,False,False,False,,False,True,False,東南,出遊(吉),,,True,寅卯,定
2018-07-31,戊,戌,己,未,甲,子,執,甲子,,南,申酉子丑,門,False,False,False,False,,False,False,False,東南,出遊(吉),,,False,子丑,執
2018-08-01,戊,戌,己,未,乙,丑,破,乙丑,,南,申酉子丑,門,False,False,False,False,,False,False,False,東南,出遊(吉),,,False,子丑,破
2018-08-02,戊,戌,己,未,丙,寅,危,丙寅,,南,申酉子丑,門,False,False,False,False,,False,False,False,南,出遊(吉),,下吉,False,子丑,危
2018-08-03,戊,戌,己,未,丁,卯,成,丁卯,,南,申酉子丑,門,False,False,False,True,狼藉,False,False,False,南,出遊(吉),,下吉,False,子丑,成
2018-08-04,戊,戌,己,未,戊,辰,收,戊辰,,南,申酉子丑,門,False,True,False,False,滅門,False,False,True,南,出遊(吉),,,False,子丑,收
2018-08-05,戊,戌,己,未,己,巳,開,己巳,,南,申酉子丑,門,False,True,False,False,,False,False,False,南,出遊(吉),,,True,子丑,開
2018-08-06,戊,戌,己,未,庚,午,閉,庚午,,南,申酉子丑,門,False,False,False,False,,False,False,False,南,出遊(吉),大土(凶),下吉,False,子丑,閉
2018-08-07,戊,戌,庚,申,辛,未,閉,辛未,,南,申酉子丑,井,False,False,False,False,,False,False,False,西南,出遊(吉),大土(凶),中吉,False,子丑,閉
2018-08-08,戊,戌,庚,申,壬,申,建,壬申,,南,申酉子丑,井,False,False,False,False,,False,False,False,西南,出遊(吉),大土(凶),,False,子丑,建
2018-08-09,戊,戌,庚,申,癸,酉,除,癸酉,,南,申酉子丑,井,False,False,False,False,狼藉,False,False,False,西南,出遊(吉),大土(凶),中吉,False,子丑,除
2018-08-10,戊,戌,庚,申,甲,戌,滿,甲戌,,南,申酉子丑,井,False,True,False,False,,False,False,False,西南,出遊(吉),大土(凶),,False,戌亥,滿
2018-08-11,戊,戌,庚,申,乙,亥,平,乙亥,,南,申酉子丑,井,False,False,False,False,滅門,False,False,False,西南,出遊(吉),大土(凶),,True,戌亥,平
2018-08-12,戊,戌,庚,申,丙,子,定,丙子,,南,申酉子丑,井,False,False,False,False,,False,False,False,西南,出遊(吉),大土(凶),,False,戌亥,定
2018-08-13,戊,戌,庚,申,丁,丑,執,丁丑,,南,申酉子丑,井,False,False,False,False,,False,False,False,西,出遊(吉),,下吉,False,戌亥,執
2018-08-14,戊,戌,庚,申,戊,寅,破,戊寅,,南,申酉子丑,井,False,False,False,False,,False,False,False,西,出遊(吉),,下吉,False,戌亥,破
2018-08-15,戊,戌,庚,申,己,卯,危,己卯,,南,申酉子丑,井,False,False,False,False,,False,False,False,西,出遊(吉),,,False,戌亥,危
2018-08-16,戊,戌,庚,申,庚,辰,成,庚辰,,南,申酉子丑,井,False,True,True,False,,False,False,False,西,出遊(吉),,下吉,False,戌亥,成
2018-08-17,戊,戌,庚,申,辛,巳,收,辛巳,,南,申酉子丑,井,False,False,False,False,大禍,False,False,False,西,出遊(吉),,下吉,True,戌亥,收
2018-08-18,戊,戌,庚,申,壬,午,開,壬午,,南,申酉子丑,井,False,False,False,True,,False,False,False,西北,出遊(吉),,上吉,False,戌亥,開
2018-08-19,戊,戌,庚,申,癸,未,閉,癸未,,南,申酉子丑,井,False,False,False,False,,False,False,False,西北,出遊(吉),,下吉,False,戌亥,閉
2018-08-20,戊,戌,庚,申,甲,申,建,甲申,十方暮,南,申酉子丑,井,False,True,False,False,,True,False,False,西北,出遊(吉),,上吉,False,申酉,建
2018-08-21,戊,戌,庚,申,乙,酉,除,乙酉,十方暮,南,申酉子丑,井,False,False,False,False,狼藉,True,False,False,西北,出遊(吉),,下吉,False,申酉,除
2018-08-22,戊,戌,庚,申,丙,戌,滿,丙戌,十方暮,南,申酉子丑,井,False,False,False,False,,True,False,True,西北,出遊(吉),,,False,申酉,滿
2018-08-23,戊,戌,庚,申,丁,亥,平,丁亥,十方暮,南,申酉子丑,井,False,False,False,False,滅門,True,False,False,西北,出遊(吉),,,True,申酉,平
2018-08-24,戊,戌,庚,申,戊,子,定,戊子,十方暮,南,申酉子丑,井,False,False,False,False,,True,False,False,北,出遊(吉),,,False,申酉,定
2018-08-25,戊,戌,庚,申,己,丑,執,己丑,十方暮,南,申酉子丑,井,False,False,False,False,,True,False,False,北,出遊(吉),,,False,申酉,執
2018-08-26,戊,戌,庚,申,庚,寅,破,庚寅,十方暮,南,申酉子丑,井,False,True,False,False,,True,False,False,北,出遊(吉),,上吉,False,申酉,破
2018-08-27,戊,戌,庚,申,辛,卯,危,辛卯,十方暮,南,申酉子丑,井,False,False,False,False,,True,False,False,北,出遊(吉),,,False,申酉,危
2018-08-28,戊,戌,庚,申,壬,辰,成,壬辰,十方暮,南,申酉子丑,井,False,False,True,False,,True,False,True,北,出遊(吉),,,False,申酉,成
2018-08-29,戊,戌,庚,申,癸,巳,收,癸巳,天一天上,南,申酉子丑,井,False,False,False,False,大禍,True,False,False,天一天上,北宮(凶),,下吉,True,申酉,收
2018-08-30,戊,戌,庚,申,甲,午,開,甲午,天一天上,南,申酉子丑,井,False,True,False,True,,False,False,False,天一天上,北宮(凶),,,False,午未,開
2018-08-31,戊,戌,庚,申,乙,未,閉,乙未,天一天上,南,申酉子丑,井,False,False,False,False,,False,False,True,天一天上,北宮(凶),,,False,午未,閉
2018-09-01,戊,戌,庚,申,丙,申,建,丙申,天一天上,南,申酉子丑,井,False,False,False,False,,False,False,False,天一天上,北宮(凶),,,False,午未,建
2018-09-02,戊,戌,庚,申,丁,酉,除,丁酉,天一天上,南,申酉子丑,井,False,False,False,False,狼藉,False,False,False,天一天上,北宮(凶),,上吉,False,午未,除
2018-09-03,戊,戌,庚,申,戊,戌,滿,戊戌,天一天上,南,申酉子丑,井,False,False,False,False,,False,False,False,天一天上,南宮(凶),,,False,午未,滿
2018-09-04,戊,戌,庚,申,己,亥,平,己亥,天一天上,南,申酉子丑,井,False,False,False,False,滅門,False,False,False,天一天上,南宮(凶),,,True,午未,平
2018-09-05,戊,戌,庚,申,庚,子,定,庚子,天一天上,南,申酉子丑,井,False,True,False,False,,False,False,False,天一天上,南宮(凶),,中吉,False,午未,定
2018-09-06,戊,戌,庚,申,辛,丑,執,辛丑,天一天上,南,申酉子丑,井,False,False,False,False,,False,False,True,天一天上,南宮(凶),,下吉,False,午未,執
2018-09-07,戊,戌,庚,申,壬,寅,破,壬寅,天一天上,南,申酉子丑,井,False,False,False,False,,False,False,False,天一天上,南宮(凶),,中吉,False,午未,破
2018-09-08,戊,戌,辛,酉,癸,卯,破,癸卯,天一天上,南,申酉子丑,井,False,False,False,False,,False,False,False,天一天上,西宮(凶),,下吉,False,午未,破
2018-09-09,戊,戌,辛,酉,甲,辰,危,甲辰,天一天上,南,申酉子丑,井,False,False,False,False,,False,False,False,天一天上,東宮(凶),,中吉,False,辰巳,危
2018-09-10,戊,戌,辛,酉,乙,巳,成,乙巳,天一天上,南,申酉子丑,井,False,True,False,False,,False,False,False,天一天上,東宮(凶),,,True,辰巳,成
2018-09-11,戊,戌,辛,酉,丙,午,收,丙午,天一天上,南,申酉子丑,井,False,False,False,False,滅門,False,False,False,天一天上,東宮(凶),,下吉,False,辰巳,收
2018-09-12,戊,戌,辛,酉,丁,未,開,丁未,天一天上,南,申酉子丑,井,False,False,False,False,,False,False,False,天一天上,東宮(凶),,下吉,False,辰巳,開
2018-09-13,戊,戌,辛,酉,戊,申,閉,戊申,天一天上,南,申酉子丑,井,True,False,False,False,,False,False,False,天一天上,東宮(凶),小土(凶),下吉,False,辰巳,閉
2018-09-14,戊,戌,辛,酉,己,酉,建,己酉,,南,申酉子丑,井,False,False,False,True,狼藉,False,False,False,東北,出遊(吉),小土(凶),上吉,False,辰巳,建
2018-09-15,戊,戌,辛,酉,庚,戌,除,庚戌,,南,申酉子丑,井,False,False,True,False,,False,False,False,東北,出遊(吉),小土(凶),,False,辰巳,除
2018-09-16,戊,戌,辛,酉,辛,亥,滿,辛亥,,南,申酉子丑,井,False,True,False,False,,False,False,False,東北,出遊(吉),小土(凶),下吉,True,辰巳,滿
2018-09-17,戊,戌,辛,酉,壬,子,平,壬子,八專,南,申酉子丑,井,False,False,False,False,大禍,False,True,False,東北,出遊(吉),小土(凶),,False,辰巳,平
2018-09-18,戊,戌,辛,酉,癸,丑,定,癸丑,八專,南,申酉子丑,井,False,False,False,False,,False,False,False,東北,出遊(吉),小土(凶),下吉,False,辰巳,定
2018-09-19,戊,戌,辛,酉,甲,寅,執,甲寅,八專,南,申酉子丑,井,False,False,False,False,,False,True,False,東北,出遊(吉),小土(凶),下吉,False,寅卯,執
2018-09-20,戊,戌,辛,酉,乙,卯,破,乙卯,八專,南,申酉子丑,井,False,True,False,False,,False,True,False,東,出遊(吉),,下吉,False,寅卯,破
2018-09-21,戊,戌,辛,酉,丙,辰,危,丙辰,八專,南,申酉子丑,井,False,False,False,False,,False,False,False,東,出遊(吉),,,False,寅卯,危
2018-09-22,戊,戌,辛,酉,丁,巳,成,丁巳,八專,南,申酉子丑,井,False,False,False,False,,False,True,False,東,出遊(吉),,下吉,True,寅卯,成
2018-09-23,戊,戌,辛,酉,戊,午,收,戊午,八專,南,申酉子丑,井,False,False,False,False,滅門,False,True,False,東,出遊(吉),,,False,寅卯,收
2018-09-24,戊,戌,辛,酉,己,未,開,己未,八專,南,申酉子丑,井,False,False,False,False,,False,False,False,東,出遊(吉),,下吉,False,寅卯,開
2018-09-25,戊,戌,辛,酉,庚,申,閉,庚申,八專,南,申酉子丑,井,False,False,False,False,,False,True,False,東南,出遊(吉),,,False,寅卯,閉
2018-09-26,戊,戌,辛,酉,辛,酉,建,辛酉,八專,南,申酉子丑,井,False,True,False,True,狼藉,False,True,False,東南,出遊(吉),,下吉,False,寅卯,建
2018-09-27,戊,戌,辛,酉,壬,戌,除,壬戌,八專,南,申酉子丑,井,False,False,True,False,,False,False,False,東南,出遊(吉),,,False,寅卯,除
2018-09-28,戊,戌,辛,酉,癸,亥,滿,癸亥,八專,南,申酉子丑,井,False,False,False,False,,False,True,False,東南,出遊(吉),,,True,寅卯,滿
2018-09-29,戊,戌,辛,酉,甲,子,平,甲子,,南,申酉子丑,井,False,False,False,False,大禍,False,False,False,東南,出遊(吉),,,False,子丑,平
2018-09-30,戊,戌,辛,酉,乙,丑,定,乙丑,,南,申酉子丑,井,False,True,False,False,,False,False,False,東南,出遊(吉),,,False,子丑,定
2018-10-01,戊,戌,辛,酉,丙,寅,執,丙寅,,南,申酉子丑,井,False,False,False,False,,False,False,False,南,出遊(吉),,下吉,False,子丑,執
2018-10-02,戊,戌,辛,酉,丁,卯,破,丁卯,,南,申酉子丑,井,False,False,False,False,,False,False,False,南,出遊(吉),,下吉,False,子丑,破
2018-10-03,戊,戌,辛,酉,戊,辰,危,戊辰,,南,申酉子丑,井,False,False,False,False,,False,False,True,南,出遊(吉),,,False,子丑,危
2018-10-04,戊,戌,辛,酉,己,巳,成,己巳,,南,申酉子丑,井,False,False,False,False,,False,False,False,南,出遊(吉),,,True,子丑,成
2018-10-05,戊,戌,辛,酉,庚,午,收,庚午,,南,申酉子丑,井,False,False,False,False,滅門,False,False,False,南,出遊(吉),大土(凶),下吉,False,子丑,收
2018-10-06,戊,戌,辛,酉,辛,未,開,辛未,,南,申酉子丑,井,False,True,False,False,,False,False,False,西南,出遊(吉),大土(凶),中吉,False,子丑,開
2018-10-07,戊,戌,辛,酉,壬,申,閉,壬申,,南,申酉子丑,井,False,False,False,False,,False,False,False,西南,出遊(吉),大土(凶),,False,子丑,閉
2018-10-08,戊,戌,壬,戌,癸,酉,閉,癸酉,,南,申酉子丑,井,False,False,False,False,,False,False,False,西南,出遊(吉),大土(凶),中吉,False,子丑,閉
2018-10-09,戊,戌,壬,戌,甲,戌,建,甲戌,,南,申酉子丑,井,False,False,False,False,,False,False,False,西南,出遊(吉),大土(凶),,False,戌亥,建
2018-10-10,戊,戌,壬,戌,乙,亥,除,乙亥,,南,申酉子丑,井,False,False,False,False,,False,False,False,西南,出遊(吉),大土(凶),,True,戌亥,除
2018-10-11,戊,戌,壬,戌,丙,子,滿,丙子,,南,申酉子丑,井,False,False,False,True,,False,False,False,西南,出遊(吉),大土(凶),,False,戌亥,滿
2018-10-12,戊,戌,壬,戌,丁,丑,平,丁丑,,南,申酉子丑,井,False,False,False,False,滅門,False,False,False,西,出遊(吉),,下吉,False,戌亥,平
2018-10-13,戊,戌,壬,戌,戊,寅,定,戊寅,,南,申酉子丑,井,False,True,False,False,,False,False,False,西,出遊(吉),,下吉,False,戌亥,定
2018-10-14,戊,戌,壬,戌,己,卯,執,己卯,,南,申酉子丑,井,False,True,False,False,狼藉,False,False,False,西,出遊(吉),,,False,戌亥,執
2018-10-15,戊,戌,壬,戌,庚,辰,破,庚辰,,南,申酉子丑,井,False,False,False,False,,False,False,False,西,出遊(吉),,下吉,False,戌亥,破
2018-10-16,戊,戌,壬,戌,辛,巳,危,辛巳,,南,申酉子丑,井,False,False,True,False,,False,False,False,西,出遊(吉),,下吉,True,戌亥,危
2018-10-17,戊,戌,壬,戌,壬,午,成,壬午,,南,申酉子丑,井,False,False,False,False,,False,False,False,西北,出遊(吉),,上吉,False,戌亥,成
2018-10-18,戊,戌,壬,戌,癸,未,收,癸未,,南,申酉子丑,井,False,False,False,False,大禍,False,False,False,西北,出遊(吉),,下吉,False,戌亥,收
2018-10-19,戊,戌,壬,戌,甲,申,開,甲申,十方暮,南,申酉子丑,井,False,False,False,False,,True,False,False,西北,出遊(吉),,上吉,False,申酉,開
2018-10-20,戊,戌,壬,戌,乙,酉,閉,乙酉,十方暮,南,申酉子丑,井,False,False,False,False,,True,False,False,西北,出遊(吉),,下吉,False,申酉,閉
2018-10-21,戊,戌,壬,戌,丙,戌,建,丙戌,十方暮,南,申酉子丑,井,False,False,False,False,,True,False,True,西北,出遊(吉),,,False,申酉,建
2018-10-22,戊,戌,壬,戌,丁,亥,除,丁亥,十方暮,南,申酉子丑,井,False,False,False,False,,True,False,False,西北,出遊(吉),,,True,申酉,除
2018-10-23,戊,戌,壬,戌,戊,子,滿,戊子,十方暮,南,申酉子丑,井,False,True,False,True,,True,False,False,北,出遊(吉),,,False,申酉,滿
2018-10-24,戊,戌,壬,戌,己,丑,平,己丑,十方暮,南,申酉子丑,井,False,True,False,False,滅門,True,False,False,北,出遊(吉),,,False,申酉,平
2018-10-25,戊,戌,壬,戌,庚,寅,定,庚寅,十方暮,南,申酉子丑,井,False,False,False,False,,True,False,False,北,出遊(吉),,上吉,False,申酉,定
2018-10-26,戊,戌,壬,戌,辛,卯,執,辛卯,十方暮,南,申酉子丑,井,False,False,False,False,狼藉,True,False,False,北,出遊(吉),,,False,申酉,執
2018-10-27,戊,戌,壬,戌,壬,辰,破,壬辰,十方暮,南,申酉子丑,井,False,False,False,False,,True,False,True,北,出遊(吉),,,False,申酉,破
2018-10-28,戊,戌,壬,戌,癸,巳,危,癸巳,天一天上,南,申酉子丑,井,False,False,True,False,,True,False,False,天一天上,北宮(凶),,下吉,True,申酉,危
2018-10-29,戊,戌,壬,戌,甲,午,成,甲午,天一天上,南,申酉子丑,井,False,False,False,False,,False,False,False,天一天上,北宮(凶),,,False,午未,成
2018-10-30,戊,戌,壬,戌,乙,未,收,乙未,天一天上,南,申酉子丑,井,False,False,False,False,大禍,False,False,True,天一天上,北宮(凶),,,False,午未,收
2018-10-31,戊,戌,壬,戌,丙,申,開,丙申,天一天上,南,申酉子丑,井,False,False,False,False,,False,False,False,天一天上,北宮(凶),,,False,午未,開
2018-11-01,戊,戌,壬,戌,丁,酉,閉,丁酉,天一天上,南,申酉子丑,井,False,False,False,False,,False,False,False,天一天上,北宮(凶),,上吉,False,午未,閉
2018-11-02,戊,戌,壬,戌,戊,戌,建,戊戌,天一天上,南,申酉子丑,井,False,True,False,False,,False,False,False,天一天上,南宮(凶),,,False,午未,建
2018-11-03,戊,戌,壬,戌,己,亥,除,己亥,天一天上,南,申酉子丑,井,False,True,False,False,,False,False,False,天一天上,南宮(凶),,,True,午未,除
2018-11-04,戊,戌,壬,戌,庚,子,滿,庚子,天一天上,南,申酉子丑,井,False,False,False,True,,False,False,False,天一天上,南宮(凶),,中吉,False,午未,滿
2018-11-05,戊,戌,壬,戌,辛,丑,平,辛丑,天一天上,南,申酉子丑,井,False,False,False,False,滅門,False,False,True,天一天上,南宮(凶),,下吉,False,午未,平
2018-11-06,戊,戌,壬,戌,壬,寅,定,壬寅,天一天上,南,申酉子丑,井,False,False,False,False,,False,False,False,天一天上,南宮(凶),,中吉,False,午未,定
2018-11-07,戊,戌,癸,亥,癸,卯,定,癸卯,天一天上,南,申酉子丑,庭,False,False,False,True,狼藉,False,False,False,天一天上,西宮(凶),,下吉,False,午未,定
2018-11-08,戊,戌,癸,亥,甲,辰,執,甲辰,天一天上,南,申酉子丑,庭,False,False,False,False,,False,False,False,天一天上,東宮(凶),,中吉,False,辰巳,執
2018-11-09,戊,戌,癸,亥,乙,巳,破,乙巳,天一天上,南,申酉子丑,庭,False,False,False,False,,False,False,False,天一天上,東宮(凶),,,True,辰巳,破
2018-11-10,戊,戌,癸,亥,丙,午,危,丙午,天一天上,南,申酉子丑,庭,False,True,False,False,,False,False,False,天一天上,東宮(凶),,下吉,False,辰巳,危
2018-11-11,戊,戌,癸,亥,丁,未,成,丁未,天一天上,南,申酉子丑,庭,False,False,False,False,,False,False,False,天一天上,東宮(凶),,下吉,False,辰巳,成
2018-11-12,戊,戌,癸,亥,戊,申,收,戊申,天一天上,南,申酉子丑,庭,False,False,False,False,滅門,False,False,False,天一天上,東宮(凶),小土(凶),下吉,False,辰巳,收
2018-11-13,戊,戌,癸,亥,己,酉,開,己酉,,南,申酉子丑,庭,False,False,False,False,,False,False,False,東北,出遊(吉),小土(凶),上吉,False,辰巳,開
2018-11-14,戊,戌,癸,亥,庚,戌,閉,庚戌,,南,申酉子丑,庭,False,False,False,False,,False,False,False,東北,出遊(吉),小土(凶),,False,辰巳,閉
2018-11-15,戊,戌,癸,亥,辛,亥,建,辛亥,,南,申酉子丑,庭,False,False,True,False,,False,False,False,東北,出遊(吉),小土(凶),下吉,True,辰巳,建
2018-11-16,戊,戌,癸,亥,壬,子,除,壬子,八專,南,申酉子丑,庭,False,True,False,False,,False,True,False,東北,出遊(吉),小土(凶),,False,辰巳,除
2018-11-17,戊,戌,癸,亥,癸,丑,滿,癸丑,八專,南,申酉子丑,庭,False,False,False,False,,False,False,False,東北,出遊(吉),小土(凶),下吉,False,辰巳,滿
2018-11-18,戊,戌,癸,亥,甲,寅,平,甲寅,八專,南,申酉子丑,庭,False,False,False,False,大禍,False,True,False,東北,出遊(吉),小土(凶),下吉,False,寅卯,平
2018-11-19,戊,戌,癸,亥,乙,卯,定,乙卯,八專,南,申酉子丑,庭,False,False,False,True,狼藉,False,True,False,東,出遊(吉),,下吉,False,寅卯,定
2018-11-20,戊,戌,癸,亥,丙,辰,執,丙辰,八專,南,申酉子丑,庭,False,True,False,False,,False,False,False,東,出遊(吉),,,False,寅卯,執
2018-11-21,戊,戌,癸,亥,丁,巳,破,丁巳,八專,南,申酉子丑,庭,False,False,False,False,,False,True,False,東,出遊(吉),,下吉,True,寅卯,破
2018-11-22,戊,戌,癸,亥,戊,午,危,戊午,八專,南,申酉子丑,庭,False,False,False,False,,False,True,False,東,出遊(吉),,,False,寅卯,危
2018-11-23,戊,戌,癸,亥,己,未,成,己未,八專,南,申酉子丑,庭,False,False,False,False,,False,False,False,東,出遊(吉),,下吉,False,寅卯,成
2018-11-24,戊,戌,癸,亥,庚,申,收,庚申,八專,南,申酉子丑,庭,False,False,False,False,滅門,False,True,False,東南,出遊(吉),,,False,寅卯,收
2018-11-25,戊,戌,癸,亥,辛,酉,開,辛酉,八專,南,申酉子丑,庭,False,False,False,False,,False,True,False,東南,出遊(吉),,下吉,False,寅卯,開
2018-11-26,戊,戌,癸,亥,壬,戌,閉,壬戌,八專,南,申酉子丑,庭,False,True,False,False,,False,False,False,東南,出遊(吉),,,False,寅卯,閉
2018-11-27,戊,戌,癸,亥,癸,亥,建,癸亥,八專,南,申酉子丑,庭,False,False,True,False,,False,True,False,東南,出遊(吉),,,True,寅卯,建
2018-11-28,戊,戌,癸,亥,甲,子,除,甲子,,南,申酉子丑,庭,True,False,False,False,,False,False,False,東南,出遊(吉),,,False,子丑,除
2018-11-29,戊,戌,癸,亥,乙,丑,滿,乙丑,,南,申酉子丑,庭,False,False,False,False,,False,False,False,東南,出遊(吉),,,False,子丑,滿
2018-11-30,戊,戌,癸,亥,丙,寅,平,丙寅,,南,申酉子丑,庭,False,True,False,False,大禍,False,False,False,南,出遊(吉),,下吉,False,子丑,平
2018-12-01,戊,戌,癸,亥,丁,卯,定,丁卯,,南,申酉子丑,庭,False,False,False,True,狼藉,False,False,False,南,出遊(吉),,下吉,False,子丑,定
2018-12-02,戊,戌,癸,亥,戊,辰,執,戊辰,,南,申酉子丑,庭,False,False,False,False,,False,False,True,南,出遊(吉),,,False,子丑,執
2018-12-03,戊,戌,癸,亥,己,巳,破,己巳,,南,申酉子丑,庭,False,False,False,False,,False,False,False,南,出遊(吉),,,True,子丑,破
2018-12-04,戊,戌,癸,亥,庚,午,危,庚午,,南,申酉子丑,庭,False,False,False,False,,False,False,False,南,出遊(吉),大土(凶),下吉,False,子丑,危
2018-12-05,戊,戌,癸,亥,辛,未,成,辛未,,南,申酉子丑,庭,False,False,False,False,,False,False,False,西南,出遊(吉),大土(凶),中吉,False,子丑,成
2018-12-06,戊,戌,癸,亥,壬,申,收,壬申,,南,申酉子丑,庭,False,True,False,False,滅門,False,False,False,西南,出遊(吉),大土(凶),,False,子丑,收
2018-12-07,戊,戌,甲,子,癸,酉,收,癸酉,,南,申酉子丑,庭,False,True,False,False,大禍,False,False,False,西南,出遊(吉),大土(凶),中吉,False,子丑,收
2018-12-08,戊,戌,甲,子,甲,戌,開,甲戌,,南,申酉子丑,庭,False,False,False,False,,False,False,False,西南,出遊(吉),大土(凶),,False,戌亥,開
2018-12-09,戊,戌,甲,子,乙,亥,閉,乙亥,,南,申酉子丑,庭,False,False,False,False,,False,False,False,西南,出遊(吉),大土(凶),,True,戌亥,閉
2018-12-10,戊,戌,甲,子,丙,子,建,丙子,,南,申酉子丑,庭,False,False,False,False,,False,False,False,西南,出遊(吉),大土(凶),,False,戌亥,建
2018-12-11,戊,戌,甲,子,丁,丑,除,丁丑,,南,申酉子丑,庭,False,True,False,False,,False,False,False,西,出遊(吉),,下吉,False,戌亥,除
2018-12-12,戊,戌,甲,子,戊,寅,滿,戊寅,,南,申酉子丑,庭,False,False,False,False,,False,False,False,西,出遊(吉),,下吉,False,戌亥,滿
2018-12-13,戊,戌,甲,子,己,卯,平,己卯,,南,申酉子丑,庭,False,False,False,False,滅門,False,False,False,西,出遊(吉),,,False,戌亥,平
2018-12-14,戊,戌,甲,子,庚,辰,定,庚辰,,南,申酉子丑,庭,False,False,False,False,,False,False,False,西,出遊(吉),,下吉,False,戌亥,定
2018-12-15,戊,戌,甲,子,辛,巳,執,辛巳,,南,申酉子丑,庭,False,False,False,False,,False,False,False,西,出遊(吉),,下吉,True,戌亥,執
2018-12-16,戊,戌,甲,子,壬,午,破,壬午,,南,申酉子丑,庭,False,False,True,True,狼藉,False,False,False,西北,出遊(吉),,上吉,False,戌亥,破
2018-12-17,戊,戌,甲,子,癸,未,危,癸未,,南,申酉子丑,庭,False,True,False,False,,False,False,False,西北,出遊(吉),,下吉,False,戌亥,危
2018-12-18,戊,戌,甲,子,甲,申,成,甲申,十方暮,南,申酉子丑,庭,False,False,False,False,,True,False,False,西北,出遊(吉),,上吉,False,申酉,成
2018-12-19,戊,戌,甲,子,乙,酉,收,乙酉,十方暮,南,申酉子丑,庭,False,False,False,False,大禍,True,False,False,西北,出遊(吉),,下吉,False,申酉,收
2018-12-20,戊,戌,甲,子,丙,戌,開,丙戌,十方暮,南,申酉子丑,庭,False,False,False,False,,True,False,True,西北,出遊(吉),,,False,申酉,開
2018-12-21,戊,戌,甲,子,丁,亥,閉,丁亥,十方暮,南,申酉子丑,庭,False,True,False,False,,True,False,False,西北,出遊(吉),,,True,申酉,閉
2018-12-22,戊,戌,甲,子,戊,子,建,戊子,十方暮,南,申酉子丑,庭,False,False,False,False,,True,False,False,北,出遊(吉),,,False,申酉,建
2018-12-23,戊,戌,甲,子,己,丑,除,己丑,十方暮,南,申酉子丑,庭,False,False,False,False,,True,False,False,北,出遊(吉),,,False,申酉,除
2018-12-24,戊,戌,甲,子,庚,寅,滿,庚寅,十方暮,南,申酉子丑,庭,False,False,False,False,,True,False,False,北,出遊(吉),,上吉,False,申酉,滿
2018-12-25,戊,戌,甲,子,辛,卯,平,辛卯,十方暮,南,申酉子丑,庭,False,False,False,False,滅門,True,False,False,北,出遊(吉),,,False,申酉,平
2018-12-26,戊,戌,甲,子,壬,辰,定,壬辰,十方暮,南,申酉子丑,庭,False,False,False,False,,True,False,True,北,出遊(吉),,,False,申酉,定
2018-12-27,戊,戌,甲,子,癸,巳,執,癸巳,天一天上,南,申酉子丑,庭,False,True,False,False,,True,False,False,天一天上,北宮(凶),,下吉,True,申酉,執
2018-12-28,戊,戌,甲,子,甲,午,破,甲午,天一天上,南,申酉子丑,庭,False,False,True,True,狼藉,False,False,False,天一天上,北宮(凶),,,False,午未,破
2018-12-29,戊,戌,甲,子,乙,未,危,乙未,天一天上,南,申酉子丑,庭,False,False,False,False,,False,False,True,天一天上,北宮(凶),,,False,午未,危
2018-12-30,戊,戌,甲,子,丙,申,成,丙申,天一天上,南,申酉子丑,庭,False,False,False,False,,False,False,False,天一天上,北宮(凶),,,False,午未,成
2018-12-31,戊,戌,甲,子,丁,酉,收,丁酉,天一天上,南,申酉子丑,庭,False,True,False,False,大禍,False,False,False,天一天上,北宮(凶),,上吉,False,午未,收
2019-01-01,戊,戌,甲,子,戊,戌,開,戊戌,天一天上,南,申酉子丑,庭,False,False,False,False,,False,False,False,天一天上,南宮(凶),,,False,午未,開
2019-01-02,戊,戌,甲,子,己,亥,閉,己亥,天一天上,南,申酉子丑,庭,False,False,False,False,,False,False,False,天一天上,南宮(凶),,,True,午未,閉
2019-01-03,戊,戌,甲,子,庚,子,建,庚子,天一天上,南,申酉子丑,庭,False,False,False,False,,False,False,False,天一天上,南宮(凶),,中吉,False,午未,建
2019-01-04,戊,戌,甲,子,辛,丑,除,辛丑,天一天上,南,申酉子丑,庭,False,False,False,False,,False,False,True,天一天上,南宮(凶),,下吉,False,午未,除
2019-01-05,戊,戌,乙,丑,壬,寅,除,壬寅,天一天上,南,申酉子丑,庭,False,False,False,False,,False,False,False,天一天上,南宮(凶),,中吉,False,午未,除
2019-01-06,戊,戌,乙,丑,癸,卯,滿,癸卯,天一天上,南,申酉子丑,庭,False,False,False,False,,False,False,False,天一天上,西宮(凶),,下吉,False,午未,滿
2019-01-07,戊,戌,乙,丑,甲,辰,平,甲辰,天一天上,南,申酉子丑,庭,False,False,False,False,大禍,False,False,False,天一天上,東宮(凶),,中吉,False,辰巳,平
2019-01-08,戊,戌,乙,丑,乙,巳,定,乙巳,天一天上,南,申酉子丑,庭,False,False,False,False,,False,False,False,天一天上,東宮(凶),,,True,辰巳,定
2019-01-09,戊,戌,乙,丑,丙,午,執,丙午,天一天上,南,申酉子丑,庭,False,False,False,False,,False,False,False,天一天上,東宮(凶),,下吉,False,辰巳,執
2019-01-10,戊,戌,乙,丑,丁,未,破,丁未,天一天上,南,申酉子丑,庭,False,False,False,False,,False,False,False,天一天上,東宮(凶),,下吉,False,辰巳,破
2019-01-11,戊,戌,乙,丑,戊,申,危,戊申,天一天上,南,申酉子丑,庭,False,True,False,False,,False,False,False,天一天上,東宮(凶),小土(凶),下吉,False,辰巳,危
2019-01-12,戊,戌,乙,丑,己,酉,成,己酉,,南,申酉子丑,庭,False,True,False,True,狼藉,False,False,False,東北,出遊(吉),小土(凶),上吉,False,辰巳,成
2019-01-13,戊,戌,乙,丑,庚,戌,收,庚戌,,南,申酉子丑,庭,False,False,False,False,滅門,False,False,False,東北,出遊(吉),小土(凶),,False,辰巳,收
2019-01-14,戊,戌,乙,丑,辛,亥,開,辛亥,,南,申酉子丑,庭,False,False,False,False,,False,False,False,東北,出遊(吉),小土(凶),下吉,True,辰巳,開
2019-01-15,戊,戌,乙,丑,壬,子,閉,壬子,八專,南,申酉子丑,庭,False,False,True,False,,False,True,False,東北,出遊(吉),小土(凶),,False,辰巳,閉
2019-01-16,戊,戌,乙,丑,癸,丑,建,癸丑,八專,南,申酉子丑,庭,False,False,False,False,,False,False,False,東北,出遊(吉),小土(凶),下吉,False,辰巳,建
2019-01-17,戊,戌,乙,丑,甲,寅,除,甲寅,八專,南,申酉子丑,庭,False,False,False,False,,False,True,False,東北,出遊(吉),小土(凶),下吉,False,寅卯,除
2019-01-18,戊,戌,乙,丑,乙,卯,滿,乙卯,八專,南,申酉子丑,庭,False,False,False,False,,False,True,False,東,出遊(吉),,下吉,False,寅卯,滿
2019-01-19,戊,戌,乙,丑,丙,辰,平,丙辰,八專,南,申酉子丑,庭,False,False,False,False,大禍,False,False,False,東,出遊(吉),,,False,寅卯,平
2019-01-20,戊,戌,乙,丑,丁,巳,定,丁巳,八專,南,申酉子丑,庭,False,False,False,False,,False,True,False,東,出遊(吉),,下吉,True,寅卯,定
2019-01-21,戊,戌,乙,丑,戊,午,執,戊午,八專,南,申酉子丑,庭,False,True,False,False,,False,True,False,東,出遊(吉),,,False,寅卯,執
2019-01-22,戊,戌,乙,丑,己,未,破,己未,八專,南,申酉子丑,庭,False,True,False,False,,False,False,False,東,出遊(吉),,下吉,False,寅卯,破
2019-01-23,戊,戌,乙,丑,庚,申,危,庚申,八專,南,申酉子丑,庭,False,False,False,False,,False,True,False,東南,出遊(吉),,,False,寅卯,危
2019-01-24,戊,戌,乙,丑,辛,酉,成,辛酉,八專,南,申酉子丑,庭,False,False,False,True,狼藉,False,True,False,東南,出遊(吉),,下吉,False,寅卯,成
2019-01-25,戊,戌,乙,丑,壬,戌,收,壬戌,八專,南,申酉子丑,庭,False,False,False,False,滅門,False,False,False,東南,出遊(吉),,,False,寅卯,收
2019-01-26,戊,戌,乙,丑,癸,亥,開,癸亥,八專,南,申酉子丑,庭,False,False,False,False,,False,True,False,東南,出遊(吉),,,True,寅卯,開
2019-01-27,戊,戌,乙,丑,甲,子,閉,甲子,,南,申酉子丑,庭,True,False,True,False,,False,False,False,東南,出遊(吉),,,False,子丑,閉
2019-01-28,戊,戌,乙,丑,乙,丑,建,乙丑,,南,申酉子丑,庭,False,False,False,False,,False,False,False,東南,出遊(吉),,,False,子丑,建
2019-01-29,戊,戌,乙,丑,丙,寅,除,丙寅,,南,申酉子丑,庭,False,False,False,False,,False,False,False,南,出遊(吉),,下吉,False,子丑,除
2019-01-30,戊,戌,乙,丑,丁,卯,滿,丁卯,,南,申酉子丑,庭,False,False,False,False,,False,False,False,南,出遊(吉),,下吉,False,子丑,滿
2019-01-31,戊,戌,乙,丑,戊,辰,平,戊辰,,南,申酉子丑,庭,False,True,False,False,大禍,False,False,True,南,出遊(吉),,,False,子丑,平
2019-02-01,戊,戌,乙,丑,己,巳,定,己巳,,南,申酉子丑,庭,False,True,False,False,,False,False,False,南,出遊(吉),,,True,子丑,定
2019-02-02,戊,戌,乙,丑,庚,午,執,庚午,,南,申酉子丑,庭,False,False,False,False,,False,False,False,南,出遊(吉),大土(凶),下吉,False,子丑,執
2019-02-03,戊,戌,乙,丑,辛,未,破,辛未,,南,申酉子丑,庭,False,False,False,False,,False,False,False,西南,出遊(吉),大土(凶),中吉,False,子丑,破
2019-02-04,戊,戌,丙,寅,壬,申,破,壬申,,南,申酉子丑,灶,False,False,False,False,,False,False,False,西南,出遊(吉),大土(凶),,False,子丑,破
2019-02-05,己,亥,丙,寅,癸,酉,危,癸酉,,西,午未申酉,灶,False,False,False,False,,False,False,False,西南,出遊(吉),大土(凶),中吉,False,子丑,危
2019-02-06,己,亥,丙,寅,甲,戌,成,甲戌,,西,午未申酉,灶,False,True,False,False,,False,False,False,西南,出遊(吉),大土(凶),,False,戌亥,成
2019-02-07,己,亥,丙,寅,乙,亥,收,乙亥,,西,午未申酉,灶,False,False,False,False,大禍,False,False,False,西南,出遊(吉),大土(凶),,True,戌亥,收
2019-02-08,己,亥,丙,寅,丙,子,開,丙子,,西,午未申酉,灶,False,False,False,True,狼藉,False,False,False,西南,出遊(吉),大土(凶),,False,戌亥,開
2019-02-09,己,亥,丙,寅,丁,丑,閉,丁丑,,西,午未申酉,灶,False,False,True,False,,False,False,False,西,出遊(吉),,下吉,False,戌亥,閉
2019-02-10,己,亥,丙,寅,戊,寅,建,戊寅,,西,午未申酉,灶,True,False,False,False,,False,False,False,西,出遊(吉),,下吉,False,戌亥,建
2019-02-11,己,亥,丙,寅,己,卯,除,己卯,,西,午未申酉,灶,False,False,False,False,,False,False,False,西,出遊(吉),,,False,戌亥,除
2019-02-12,己,亥,丙,寅,庚,辰,滿,庚辰,,西,午未申酉,灶,False,True,False,False,,False,False,False,西,出遊(吉),,下吉,False,戌亥,滿
2019-02-13,己,亥,丙,寅,辛,巳,平,辛巳,,西,午未申酉,灶,False,False,False,False,滅門,False,False,False,西,出遊(吉),,下吉,True,戌亥,平
2019-02-14,己,亥,丙,寅,壬,午,定,壬午,,西,午未申酉,灶,False,False,False,False,,False,False,False,西北,出遊(吉),,上吉,False,戌亥,定
2019-02-15,己,亥,丙,寅,癸,未,執,癸未,,西,午未申酉,灶,False,False,False,False,,False,False,False,西北,出遊(吉),,下吉,False,戌亥,執
2019-02-16,己,亥,丙,寅,甲,申,破,甲申,十方暮,西,午未申酉,灶,False,True,False,False,,True,False,False,西北,出遊(吉),,上吉,False,申酉,破
2019-02-17,己,亥,丙,寅,乙,酉,危,乙酉,十方暮,西,午未申酉,灶,False,False,False,False,,True,False,False,西北,出遊(吉),,下吉,False,申酉,危
2019-02-18,己,亥,丙,寅,丙,戌,成,丙戌,十方暮,西,午未申酉,灶,False,False,False,False,,True,False,True,西北,出遊(吉),,,False,申酉,成
2019-02-19,己,亥,丙,寅,丁,亥,收,丁亥,十方暮,西,午未申酉,灶,False,False,False,False,大禍,True,False,False,西北,出遊(吉),,,True,申酉,收
2019-02-20,己,亥,丙,寅,戊,子,開,戊子,十方暮,西,午未申酉,灶,False,False,False,True,狼藉,True,False,False,北,出遊(吉),,,False,申酉,開
2019-02-21,己,亥,丙,寅,己,丑,閉,己丑,十方暮,西,午未申酉,灶,False,False,True,False,,True,False,False,北,出遊(吉),,,False,申酉,閉
2019-02-22,己,亥,丙,寅,庚,寅,建,庚寅,十方暮,西,午未申酉,灶,False,True,False,False,,True,False,False,北,出遊(吉),,上吉,False,申酉,建
2019-02-23,己,亥,丙,寅,辛,卯,除,辛卯,十方暮,西,午未申酉,灶,False,False,False,False,,True,False,False,北,出遊(吉),,,False,申酉,除
2019-02-24,己,亥,丙,寅,壬,辰,滿,壬辰,十方暮,西,午未申酉,灶,False,False,False,False,,True,False,True,北,出遊(吉),,,False,申酉,滿
2019-02-25,己,亥,丙,寅,癸,巳,平,癸巳,天一天上,西,午未申酉,灶,False,False,False,False,滅門,True,False,False,天一天上,北宮(凶),,下吉,True,申酉,平
2019-02-26,己,亥,丙,寅,甲,午,定,甲午,天一天上,西,午未申酉,灶,False,True,False,False,,False,False,False,天一天上,北宮(凶),,,False,午未,定
2019-02-27,己,亥,丙,寅,乙,未,執,乙未,天一天上,西,午未申酉,灶,False,False,False,False,,False,False,True,天一天上,北宮(凶),,,False,午未,執
2019-02-28,己,亥,丙,寅,丙,申,破,丙申,天一天上,西,午未申酉,灶,False,False,False,False,,False,False,False,天一天上,北宮(凶),,,False,午未,破
2019-03-01,己,亥,丙,寅,丁,酉,危,丁酉,天一天上,西,午未申酉,灶,False,False,False,False,,False,False,False,天一天上,北宮(凶),,上吉,False,午未,危
2019-03-02,己,亥,丙,寅,戊,戌,成,戊戌,天一天上,西,午未申酉,灶,False,False,False,False,,False,False,False,天一天上,南宮(凶),,,False,午未,成
2019-03-03,己,亥,丙,寅,己,亥,收,己亥,天一天上,西,午未申酉,灶,False,False,False,False,大禍,False,False,False,天一天上,南宮(凶),,,True,午未,收
2019-03-04,己,亥,丙,寅,庚,子,開,庚子,天一天上,西,午未申酉,灶,False,True,False,True,狼藉,False,False,False,天一天上,南宮(凶),,中吉,False,午未,開
2019-03-05,己,亥,丙,寅,辛,丑,閉,辛丑,天一天上,西,午未申酉,灶,False,False,True,False,,False,False,True,天一天上,南宮(凶),,下吉,False,午未,閉
2019-03-06,己,亥,丁,卯,壬,寅,閉,壬寅,天一天上,西,午未申酉,灶,False,False,False,False,,False,False,False,天一天上,南宮(凶),,中吉,False,午未,閉
2019-03-07,己,亥,丁,卯,癸,卯,建,癸卯,天一天上,西,午未申酉,灶,False,False,False,True,狼藉,False,False,False,天一天上,西宮(凶),,下吉,False,午未,建
2019-03-08,己,亥,丁,卯,甲,辰,除,甲辰,天一天上,西,午未申酉,灶,False,False,False,False,,False,False,False,天一天上,東宮(凶),,中吉,False,辰巳,除
2019-03-09,己,亥,丁,卯,乙,巳,滿,乙巳,天一天上,西,午未申酉,灶,False,True,False,False,,False,False,False,天一天上,東宮(凶),,,True,辰巳,滿
2019-03-10,己,亥,丁,卯,丙,午,平,丙午,天一天上,西,午未申酉,灶,False,False,False,False,大禍,False,False,False,天一天上,東宮(凶),,下吉,False,辰巳,平
2019-03-11,己,亥,丁,卯,丁,未,定,丁未,天一天上,西,午未申酉,灶,False,False,True,False,,False,False,False,天一天上,東宮(凶),,下吉,False,辰巳,定
2019-03-12,己,亥,丁,卯,戊,申,執,戊申,天一天上,西,午未申酉,灶,False,False,False,False,,False,False,False,天一天上,東宮(凶),小土(凶),下吉,False,辰巳,執
2019-03-13,己,亥,丁,卯,己,酉,破,己酉,,西,午未申酉,灶,False,False,False,False,,False,False,False,東北,出遊(吉),小土(凶),上吉,False,辰巳,破
2019-03-14,己,亥,丁,卯,庚,戌,危,庚戌,,西,午未申酉,灶,False,False,False,False,,False,False,False,東北,出遊(吉),小土(凶),,False,辰巳,危
2019-03-15,己,亥,丁,卯,辛,亥,成,辛亥,,西,午未申酉,灶,False,True,False,False,,False,False,False,東北,出遊(吉),小土(凶),下吉,True,辰巳,成
2019-03-16,己,亥,丁,卯,壬,子,收,壬子,八專,西,午未申酉,灶,False,False,False,False,滅門,False,True,False,東北,出遊(吉),小土(凶),,False,辰巳,收
2019-03-17,己,亥,丁,卯,癸,丑,開,癸丑,八專,西,午未申酉,灶,False,False,False,False,,False,False,False,東北,出遊(吉),小土(凶),下吉,False,辰巳,開
2019-03-18,己,亥,丁,卯,甲,寅,閉,甲寅,八專,西,午未申酉,灶,False,False,False,False,,False,True,False,東北,出遊(吉),小土(凶),下吉,False,寅卯,閉
2019-03-19,己,亥,丁,卯,乙,卯,建,乙卯,八專,西,午未申酉,灶,False,True,False,True,狼藉,False,True,False,東,出遊(吉),,下吉,False,寅卯,建
2019-03-20,己,亥,丁,卯,丙,辰,除,丙辰,八專,西,午未申酉,灶,False,False,False,False,,False,False,False,東,出遊(吉),,,False,寅卯,除
2019-03-21,己,亥,丁,卯,丁,巳,滿,丁巳,八專,西,午未申酉,灶,False,False,False,False,,False,True,False,東,出遊(吉),,下吉,True,寅卯,滿
2019-03-22,己,亥,丁,卯,戊,午,平,戊午,八專,西,午未申酉,灶,False,False,False,False,大禍,False,True,False,東,出遊(吉),,,False,寅卯,平
2019-03-23,己,亥,丁,卯,己,未,定,己未,八專,西,午未申酉,灶,False,False,True,False,,False,False,False,東,出遊(吉),,下吉,False,寅卯,定
2019-03-24,己,亥,丁,卯,庚,申,執,庚申,八專,西,午未申酉,灶,False,False,False,False,,False,True,False,東南,出遊(吉),,,False,寅卯,執
2019-03-25,己,亥,丁,卯,辛,酉,破,辛酉,八專,西,午未申酉,灶,False,True,False,False,,False,True,False,東南,出遊(吉),,下吉,False,寅卯,破
2019-03-26,己,亥,丁,卯,壬,戌,危,壬戌,八專,西,午未申酉,灶,False,False,False,False,,False,False,False,東南,出遊(吉),,,False,寅卯,危
2019-03-27,己,亥,丁,卯,癸,亥,成,癸亥,八專,西,午未申酉,灶,False,False,False,False,,False,True,False,東南,出遊(吉),,,True,寅卯,成
2019-03-28,己,亥,丁,卯,甲,子,收,甲子,,西,午未申酉,灶,False,False,False,False,滅門,False,False,False,東南,出遊(吉),,,False,子丑,收
2019-03-29,己,亥,丁,卯,乙,丑,開,乙丑,,西,午未申酉,灶,False,True,False,False,,False,False,False,東南,出遊(吉),,,False,子丑,開
2019-03-30,己,亥,丁,卯,丙,寅,閉,丙寅,,西,午未申酉,灶,False,False,False,False,,False,False,False,南,出遊(吉),,下吉,False,子丑,閉
2019-03-31,己,亥,丁,卯,丁,卯,建,丁卯,,西,午未申酉,灶,False,False,False,True,狼藉,False,False,False,南,出遊(吉),,下吉,False,子丑,建
2019-04-01,己,亥,丁,卯,戊,辰,除,戊辰,,西,午未申酉,灶,False,False,False,False,,False,False,True,南,出遊(吉),,,False,子丑,除
2019-04-02,己,亥,丁,卯,己,巳,滿,己巳,,西,午未申酉,灶,False,False,False,False,,False,False,False,南,出遊(吉),,,True,子丑,滿
2019-04-03,己,亥,丁,卯,庚,午,平,庚午,,西,午未申酉,灶,False,False,False,False,大禍,False,False,False,南,出遊(吉),大土(凶),下吉,False,子丑,平
2019-04-04,己,亥,丁,卯,辛,未,定,辛未,,西,午未申酉,灶,False,True,True,False,,False,False,False,西南,出遊(吉),大土(凶),中吉,False,子丑,定
2019-04-05,己,亥,戊,辰,壬,申,定,壬申,,西,午未申酉,灶,False,False,False,False,,False,False,False,西南,出遊(吉),大土(凶),,False,子丑,定
2019-04-06,己,亥,戊,辰,癸,酉,執,癸酉,,西,午未申酉,灶,False,False,False,False,,False,False,False,西南,出遊(吉),大土(凶),中吉,False,子丑,執
2019-04-07,己,亥,戊,辰,甲,戌,破,甲戌,,西,午未申酉,灶,False,False,False,False,,False,False,False,西南,出遊(吉),大土(凶),,False,戌亥,破
2019-04-08,己,亥,戊,辰,乙,亥,危,乙亥,,西,午未申酉,灶,False,False,False,False,,False,False,False,西南,出遊(吉),大土(凶),,True,戌亥,危
2019-04-09,己,亥,戊,辰,丙,子,成,丙子,,西,午未申酉,灶,False,False,False,False,,False,False,False,西南,出遊(吉),大土(凶),,False,戌亥,成
2019-04-10,己,亥,戊,辰,丁,丑,收,丁丑,,西,午未申酉,灶,False,False,False,False,大禍,False,False,False,西,出遊(吉),,下吉,False,戌亥,收
2019-04-11,己,亥,戊,辰,戊,寅,開,戊寅,,西,午未申酉,灶,True,True,True,False,,False,False,False,西,出遊(吉),,下吉,False,戌亥,開
2019-04-12,己,亥,戊,辰,己,卯,閉,己卯,,西,午未申酉,灶,False,True,False,False,,False,False,False,西,出遊(吉),,,False,戌亥,閉
2019-04-13,己,亥,戊,辰,庚,辰,建,庚辰,,西,午未申酉,灶,False,False,False,False,,False,False,False,西,出遊(吉),,下吉,False,戌亥,建
2019-04-14,己,亥,戊,辰,辛,巳,除,辛巳,,西,午未申酉,灶,False,False,False,False,,False,False,False,西,出遊(吉),,下吉,True,戌亥,除
2019-04-15,己,亥,戊,辰,壬,午,滿,壬午,,西,午未申酉,灶,False,False,False,True,狼藉,False,False,False,西北,出遊(吉),,上吉,False,戌亥,滿
2019-04-16,己,亥,戊,辰,癸,未,平,癸未,,西,午未申酉,灶,False,False,False,False,滅門,False,False,False,西北,出遊(吉),,下吉,False,戌亥,平
2019-04-17,己,亥,戊,辰,甲,申,定,甲申,十方暮,西,午未申酉,灶,False,False,False,False,,True,False,False,西北,出遊(吉),,上吉,False,申酉,定
2019-04-18,己,亥,戊,辰,乙,酉,執,乙酉,十方暮,西,午未申酉,灶,False,False,False,False,,True,False,False,西北,出遊(吉),,下吉,False,申酉,執
2019-04-19,己,亥,戊,辰,丙,戌,破,丙戌,十方暮,西,午未申酉,灶,False,False,False,False,,True,False,True,西北,出遊(吉),,,False,申酉,破
2019-04-20,己,亥,戊,辰,丁,亥,危,丁亥,十方暮,西,午未申酉,灶,False,False,False,False,,True,False,False,西北,出遊(吉),,,True,申酉,危
2019-04-21,己,亥,戊,辰,戊,子,成,戊子,十方暮,西,午未申酉,灶,False,True,False,False,,True,False,False,北,出遊(吉),,,False,申酉,成
2019-04-22,己,亥,戊,辰,己,丑,收,己丑,十方暮,西,午未申酉,灶,False,True,False,False,大禍,True,False,False,北,出遊(吉),,,False,申酉,收
2019-04-23,己,亥,戊,辰,庚,寅,開,庚寅,十方暮,西,午未申酉,灶,False,False,True,False,,True,False,False,北,出遊(吉),,上吉,False,申酉,開
2019-04-24,己,亥,戊,辰,辛,卯,閉,辛卯,十方暮,西,午未申酉,灶,False,False,False,False,,True,False,False,北,出遊(吉),,,False,申酉,閉
2019-04-25,己,亥,戊,辰,壬,辰,建,壬辰,十方暮,西,午未申酉,灶,False,False,False,False,,True,False,True,北,出遊(吉),,,False,申酉,建
2019-04-26,己,亥,戊,辰,癸,巳,除,癸巳,天一天上,西,午未申酉,灶,False,False,False,False,,True,False,False,天一天上,北宮(凶),,下吉,True,申酉,除
2019-04-27,己,亥,戊,辰,甲,午,滿,甲午,天一天上,西,午未申酉,灶,False,False,False,True,狼藉,False,False,False,天一天上,北宮(凶),,,False,午未,滿
2019-04-28,己,亥,戊,辰,乙,未,平,乙未,天一天上,西,午未申酉,灶,False,False,False,False,滅門,False,False,True,天一天上,北宮(凶),,,False,午未,平
2019-04-29,己,亥,戊,辰,丙,申,定,丙申,天一天上,西,午未申酉,灶,False,False,False,False,,False,False,False,天一天上,北宮(凶),,,False,午未,定
2019-04-30,己,亥,戊,辰,丁,酉,執,丁酉,天一天上,西,午未申酉,灶,False,False,False,False,,False,False,False,天一天上,北宮(凶),,上吉,False,午未,執
2019-05-01,己,亥,戊,辰,戊,戌,破,戊戌,天一天上,西,午未申酉,灶,False,True,False,False,,False,False,False,天一天上,南宮(凶),,,False,午未,破
2019-05-02,己,亥,戊,辰,己,亥,危,己亥,天一天上,西,午未申酉,灶,False,True,False,False,,False,False,False,天一天上,南宮(凶),,,True,午未,危
2019-05-03,己,亥,戊,辰,庚,子,成,庚子,天一天上,西,午未申酉,灶,False,False,False,False,,False,False,False,天一天上,南宮(凶),,中吉,False,午未,成
2019-05-04,己,亥,戊,辰,辛,丑,收,辛丑,天一天上,西,午未申酉,灶,False,False,False,False,大禍,False,False,True,天一天上,南宮(凶),,下吉,False,午未,收
2019-05-05,己,亥,戊,辰,壬,寅,開,壬寅,天一天上,西,午未申酉,灶,False,False,True,False,,False,False,False,天一天上,南宮(凶),,中吉,False,午未,開
2019-05-06,己,亥,己,巳,癸,卯,開,癸卯,天一天上,西,午未申酉,門,False,False,False,False,,False,False,False,天一天上,西宮(凶),,下吉,False,午未,開
2019-05-07,己,亥,己,巳,甲,辰,閉,甲辰,天一天上,西,午未申酉,門,False,False,False,False,,False,False,False,天一天上,東宮(凶),,中吉,False,辰巳,閉
2019-05-08,己,亥,己,巳,乙,巳,建,乙巳,天一天上,西,午未申酉,門,False,False,False,False,,False,False,False,天一天上,東宮(凶),,,True,辰巳,建
2019-05-09,己,亥,己,巳,丙,午,除,丙午,天一天上,西,午未申酉,門,False,True,False,False,狼藉,False,False,False,天一天上,東宮(凶),,下吉,False,辰巳,除
2019-05-10,己,亥,己,巳,丁,未,滿,丁未,天一天上,西,午未申酉,門,False,False,False,False,,False,False,False,天一天上,東宮(凶),,下吉,False,辰巳,滿
2019-05-11,己,亥,己,巳,戊,申,平,戊申,天一天上,西,午未申酉,門,False,False,True,False,大禍,False,False,False,天一天上,東宮(凶),小土(凶),下吉,False,辰巳,平
2019-05-12,己,亥,己,巳,己,酉,定,己酉,,西,午未申酉,門,False,False,False,True,,False,False,False,東北,出遊(吉),小土(凶),上吉,False,辰巳,定
2019-05-13,己,亥,己,巳,庚,戌,執,庚戌,,西,午未申酉,門,False,False,False,False,,False,False,False,東北,出遊(吉),小土(凶),,False,辰巳,執
2019-05-14,己,亥,己,巳,辛,亥,破,辛亥,,西,午未申酉,門,False,False,False,False,,False,False,False,東北,出遊(吉),小土(凶),下吉,True,辰巳,破
2019-05-15,己,亥,己,巳,壬,子,危,壬子,八專,西,午未申酉,門,False,True,False,False,,False,True,False,東北,出遊(吉),小土(凶),,False,辰巳,危
2019-05-16,己,亥,己,巳,癸,丑,成,癸丑,八專,西,午未申酉,門,False,False,False,False,,False,False,False,東北,出遊(吉),小土(凶),下吉,False,辰巳,成
2019-05-17,己,亥,己,巳,甲,寅,收,甲寅,八專,西,午未申酉,門,False,False,False,False,滅門,False,True,False,東北,出遊(吉),小土(凶),下吉,False,寅卯,收
2019-05-18,己,亥,己,巳,乙,卯,開,乙卯,八專,西,午未申酉,門,False,False,False,False,,False,True,False,東,出遊(吉),,下吉,False,寅卯,開
2019-05-19,己,亥,己,巳,丙,辰,閉,丙辰,八專,西,午未申酉,門,False,True,False,False,,False,False,False,東,出遊(吉),,,False,寅卯,閉
2019-05-20,己,亥,己,巳,丁,巳,建,丁巳,八專,西,午未申酉,門,False,False,False,False,,False,True,False,東,出遊(吉),,下吉,True,寅卯,建
2019-05-21,己,亥,己,巳,戊,午,除,戊午,八專,西,午未申酉,門,False,False,False,False,狼藉,False,True,False,東,出遊(吉),,,False,寅卯,除
2019-05-22,己,亥,己,巳,己,未,滿,己未,八專,西,午未申酉,門,False,False,False,False,,False,False,False,東,出遊(吉),,下吉,False,寅卯,滿
2019-05-23,己,亥,己,巳,庚,申,平,庚申,八專,西,午未申酉,門,False,False,True,False,大禍,False,True,False,東南,出遊(吉),,,False,寅卯,平
2019-05-24,己,亥,己,巳,辛,酉,定,辛酉,八專,西,午未申酉,門,False,False,False,True,,False,True,False,東南,出遊(吉),,下吉,False,寅卯,定
2019-05-25,己,亥,己,巳,壬,戌,執,壬戌,八專,西,午未申酉,門,False,True,False,False,,False,False,False,東南,出遊(吉),,,False,寅卯,執
2019-05-26,己,亥,己,巳,癸,亥,破,癸亥,八專,西,午未申酉,門,False,False,False,False,,False,True,False,東南,出遊(吉),,,True,寅卯,破
2019-05-27,己,亥,己,巳,甲,子,危,甲子,,西,午未申酉,門,False,False,False,False,,False,False,False,東南,出遊(吉),,,False,子丑,危
2019-05-28,己,亥,己,巳,乙,丑,成,乙丑,,西,午未申酉,門,False,False,False,False,,False,False,False,東南,出遊(吉),,,False,子丑,成
2019-05-29,己,亥,己,巳,丙,寅,收,丙寅,,西,午未申酉,門,False,True,False,False,滅門,False,False,False,南,出遊(吉),,下吉,False,子丑,收
2019-05-30,己,亥,己,巳,丁,卯,開,丁卯,,西,午未申酉,門,False,False,False,False,,False,False,False,南,出遊(吉),,下吉,False,子丑,開
2019-05-31,己,亥,己,巳,戊,辰,閉,戊辰,,西,午未申酉,門,False,False,False,False,,False,False,True,南,出遊(吉),,,False,子丑,閉
2019-06-01,己,亥,己,巳,己,巳,建,己巳,,西,午未申酉,門,False,False,False,False,,False,False,False,南,出遊(吉),,,True,子丑,建
2019-06-02,己,亥,己,巳,庚,午,除,庚午,,西,午未申酉,門,False,False,False,False,狼藉,False,False,False,南,出遊(吉),大土(凶),下吉,False,子丑,除
2019-06-03,己,亥,己,巳,辛,未,滿,辛未,,西,午未申酉,門,False,False,False,False,,False,False,False,西南,出遊(吉),大土(凶),中吉,False,子丑,滿
2019-06-04,己,亥,己,巳,壬,申,平,壬申,,西,午未申酉,門,False,True,True,False,大禍,False,False,False,西南,出遊(吉),大土(凶),,False,子丑,平
2019-06-05,己,亥,己,巳,癸,酉,定,癸酉,,西,午未申酉,門,False,False,False,True,,False,False,False,西南,出遊(吉),大土(凶),中吉,False,子丑,定
2019-06-06,己,亥,庚,午,甲,戌,定,甲戌,,西,午未申酉,門,False,False,False,False,,False,False,False,西南,出遊(吉),大土(凶),,False,戌亥,定
2019-06-07,己,亥,庚,午,乙,亥,執,乙亥,,西,午未申酉,門,False,False,False,False,,False,False,False,西南,出遊(吉),大土(凶),,True,戌亥,執
2019-06-08,己,亥,庚,午,丙,子,破,丙子,,西,午未申酉,門,False,False,False,True,狼藉,False,False,False,西南,出遊(吉),大土(凶),,False,戌亥,破
2019-06-09,己,亥,庚,午,丁,丑,危,丁丑,,西,午未申酉,門,False,True,False,False,,False,False,False,西,出遊(吉),,下吉,False,戌亥,危
2019-06-10,己,亥,庚,午,戊,寅,成,戊寅,,西,午未申酉,門,False,False,False,False,,False,False,False,西,出遊(吉),,下吉,False,戌亥,成
2019-06-11,己,亥,庚,午,己,卯,收,己卯,,西,午未申酉,門,False,False,True,False,大禍,False,False,False,西,出遊(吉),,,False,戌亥,收
2019-06-12,己,亥,庚,午,庚,辰,開,庚辰,,西,午未申酉,門,False,False,False,False,,False,False,False,西,出遊(吉),,下吉,False,戌亥,開
2019-06-13,己,亥,庚,午,辛,巳,閉,辛巳,,西,午未申酉,門,False,False,False,False,,False,False,False,西,出遊(吉),,下吉,True,戌亥,閉
2019-06-14,己,亥,庚,午,壬,午,建,壬午,,西,午未申酉,門,False,False,False,False,,False,False,False,西北,出遊(吉),,上吉,False,戌亥,建
2019-06-15,己,亥,庚,午,癸,未,除,癸未,,西,午未申酉,門,False,True,False,False,,False,False,False,西北,出遊(吉),,下吉,False,戌亥,除
2019-06-16,己,亥,庚,午,甲,申,滿,甲申,十方暮,西,午未申酉,門,False,False,False,False,,True,False,False,西北,出遊(吉),,上吉,False,申酉,滿
2019-06-17,己,亥,庚,午,乙,酉,平,乙酉,十方暮,西,午未申酉,門,False,False,False,False,滅門,True,False,False,西北,出遊(吉),,下吉,False,申酉,平
2019-06-18,己,亥,庚,午,丙,戌,定,丙戌,十方暮,西,午未申酉,門,False,False,False,False,,True,False,True,西北,出遊(吉),,,False,申酉,定
2019-06-19,己,亥,庚,午,丁,亥,執,丁亥,十方暮,西,午未申酉,門,False,True,False,False,,True,False,False,西北,出遊(吉),,,True,申酉,執
2019-06-20,己,亥,庚,午,戊,子,破,戊子,十方暮,西,午未申酉,門,False,False,False,True,狼藉,True,False,False,北,出遊(吉),,,False,申酉,破
2019-06-21,己,亥,庚,午,己,丑,危,己丑,十方暮,西,午未申酉,門,False,False,False,False,,True,False,False,北,出遊(吉),,,False,申酉,危
2019-06-22,己,亥,庚,午,庚,寅,成,庚寅,十方暮,西,午未申酉,門,False,False,False,False,,True,False,False,北,出遊(吉),,上吉,False,申酉,成
2019-06-23,己,亥,庚,午,辛,卯,收,辛卯,十方暮,西,午未申酉,門,False,False,True,False,大禍,True,False,False,北,出遊(吉),,,False,申酉,收
2019-06-24,己,亥,庚,午,壬,辰,開,壬辰,十方暮,西,午未申酉,門,False,False,False,False,,True,False,True,北,出遊(吉),,,False,申酉,開
2019-06-25,己,亥,庚,午,癸,巳,閉,癸巳,天一天上,西,午未申酉,門,False,True,False,False,,True,False,False,天一天上,北宮(凶),,下吉,True,申酉,閉
2019-06-26,己,亥,庚,午,甲,午,建,甲午,天一天上,西,午未申酉,門,True,False,False,False,,False,False,False,天一天上,北宮(凶),,,False,午未,建
2019-06-27,己,亥,庚,午,乙,未,除,乙未,天一天上,西,午未申酉,門,False,False,False,False,,False,False,True,天一天上,北宮(凶),,,False,午未,除
2019-06-28,己,亥,庚,午,丙,申,滿,丙申,天一天上,西,午未申酉,門,False,False,False,False,,False,False,False,天一天上,北宮(凶),,,False,午未,滿
2019-06-29,己,亥,庚,午,丁,酉,平,丁酉,天一天上,西,午未申酉,門,False,True,False,False,滅門,False,False,False,天一天上,北宮(凶),,上吉,False,午未,平
2019-06-30,己,亥,庚,午,戊,戌,定,戊戌,天一天上,西,午未申酉,門,False,False,False,False,,False,False,False,天一天上,南宮(凶),,,False,午未,定
2019-07-01,己,亥,庚,午,己,亥,執,己亥,天一天上,西,午未申酉,門,False,False,False,False,,False,False,False,天一天上,南宮(凶),,,True,午未,執
2019-07-02,己,亥,庚,午,庚,子,破,庚子,天一天上,西,午未申酉,門,False,False,False,True,狼藉,False,False,False,天一天上,南宮(凶),,中吉,False,午未,破
2019-07-03,己,亥,庚,午,辛,丑,危,辛丑,天一天上,西,午未申酉,門,False,False,False,False,,False,False,True,天一天上,南宮(凶),,下吉,False,午未,危
2019-07-04,己,亥,庚,午,壬,寅,成,壬寅,天一天上,西,午未申酉,門,False,False,False,False,,False,False,False,天一天上,南宮(凶),,中吉,False,午未,成
2019-07-05,己,亥,庚,午,癸,卯,收,癸卯,天一天上,西,午未申酉,門,False,True,True,False,大禍,False,False,False,天一天上,西宮(凶),,下吉,False,午未,收
2019-07-06,己,亥,庚,午,甲,辰,開,甲辰,天一天上,西,午未申酉,門,False,False,False,False,,False,False,False,天一天上,東宮(凶),,中吉,False,辰巳,開
2019-07-07,己,亥,辛,未,乙,巳,開,乙巳,天一天上,西,午未申酉,門,False,False,False,False,,False,False,False,天一天上,東宮(凶),,,True,辰巳,開
2019-07-08,己,亥,辛,未,丙,午,閉,丙午,天一天上,西,午未申酉,門,False,False,False,False,,False,False,False,天一天上,東宮(凶),,下吉,False,辰巳,閉
2019-07-09,己,亥,辛,未,丁,未,建,丁未,天一天上,西,午未申酉,門,False,False,False,False,,False,False,False,天一天上,東宮(凶),,下吉,False,辰巳,建
2019-07-10,己,亥,辛,未,戊,申,除,戊申,天一天上,西,午未申酉,門,False,True,False,False,,False,False,False,天一天上,東宮(凶),小土(凶),下吉,False,辰巳,除
2019-07-11,己,亥,辛,未,己,酉,滿,己酉,,西,午未申酉,門,False,True,True,False,,False,False,False,東北,出遊(吉),小土(凶),上吉,False,辰巳,滿
2019-07-12,己,亥,辛,未,庚,戌,平,庚戌,,西,午未申酉,門,False,False,False,False,大禍,False,False,False,東北,出遊(吉),小土(凶),,False,辰巳,平
2019-07-13,己,亥,辛,未,辛,亥,定,辛亥,,西,午未申酉,門,False,False,False,False,,False,False,False,東北,出遊(吉),小土(凶),下吉,True,辰巳,定
2019-07-14,己,亥,辛,未,壬,子,執,壬子,八專,西,午未申酉,門,False,False,False,False,,False,True,False,東北,出遊(吉),小土(凶),,False,辰巳,執
2019-07-15,己,亥,辛,未,癸,丑,破,癸丑,八專,西,午未申酉,門,False,False,False,False,,False,False,False,東北,出遊(吉),小土(凶),下吉,False,辰巳,破
2019-07-16,己,亥,辛,未,甲,寅,危,甲寅,八專,西,午未申酉,門,False,False,False,False,,False,True,False,東北,出遊(吉),小土(凶),下吉,False,寅卯,危
2019-07-17,己,亥,辛,未,乙,卯,成,乙卯,八專,西,午未申酉,門,False,False,False,True,狼藉,False,True,False,東,出遊(吉),,下吉,False,寅卯,成
2019-07-18,己,亥,辛,未,丙,辰,收,丙辰,八專,西,午未申酉,門,False,False,False,False,滅門,False,False,False,東,出遊(吉),,,False,寅卯,收
2019-07-19,己,亥,辛,未,丁,巳,開,丁巳,八專,西,午未申酉,門,False,False,False,False,,False,True,False,東,出遊(吉),,下吉,True,寅卯,開
2019-07-20,己,亥,辛,未,戊,午,閉,戊午,八專,西,午未申酉,門,False,True,False,False,,False,True,False,東,出遊(吉),,,False,寅卯,閉
2019-07-21,己,亥,辛,未,己,未,建,己未,八專,西,午未申酉,門,False,True,False,False,,False,False,False,東,出遊(吉),,下吉,False,寅卯,建
2019-07-22,己,亥,辛,未,庚,申,除,庚申,八專,西,午未申酉,門,False,False,False,False,,False,True,False,東南,出遊(吉),,,False,寅卯,除
2019-07-23,己,亥,辛,未,辛,酉,滿,辛酉,八專,西,午未申酉,門,False,False,True,False,,False,True,False,東南,出遊(吉),,下吉,False,寅卯,滿
2019-07-24,己,亥,辛,未,壬,戌,平,壬戌,八專,西,午未申酉,門,False,False,False,False,大禍,False,False,False,東南,出遊(吉),,,False,寅卯,平
2019-07-25,己,亥,辛,未,癸,亥,定,癸亥,八專,西,午未申酉,門,False,False,False,False,,False,True,False,東南,出遊(吉),,,True,寅卯,定
2019-07-26,己,亥,辛,未,甲,子,執,甲子,,西,午未申酉,門,False,False,False,False,,False,False,False,東南,出遊(吉),,,False,子丑,執
2019-07-27,己,亥,辛,未,乙,丑,破,乙丑,,西,午未申酉,門,False,False,False,False,,False,False,False,東南,出遊(吉),,,False,子丑,破
2019-07-28,己,亥,辛,未,丙,寅,危,丙寅,,西,午未申酉,門,False,False,False,False,,False,False,False,南,出遊(吉),,下吉,False,子丑,危
2019-07-29,己,亥,辛,未,丁,卯,成,丁卯,,西,午未申酉,門,False,False,False,True,狼藉,False,False,False,南,出遊(吉),,下吉,False,子丑,成
2019-07-30,己,亥,辛,未,戊,辰,收,戊辰,,西,午未申酉,門,False,True,False,False,滅門,False,False,True,南,出遊(吉),,,False,子丑,收
2019-07-31,己,亥,辛,未,己,巳,開,己巳,,西,午未申酉,門,False,True,False,False,,False,False,False,南,出遊(吉),,,True,子丑,開
2019-08-01,己,亥,辛,未,庚,午,閉,庚午,,西,午未申酉,門,False,False,False,False,,False,False,False,南,出遊(吉),大土(凶),下吉,False,子丑,閉
2019-08-02,己,亥,辛,未,辛,未,建,辛未,,西,午未申酉,門,False,False,False,False,,False,False,False,西南,出遊(吉),大土(凶),中吉,False,子丑,建
2019-08-03,己,亥,辛,未,壬,申,除,壬申,,西,午未申酉,門,False,False,False,False,,False,False,False,西南,出遊(吉),大土(凶),,False,子丑,除
2019-08-04,己,亥,辛,未,癸,酉,滿,癸酉,,西,午未申酉,門,False,False,True,False,,False,False,False,西南,出遊(吉),大土(凶),中吉,False,子丑,滿
2019-08-05,己,亥,辛,未,甲,戌,平,甲戌,,西,午未申酉,門,False,False,False,False,大禍,False,False,False,西南,出遊(吉),大土(凶),,False,戌亥,平
2019-08-06,己,亥,辛,未,乙,亥,定,乙亥,,西,午未申酉,門,False,False,False,False,,False,False,False,西南,出遊(吉),大土(凶),,True,戌亥,定
2019-08-07,己,亥,辛,未,丙,子,執,丙子,,西,午未申酉,門,False,False,False,False,,False,False,False,西南,出遊(吉),大土(凶),,False,戌亥,執
2019-08-08,己,亥,壬,申,丁,丑,執,丁丑,,西,午未申酉,井,False,False,False,False,,False,False,False,西,出遊(吉),,下吉,False,戌亥,執
2019-08-09,己,亥,壬,申,戊,寅,破,戊寅,,西,午未申酉,井,False,False,False,False,,False,False,False,西,出遊(吉),,下吉,False,戌亥,破
2019-08-10,己,亥,壬,申,己,卯,危,己卯,,西,午未申酉,井,False,False,False,False,,False,False,False,西,出遊(吉),,,False,戌亥,危
2019-08-11,己,亥,壬,申,庚,辰,成,庚辰,,西,午未申酉,井,False,True,True,False,,False,False,False,西,出遊(吉),,下吉,False,戌亥,成
2019-08-12,己,亥,壬,申,辛,巳,收,辛巳,,西,午未申酉,井,False,False,False,False,大禍,False,False,False,西,出遊(吉),,下吉,True,戌亥,收
2019-08-13,己,亥,壬,申,壬,午,開,壬午,,西,午未申酉,井,False,False,False,True,,False,False,False,西北,出遊(吉),,上吉,False,戌亥,開
2019-08-14,己,亥,壬,申,癸,未,閉,癸未,,西,午未申酉,井,False,False,False,False,,False,False,False,西北,出遊(吉),,下吉,False,戌亥,閉
2019-08-15,己,亥,壬,申,甲,申,建,甲申,十方暮,西,午未申酉,井,False,True,False,False,,True,False,False,西北,出遊(吉),,上吉,False,申酉,建
2019-08-16,己,亥,壬,申,乙,酉,除,乙酉,十方暮,西,午未申酉,井,False,False,False,False,狼藉,True,False,False,西北,出遊(吉),,下吉,False,申酉,除
2019-08-17,己,亥,壬,申,丙,戌,滿,丙戌,十方暮,西,午未申酉,井,False,False,False,False,,True,False,True,西北,出遊(吉),,,False,申酉,滿
2019-08-18,己,亥,壬,申,丁,亥,平,丁亥,十方暮,西,午未申酉,井,False,False,False,False,滅門,True,False,False,西北,出遊(吉),,,True,申酉,平
2019-08-19,己,亥,壬,申,戊,子,定,戊子,十方暮,西,午未申酉,井,False,False,False,False,,True,False,False,北,出遊(吉),,,False,申酉,定
2019-08-20,己,亥,壬,申,己,丑,執,己丑,十方暮,西,午未申酉,井,False,False,False,False,,True,False,False,北,出遊(吉),,,False,申酉,執
2019-08-21,己,亥,壬,申,庚,寅,破,庚寅,十方暮,西,午未申酉,井,False,True,False,False,,True,False,False,北,出遊(吉),,上吉,False,申酉,破
2019-08-22,己,亥,壬,申,辛,卯,危,辛卯,十方暮,西,午未申酉,井,False,False,False,False,,True,False,False,北,出遊(吉),,,False,申酉,危
2019-08-23,己,亥,壬,申,壬,辰,成,壬辰,十方暮,西,午未申酉,井,False,False,True,False,,True,False,True,北,出遊(吉),,,False,申酉,成
2019-08-24,己,亥,壬,申,癸,巳,收,癸巳,天一天上,西,午未申酉,井,False,False,False,False,大禍,True,False,False,天一天上,北宮(凶),,下吉,True,申酉,收
2019-08-25,己,亥,壬,申,甲,午,開,甲午,天一天上,西,午未申酉,井,False,True,False,True,,False,False,False,天一天上,北宮(凶),,,False,午未,開
2019-08-26,己,亥,壬,申,乙,未,閉,乙未,天一天上,西,午未申酉,井,False,False,False,False,,False,False,True,天一天上,北宮(凶),,,False,午未,閉
2019-08-27,己,亥,壬,申,丙,申,建,丙申,天一天上,西,午未申酉,井,False,False,False,False,,False,False,False,天一天上,北宮(凶),,,False,午未,建
2019-08-28,己,亥,壬,申,丁,酉,除,丁酉,天一天上,西,午未申酉,井,False,False,False,False,狼藉,False,False,False,天一天上,北宮(凶),,上吉,False,午未,除
2019-08-29,己,亥,壬,申,戊,戌,滿,戊戌,天一天上,西,午未申酉,井,False,False,False,False,,False,False,False,天一天上,南宮(凶),,,False,午未,滿
2019-08-30,己,亥,壬,申,己,亥,平,己亥,天一天上,西,午未申酉,井,False,False,False,False,滅門,False,False,False,天一天上,南宮(凶),,,True,午未,平
2019-08-31,己,亥,壬,申,庚,子,定,庚子,天一天上,西,午未申酉,井,False,True,False,False,,False,False,False,天一天上,南宮(凶),,中吉,False,午未,定
2019-09-01,己,亥,壬,申,辛,丑,執,辛丑,天一天上,西,午未申酉,井,False,False,False,False,,False,False,True,天一天上,南宮(凶),,下吉,False,午未,執
2019-09-02,己,亥,壬,申,壬,寅,破,壬寅,天一天上,西,午未申酉,井,False,False,False,False,,False,False,False,天一天上,南宮(凶),,中吉,False,午未,破
2019-09-03,己,亥,壬,申,癸,卯,危,癸卯,天一天上,西,午未申酉,井,False,False,False,False,,False,False,False,天一天上,西宮(凶),,下吉,False,午未,危
2019-09-04,己,亥,壬,申,甲,辰,成,甲辰,天一天上,西,午未申酉,井,False,True,True,False,,False,False,False,天一天上,東宮(凶),,中吉,False,辰巳,成
2019-09-05,己,亥,壬,申,乙,巳,收,乙巳,天一天上,西,午未申酉,井,False,False,False,False,大禍,False,False,False,天一天上,東宮(凶),,,True,辰巳,收
2019-09-06,己,亥,壬,申,丙,午,開,丙午,天一天上,西,午未申酉,井,False,False,False,True,,False,False,False,天一天上,東宮(凶),,下吉,False,辰巳,開
2019-09-07,己,亥,壬,申,丁,未,閉,丁未,天一天上,西,午未申酉,井,False,False,False,False,,False,False,False,天一天上,東宮(凶),,下吉,False,辰巳,閉
2019-09-08,己,亥,癸,酉,戊,申,閉,戊申,天一天上,西,午未申酉,井,True,False,False,False,,False,False,False,天一天上,東宮(凶),小土(凶),下吉,False,辰巳,閉
2019-09-09,己,亥,癸,酉,己,酉,建,己酉,,西,午未申酉,井,False,False,False,True,狼藉,False,False,False,東北,出遊(吉),小土(凶),上吉,False,辰巳,建
2019-09-10,己,亥,癸,酉,庚,戌,除,庚戌,,西,午未申酉,井,False,False,True,False,,False,False,False,東北,出遊(吉),小土(凶),,False,辰巳,除
2019-09-11,己,亥,癸,酉,辛,亥,滿,辛亥,,西,午未申酉,井,False,True,False,False,,False,False,False,東北,出遊(吉),小土(凶),下吉,True,辰巳,滿
2019-09-12,己,亥,癸,酉,壬,子,平,壬子,八專,西,午未申酉,井,False,False,False,False,大禍,False,True,False,東北,出遊(吉),小土(凶),,False,辰巳,平
2019-09-13,己,亥,癸,酉,癸,丑,定,癸丑,八專,西,午未申酉,井,False,False,False,False,,False,False,False,東北,出遊(吉),小土(凶),下吉,False,辰巳,定
2019-09-14,己,亥,癸,酉,甲,寅,執,甲寅,八專,西,午未申酉,井,False,False,False,False,,False,True,False,東北,出遊(吉),小土(凶),下吉,False,寅卯,執
2019-09-15,己,亥,癸,酉,乙,卯,破,乙卯,八專,西,午未申酉,井,False,True,False,False,,False,True,False,東,出遊(吉),,下吉,False,寅卯,破
2019-09-16,己,亥,癸,酉,丙,辰,危,丙辰,八專,西,午未申酉,井,False,False,False,False,,False,False,False,東,出遊(吉),,,False,寅卯,危
2019-09-17,己,亥,癸,酉,丁,巳,成,丁巳,八專,西,午未申酉,井,False,False,False,False,,False,True,False,東,出遊(吉),,下吉,True,寅卯,成
2019-09-18,己,亥,癸,酉,戊,午,收,戊午,八專,西,午未申酉,井,False,False,False,False,滅門,False,True,False,東,出遊(吉),,,False,寅卯,收
2019-09-19,己,亥,癸,酉,己,未,開,己未,八專,西,午未申酉,井,False,False,False,False,,False,False,False,東,出遊(吉),,下吉,False,寅卯,開
2019-09-20,己,亥,癸,酉,庚,申,閉,庚申,八專,西,午未申酉,井,False,False,False,False,,False,True,False,東南,出遊(吉),,,False,寅卯,閉
2019-09-21,己,亥,癸,酉,辛,酉,建,辛酉,八專,西,午未申酉,井,False,True,False,True,狼藉,False,True,False,東南,出遊(吉),,下吉,False,寅卯,建
2019-09-22,己,亥,癸,酉,壬,戌,除,壬戌,八專,西,午未申酉,井,False,False,True,False,,False,False,False,東南,出遊(吉),,,False,寅卯,除
2019-09-23,己,亥,癸,酉,癸,亥,滿,癸亥,八專,西,午未申酉,井,False,False,False,False,,False,True,False,東南,出遊(吉),,,True,寅卯,滿
2019-09-24,己,亥,癸,酉,甲,子,平,甲子,,西,午未申酉,井,False,False,False,False,大禍,False,False,False,東南,出遊(吉),,,False,子丑,平
2019-09-25,己,亥,癸,酉,乙,丑,定,乙丑,,西,午未申酉,井,False,True,False,False,,False,False,False,東南,出遊(吉),,,False,子丑,定
2019-09-26,己,亥,癸,酉,丙,寅,執,丙寅,,西,午未申酉,井,False,False,False,False,,False,False,False,南,出遊(吉),,下吉,False,子丑,執
2019-09-27,己,亥,癸,酉,丁,卯,破,丁卯,,西,午未申酉,井,False,False,False,False,,False,False,False,南,出遊(吉),,下吉,False,子丑,破
2019-09-28,己,亥,癸,酉,戊,辰,危,戊辰,,西,午未申酉,井,False,False,False,False,,False,False,True,南,出遊(吉),,,False,子丑,危
2019-09-29,己,亥,癸,酉,己,巳,成,己巳,,西,午未申酉,井,False,False,False,False,,False,False,False,南,出遊(吉),,,True,子丑,成
2019-09-30,己,亥,癸,酉,庚,午,收,庚午,,西,午未申酉,井,False,False,False,False,滅門,False,False,False,南,出遊(吉),大土(凶),下吉,False,子丑,收
2019-10-01,己,亥,癸,酉,辛,未,開,辛未,,西,午未申酉,井,False,True,False,False,,False,False,False,西南,出遊(吉),大土(凶),中吉,False,子丑,開
2019-10-02,己,亥,癸,酉,壬,申,閉,壬申,,西,午未申酉,井,False,False,False,False,,False,False,False,西南,出遊(吉),大土(凶),,False,子丑,閉
2019-10-03,己,亥,癸,酉,癸,酉,建,癸酉,,西,午未申酉,井,False,False,False,True,狼藉,False,False,False,西南,出遊(吉),大土(凶),中吉,False,子丑,建
2019-10-04,己,亥,癸,酉,甲,戌,除,甲戌,,西,午未申酉,井,False,False,True,False,,False,False,False,西南,出遊(吉),大土(凶),,False,戌亥,除
2019-10-05,己,亥,癸,酉,乙,亥,滿,乙亥,,西,午未申酉,井,False,True,False,False,,False,False,False,西南,出遊(吉),大土(凶),,True,戌亥,滿
2019-10-06,己,亥,癸,酉,丙,子,平,丙子,,西,午未申酉,井,False,False,False,False,大禍,False,False,False,西南,出遊(吉),大土(凶),,False,戌亥,平
2019-10-07,己,亥,癸,酉,丁,丑,定,丁丑,,西,午未申酉,井,False,False,False,False,,False,False,False,西,出遊(吉),,下吉,False,戌亥,定
2019-10-08,己,亥,甲,戌,戊,寅,定,戊寅,,西,午未申酉,井,False,True,False,False,,False,False,False,西,出遊(吉),,下吉,False,戌亥,定
2019-10-09,己,亥,甲,戌,己,卯,執,己卯,,西,午未申酉,井,False,True,False,False,狼藉,False,False,False,西,出遊(吉),,,False,戌亥,執
2019-10-10,己,亥,甲,戌,庚,辰,破,庚辰,,西,午未申酉,井,False,False,False,False,,False,False,False,西,出遊(吉),,下吉,False,戌亥,破
2019-10-11,己,亥,甲,戌,辛,巳,危,辛巳,,西,午未申酉,井,False,False,True,False,,False,False,False,西,出遊(吉),,下吉,True,戌亥,危
2019-10-12,己,亥,甲,戌,壬,午,成,壬午,,西,午未申酉,井,False,False,False,False,,False,False,False,西北,出遊(吉),,上吉,False,戌亥,成
2019-10-13,己,亥,甲,戌,癸,未,收,癸未,,西,午未申酉,井,False,False,False,False,大禍,False,False,False,西北,出遊(吉),,下吉,False,戌亥,收
2019-10-14,己,亥,甲,戌,甲,申,開,甲申,十方暮,西,午未申酉,井,False,False,False,False,,True,False,False,西北,出遊(吉),,上吉,False,申酉,開
2019-10-15,己,亥,甲,戌,乙,酉,閉,乙酉,十方暮,西,午未申酉,井,False,False,False,False,,True,False,False,西北,出遊(吉),,下吉,False,申酉,閉
2019-10-16,己,亥,甲,戌,丙,戌,建,丙戌,十方暮,西,午未申酉,井,False,False,False,False,,True,False,True,西北,出遊(吉),,,False,申酉,建
2019-10-17,己,亥,甲,戌,丁,亥,除,丁亥,十方暮,西,午未申酉,井,False,False,False,False,,True,False,False,西北,出遊(吉),,,True,申酉,除
2019-10-18,己,亥,甲,戌,戊,子,滿,戊子,十方暮,西,午未申酉,井,False,True,False,True,,True,False,False,北,出遊(吉),,,False,申酉,滿
2019-10-19,己,亥,甲,戌,己,丑,平,己丑,十方暮,西,午未申酉,井,False,True,False,False,滅門,True,False,False,北,出遊(吉),,,False,申酉,平
2019-10-20,己,亥,甲,戌,庚,寅,定,庚寅,十方暮,西,午未申酉,井,False,False,False,False,,True,False,False,北,出遊(吉),,上吉,False,申酉,定
2019-10-21,己,亥,甲,戌,辛,卯,執,辛卯,十方暮,西,午未申酉,井,False,False,False,False,狼藉,True,False,False,北,出遊(吉),,,False,申酉,執
2019-10-22,己,亥,甲,戌,壬,辰,破,壬辰,十方暮,西,午未申酉,井,False,False,False,False,,True,False,True,北,出遊(吉),,,False,申酉,破
2019-10-23,己,亥,甲,戌,癸,巳,危,癸巳,天一天上,西,午未申酉,井,False,False,True,False,,True,False,False,天一天上,北宮(凶),,下吉,True,申酉,危
2019-10-24,己,亥,甲,戌,甲,午,成,甲午,天一天上,西,午未申酉,井,False,False,False,False,,False,False,False,天一天上,北宮(凶),,,False,午未,成
2019-10-25,己,亥,甲,戌,乙,未,收,乙未,天一天上,西,午未申酉,井,False,False,False,False,大禍,False,False,True,天一天上,北宮(凶),,,False,午未,收
2019-10-26,己,亥,甲,戌,丙,申,開,丙申,天一天上,西,午未申酉,井,False,False,False,False,,False,False,False,天一天上,北宮(凶),,,False,午未,開
2019-10-27,己,亥,甲,戌,丁,酉,閉,丁酉,天一天上,西,午未申酉,井,False,False,False,False,,False,False,False,天一天上,北宮(凶),,上吉,False,午未,閉
2019-10-28,己,亥,甲,戌,戊,戌,建,戊戌,天一天上,西,午未申酉,井,False,True,False,False,,False,False,False,天一天上,南宮(凶),,,False,午未,建
2019-10-29,己,亥,甲,戌,己,亥,除,己亥,天一天上,西,午未申酉,井,False,True,False,False,,False,False,False,天一天上,南宮(凶),,,True,午未,除
2019-10-30,己,亥,甲,戌,庚,子,滿,庚子,天一天上,西,午未申酉,井,False,False,False,True,,False,False,False,天一天上,南宮(凶),,中吉,False,午未,滿
2019-10-31,己,亥,甲,戌,辛,丑,平,辛丑,天一天上,西,午未申酉,井,False,False,False,False,滅門,False,False,True,天一天上,南宮(凶),,下吉,False,午未,平
2019-11-01,己,亥,甲,戌,壬,寅,定,壬寅,天一天上,西,午未申酉,井,False,False,False,False,,False,False,False,天一天上,南宮(凶),,中吉,False,午未,定
2019-11-02,己,亥,甲,戌,癸,卯,執,癸卯,天一天上,西,午未申酉,井,False,False,False,False,狼藉,False,False,False,天一天上,西宮(凶),,下吉,False,午未,執
2019-11-03,己,亥,甲,戌,甲,辰,破,甲辰,天一天上,西,午未申酉,井,False,False,False,False,,False,False,False,天一天上,東宮(凶),,中吉,False,辰巳,破
2019-11-04,己,亥,甲,戌,乙,巳,危,乙巳,天一天上,西,午未申酉,井,False,False,True,False,,False,False,False,天一天上,東宮(凶),,,True,辰巳,危
2019-11-05,己,亥,甲,戌,丙,午,成,丙午,天一天上,西,午未申酉,井,False,False,False,False,,False,False,False,天一天上,東宮(凶),,下吉,False,辰巳,成
2019-11-06,己,亥,甲,戌,丁,未,收,丁未,天一天上,西,午未申酉,井,False,False,False,False,大禍,False,False,False,天一天上,東宮(凶),,下吉,False,辰巳,收
2019-11-07,己,亥,甲,戌,戊,申,開,戊申,天一天上,西,午未申酉,井,True,True,False,False,,False,False,False,天一天上,東宮(凶),小土(凶),下吉,False,辰巳,開
2019-11-08,己,亥,乙,亥,己,酉,開,己酉,,西,午未申酉,庭,False,False,False,False,,False,False,False,東北,出遊(吉),小土(凶),上吉,False,辰巳,開
2019-11-09,己,亥,乙,亥,庚,戌,閉,庚戌,,西,午未申酉,庭,False,False,False,False,,False,False,False,東北,出遊(吉),小土(凶),,False,辰巳,閉
2019-11-10,己,亥,乙,亥,辛,亥,建,辛亥,,西,午未申酉,庭,False,False,True,False,,False,False,False,東北,出遊(吉),小土(凶),下吉,True,辰巳,建
2019-11-11,己,亥,乙,亥,壬,子,除,壬子,八專,西,午未申酉,庭,False,True,False,False,,False,True,False,東北,出遊(吉),小土(凶),,False,辰巳,除
2019-11-12,己,亥,乙,亥,癸,丑,滿,癸丑,八專,西,午未申酉,庭,False,False,False,False,,False,False,False,東北,出遊(吉),小土(凶),下吉,False,辰巳,滿
2019-11-13,己,亥,乙,亥,甲,寅,平,甲寅,八專,西,午未申酉,庭,False,False,False,False,大禍,False,True,False,東北,出遊(吉),小土(凶),下吉,False,寅卯,平
2019-11-14,己,亥,乙,亥,乙,卯,定,乙卯,八專,西,午未申酉,庭,False,False,False,True,狼藉,False,True,False,東,出遊(吉),,下吉,False,寅卯,定
2019-11-15,己,亥,乙,亥,丙,辰,執,丙辰,八專,西,午未申酉,庭,False,True,False,False,,False,False,False,東,出遊(吉),,,False,寅卯,執
2019-11-16,己,亥,乙,亥,丁,巳,破,丁巳,八專,西,午未申酉,庭,False,False,False,False,,False,True,False,東,出遊(吉),,下吉,True,寅卯,破
2019-11-17,己,亥,乙,亥,戊,午,危,戊午,八專,西,午未申酉,庭,False,False,False,False,,False,True,False,東,出遊(吉),,,False,寅卯,危
2019-11-18,己,亥,乙,亥,己,未,成,己未,八專,西,午未申酉,庭,False,False,False,False,,False,False,False,東,出遊(吉),,下吉,False,寅卯,成
2019-11-19,己,亥,乙,亥,庚,申,收,庚申,八專,西,午未申酉,庭,False,False,False,False,滅門,False,True,False,東南,出遊(吉),,,False,寅卯,收
2019-11-20,己,亥,乙,亥,辛,酉,開,辛酉,八專,西,午未申酉,庭,False,False,False,False,,False,True,False,東南,出遊(吉),,下吉,False,寅卯,開
2019-11-21,己,亥,乙,亥,壬,戌,閉,壬戌,八專,西,午未申酉,庭,False,True,False,False,,False,False,False,東南,出遊(吉),,,False,寅卯,閉
2019-11-22,己,亥,乙,亥,癸,亥,建,癸亥,八專,西,午未申酉,庭,False,False,True,False,,False,True,False,東南,出遊(吉),,,True,寅卯,建
2019-11-23,己,亥,乙,亥,甲,子,除,甲子,,西,午未申酉,庭,True,False,False,False,,False,False,False,東南,出遊(吉),,,False,子丑,除
2019-11-24,己,亥,乙,亥,乙,丑,滿,乙丑,,西,午未申酉,庭,False,False,False,False,,False,False,False,東南,出遊(吉),,,False,子丑,滿
2019-11-25,己,亥,乙,亥,丙,寅,平,丙寅,,西,午未申酉,庭,False,True,False,False,大禍,False,False,False,南,出遊(吉),,下吉,False,子丑,平
2019-11-26,己,亥,乙,亥,丁,卯,定,丁卯,,西,午未申酉,庭,False,False,False,True,狼藉,False,False,False,南,出遊(吉),,下吉,False,子丑,定
2019-11-27,己,亥,乙,亥,戊,辰,執,戊辰,,西,午未申酉,庭,False,False,False,False,,False,False,True,南,出遊(吉),,,False,子丑,執
2019-11-28,己,亥,乙,亥,己,巳,破,己巳,,西,午未申酉,庭,False,False,False,False,,False,False,False,南,出遊(吉),,,True,子丑,破
2019-11-29,己,亥,乙,亥,庚,午,危,庚午,,西,午未申酉,庭,False,False,False,False,,False,False,False,南,出遊(吉),大土(凶),下吉,False,子丑,危
2019-11-30,己,亥,乙,亥,辛,未,成,辛未,,西,午未申酉,庭,False,False,False,False,,False,False,False,西南,出遊(吉),大土(凶),中吉,False,子丑,成
2019-12-01,己,亥,乙,亥,壬,申,收,壬申,,西,午未申酉,庭,False,True,False,False,滅門,False,False,False,西南,出遊(吉),大土(凶),,False,子丑,收
2019-12-02,己,亥,乙,亥,癸,酉,開,癸酉,,西,午未申酉,庭,False,False,False,False,,False,False,False,西南,出遊(吉),大土(凶),中吉,False,子丑,開
2019-12-03,己,亥,乙,亥,甲,戌,閉,甲戌,,西,午未申酉,庭,False,False,False,False,,False,False,False,西南,出遊(吉),大土(凶),,False,戌亥,閉
2019-12-04,己,亥,乙,亥,乙,亥,建,乙亥,,西,午未申酉,庭,False,False,True,False,,False,False,False,西南,出遊(吉),大土(凶),,True,戌亥,建
2019-12-05,己,亥,乙,亥,丙,子,除,丙子,,西,午未申酉,庭,False,True,False,False,,False,False,False,西南,出遊(吉),大土(凶),,False,戌亥,除
2019-12-06,己,亥,乙,亥,丁,丑,滿,丁丑,,西,午未申酉,庭,False,False,False,False,,False,False,False,西,出遊(吉),,下吉,False,戌亥,滿
2019-12-07,己,亥,丙,子,戊,寅,滿,戊寅,,西,午未申酉,庭,False,False,False,False,,False,False,False,西,出遊(吉),,下吉,False,戌亥,滿
2019-12-08,己,亥,丙,子,己,卯,平,己卯,,西,午未申酉,庭,False,False,False,False,滅門,False,False,False,西,出遊(吉),,,False,戌亥,平
2019-12-09,己,亥,丙,子,庚,辰,定,庚辰,,西,午未申酉,庭,False,False,False,False,,False,False,False,西,出遊(吉),,下吉,False,戌亥,定
2019-12-10,己,亥,丙,子,辛,巳,執,辛巳,,西,午未申酉,庭,False,False,False,False,,False,False,False,西,出遊(吉),,下吉,True,戌亥,執
2019-12-11,己,亥,丙,子,壬,午,破,壬午,,西,午未申酉,庭,False,False,True,True,狼藉,False,False,False,西北,出遊(吉),,上吉,False,戌亥,破
2019-12-12,己,亥,丙,子,癸,未,危,癸未,,西,午未申酉,庭,False,True,False,False,,False,False,False,西北,出遊(吉),,下吉,False,戌亥,危
2019-12-13,己,亥,丙,子,甲,申,成,甲申,十方暮,西,午未申酉,庭,False,False,False,False,,True,False,False,西北,出遊(吉),,上吉,False,申酉,成
2019-12-14,己,亥,丙,子,乙,酉,收,乙酉,十方暮,西,午未申酉,庭,False,False,False,False,大禍,True,False,False,西北,出遊(吉),,下吉,False,申酉,收
2019-12-15,己,亥,丙,子,丙,戌,開,丙戌,十方暮,西,午未申酉,庭,False,False,False,False,,True,False,True,西北,出遊(吉),,,False,申酉,開
2019-12-16,己,亥,丙,子,丁,亥,閉,丁亥,十方暮,西,午未申酉,庭,False,True,False,False,,True,False,False,西北,出遊(吉),,,True,申酉,閉
2019-12-17,己,亥,丙,子,戊,子,建,戊子,十方暮,西,午未申酉,庭,False,False,False,False,,True,False,False,北,出遊(吉),,,False,申酉,建
2019-12-18,己,亥,丙,子,己,丑,除,己丑,十方暮,西,午未申酉,庭,False,False,False,False,,True,False,False,北,出遊(吉),,,False,申酉,除
2019-12-19,己,亥,丙,子,庚,寅,滿,庚寅,十方暮,西,午未申酉,庭,False,False,False,False,,True,False,False,北,出遊(吉),,上吉,False,申酉,滿
2019-12-20,己,亥,丙,子,辛,卯,平,辛卯,十方暮,西,午未申酉,庭,False,False,False,False,滅門,True,False,False,北,出遊(吉),,,False,申酉,平
2019-12-21,己,亥,丙,子,壬,辰,定,壬辰,十方暮,西,午未申酉,庭,False,False,False,False,,True,False,True,北,出遊(吉),,,False,申酉,定
2019-12-22,己,亥,丙,子,癸,巳,執,癸巳,天一天上,西,午未申酉,庭,False,True,False,False,,True,False,False,天一天上,北宮(凶),,下吉,True,申酉,執
2019-12-23,己,亥,丙,子,甲,午,破,甲午,天一天上,西,午未申酉,庭,False,False,True,True,狼藉,False,False,False,天一天上,北宮(凶),,,False,午未,破
2019-12-24,己,亥,丙,子,乙,未,危,乙未,天一天上,西,午未申酉,庭,False,False,False,False,,False,False,True,天一天上,北宮(凶),,,False,午未,危
2019-12-25,己,亥,丙,子,丙,申,成,丙申,天一天上,西,午未申酉,庭,False,False,False,False,,False,False,False,天一天上,北宮(凶),,,False,午未,成
2019-12-26,己,亥,丙,子,丁,酉,收,丁酉,天一天上,西,午未申酉,庭,False,True,False,False,大禍,False,False,False,天一天上,北宮(凶),,上吉,False,午未,收
2019-12-27,己,亥,丙,子,戊,戌,開,戊戌,天一天上,西,午未申酉,庭,False,False,False,False,,False,False,False,天一天上,南宮(凶),,,False,午未,開
2019-12-28,己,亥,丙,子,己,亥,閉,己亥,天一天上,西,午未申酉,庭,False,False,False,False,,False,False,False,天一天上,南宮(凶),,,True,午未,閉
2019-12-29,己,亥,丙,子,庚,子,建,庚子,天一天上,西,午未申酉,庭,False,False,False,False,,False,False,False,天一天上,南宮(凶),,中吉,False,午未,建
2019-12-30,己,亥,丙,子,辛,丑,除,辛丑,天一天上,西,午未申酉,庭,False,False,False,False,,False,False,True,天一天上,南宮(凶),,下吉,False,午未,除
2019-12-31,己,亥,丙,子,壬,寅,滿,壬寅,天一天上,西,午未申酉,庭,False,False,False,False,,False,False,False,天一天上,南宮(凶),,中吉,False,午未,滿
2020-01-01,己,亥,丙,子,癸,卯,平,癸卯,天一天上,西,午未申酉,庭,False,True,False,False,滅門,False,False,False,天一天上,西宮(凶),,下吉,False,午未,平
2020-01-02,己,亥,丙,子,甲,辰,定,甲辰,天一天上,西,午未申酉,庭,False,False,False,False,,False,False,False,天一天上,東宮(凶),,中吉,False,辰巳,定
2020-01-03,己,亥,丙,子,乙,巳,執,乙巳,天一天上,西,午未申酉,庭,False,False,False,False,,False,False,False,天一天上,東宮(凶),,,True,辰巳,執
2020-01-04,己,亥,丙,子,丙,午,破,丙午,天一天上,西,午未申酉,庭,False,False,True,True,狼藉,False,False,False,天一天上,東宮(凶),,下吉,False,辰巳,破
2020-01-05,己,亥,丙,子,丁,未,危,丁未,天一天上,西,午未申酉,庭,False,True,False,False,,False,False,False,天一天上,東宮(凶),,下吉,False,辰巳,危
2020-01-06,己,亥,丁,丑,戊,申,危,戊申,天一天上,西,午未申酉,庭,False,True,False,False,,False,False,False,天一天上,東宮(凶),小土(凶),下吉,False,辰巳,危
2020-01-07,己,亥,丁,丑,己,酉,成,己酉,,西,午未申酉,庭,False,True,False,True,狼藉,False,False,False,東北,出遊(吉),小土(凶),上吉,False,辰巳,成
2020-01-08,己,亥,丁,丑,庚,戌,收,庚戌,,西,午未申酉,庭,False,False,False,False,滅門,False,False,False,東北,出遊(吉),小土(凶),,False,辰巳,收
2020-01-09,己,亥,丁,丑,辛,亥,開,辛亥,,西,午未申酉,庭,False,False,False,False,,False,False,False,東北,出遊(吉),小土(凶),下吉,True,辰巳,開
2020-01-10,己,亥,丁,丑,壬,子,閉,壬子,八專,西,午未申酉,庭,False,False,True,False,,False,True,False,東北,出遊(吉),小土(凶),,False,辰巳,閉
2020-01-11,己,亥,丁,丑,癸,丑,建,癸丑,八專,西,午未申酉,庭,False,False,False,False,,False,False,False,東北,出遊(吉),小土(凶),下吉,False,辰巳,建
2020-01-12,己,亥,丁,丑,甲,寅,除,甲寅,八專,西,午未申酉,庭,False,False,False,False,,False,True,False,東北,出遊(吉),小土(凶),下吉,False,寅卯,除
2020-01-13,己,亥,丁,丑,乙,卯,滿,乙卯,八專,西,午未申酉,庭,False,False,False,False,,False,True,False,東,出遊(吉),,下吉,False,寅卯,滿
2020-01-14,己,亥,丁,丑,丙,辰,平,丙辰,八專,西,午未申酉,庭,False,False,False,False,大禍,False,False,False,東,出遊(吉),,,False,寅卯,平
2020-01-15,己,亥,丁,丑,丁,巳,定,丁巳,八專,西,午未申酉,庭,False,False,False,False,,False,True,False,東,出遊(吉),,下吉,True,寅卯,定
2020-01-16,己,亥,丁,丑,戊,午,執,戊午,八專,西,午未申酉,庭,False,True,False,False,,False,True,False,東,出遊(吉),,,False,寅卯,執
2020-01-17,己,亥,丁,丑,己,未,破,己未,八專,西,午未申酉,庭,False,True,False,False,,False,False,False,東,出遊(吉),,下吉,False,寅卯,破
2020-01-18,己,亥,丁,丑,庚,申,危,庚申,八專,西,午未申酉,庭,False,False,False,False,,False,True,False,東南,出遊(吉),,,False,寅卯,危
2020-01-19,己,亥,丁,丑,辛,酉,成,辛酉,八專,西,午未申酉,庭,False,False,False,True,狼藉,False,True,False,東南,出遊(吉),,下吉,False,寅卯,成
2020-01-20,己,亥,丁,丑,壬,戌,收,壬戌,八專,西,午未申酉,庭,False,False,False,False,滅門,False,False,False,東南,出遊(吉),,,False,寅卯,收
2020-01-21,己,亥,丁,丑,癸,亥,開,癸亥,八專,西,午未申酉,庭,False,False,False,False,,False,True,False,東南,出遊(吉),,,True,寅卯,開
2020-01-22,己,亥,丁,丑,甲,子,閉,甲子,,西,午未申酉,庭,True,False,True,False,,False,False,False,東南,出遊(吉),,,False,子丑,閉
2020-01-23,己,亥,丁,丑,乙,丑,建,乙丑,,西,午未申酉,庭,False,False,False,False,,False,False,False,東南,出遊(吉),,,False,子丑,建
2020-01-24,己,亥,丁,丑,丙,寅,除,丙寅,,西,午未申酉,庭,False,False,False,False,,False,False,False,南,出遊(吉),,下吉,False,子丑,除
2020-01-25,庚,子,丁,丑,丁,卯,滿,丁卯,,西,辰巳,庭,False,False,False,False,,False,False,False,南,出遊(吉),,下吉,False,子丑,滿
2020-01-26,庚,子,丁,丑,戊,辰,平,戊辰,,西,辰巳,庭,False,True,False,False,大禍,False,False,True,南,出遊(吉),,,False,子丑,平
2020-01-27,庚,子,丁,丑,己,巳,定,己巳,,西,辰巳,庭,False,True,False,False,,False,False,False,南,出遊(吉),,,True,子丑,定
2020-01-28,庚,子,丁,丑,庚,午,執,庚午,,西,辰巳,庭,False,False,False,False,,False,False,False,南,出遊(吉),大土(凶),下吉,False,子丑,執
2020-01-29,庚,子,丁,丑,辛,未,破,辛未,,西,辰巳,庭,False,False,False,False,,False,False,False,西南,出遊(吉),大土(凶),中吉,False,子丑,破
2020-01-30,庚,子,丁,丑,壬,申,危,壬申,,西,辰巳,庭,False,False,False,False,,False,False,False,西南,出遊(吉),大土(凶),,False,子丑,危
2020-01-31,庚,子,丁,丑,癸,酉,成,癸酉,,西,辰巳,庭,False,False,False,True,狼藉,False,False,False,西南,出遊(吉),大土(凶),中吉,False,子丑,成
2020-02-01,庚,子,丁,丑,甲,戌,收,甲戌,,西,辰巳,庭,False,False,False,False,滅門,False,False,False,西南,出遊(吉),大土(凶),,False,戌亥,收
2020-02-02,庚,子,丁,丑,乙,亥,開,乙亥,,西,辰巳,庭,False,False,False,False,,False,False,False,西南,出遊(吉),大土(凶),,True,戌亥,開
2020-02-03,庚,子,丁,丑,丙,子,閉,丙子,,西,辰巳,庭,False,False,True,False,,False,False,False,西南,出遊(吉),大土(凶),,False,戌亥,閉
2020-02-04,庚,子,戊,寅,丁,丑,閉,丁丑,,西,辰巳,灶,False,False,True,False,,False,False,False,西,出遊(吉),,下吉,False,戌亥,閉
2020-02-05,庚,子,戊,寅,戊,寅,建,戊寅,,西,辰巳,灶,True,False,False,False,,False,False,False,西,出遊(吉),,下吉,False,戌亥,建
2020-02-06,庚,子,戊,寅,己,卯,除,己卯,,西,辰巳,灶,False,False,False,False,,False,False,False,西,出遊(吉),,,False,戌亥,除
2020-02-07,庚,子,戊,寅,庚,辰,滿,庚辰,,西,辰巳,灶,False,True,False,False,,False,False,False,西,出遊(吉),,下吉,False,戌亥,滿
2020-02-08,庚,子,戊,寅,辛,巳,平,辛巳,,西,辰巳,灶,False,False,False,False,滅門,False,False,False,西,出遊(吉),,下吉,True,戌亥,平
2020-02-09,庚,子,戊,寅,壬,午,定,壬午,,西,辰巳,灶,False,False,False,False,,False,False,False,西北,出遊(吉),,上吉,False,戌亥,定
2020-02-10,庚,子,戊,寅,癸,未,執,癸未,,西,辰巳,灶,False,False,False,False,,False,False,False,西北,出遊(吉),,下吉,False,戌亥,執
2020-02-11,庚,子,戊,寅,甲,申,破,甲申,十方暮,西,辰巳,灶,False,True,False,False,,True,False,False,西北,出遊(吉),,上吉,False,申酉,破
2020-02-12,庚,子,戊,寅,乙,酉,危,乙酉,十方暮,西,辰巳,灶,False,False,False,False,,True,False,False,西北,出遊(吉),,下吉,False,申酉,危
2020-02-13,庚,子,戊,寅,丙,戌,成,丙戌,十方暮,西,辰巳,灶,False,False,False,False,,True,False,True,西北,出遊(吉),,,False,申酉,成
2020-02-14,庚,子,戊,寅,丁,亥,收,丁亥,十方暮,西,辰巳,灶,False,False,False,False,大禍,True,False,False,西北,出遊(吉),,,True,申酉,收
2020-02-15,庚,子,戊,寅,戊,子,開,戊子,十方暮,西,辰巳,灶,False,False,False,True,狼藉,True,False,False,北,出遊(吉),,,False,申酉,開
2020-02-16,庚,子,戊,寅,己,丑,閉,己丑,十方暮,西,辰巳,灶,False,False,True,False,,True,False,False,北,出遊(吉),,,False,申酉,閉
2020-02-17,庚,子,戊,寅,庚,寅,建,庚寅,十方暮,西,辰巳,灶,False,True,False,False,,True,False,False,北,出遊(吉),,上吉,False,申酉,建
2020-02-18,庚,子,戊,寅,辛,卯,除,辛卯,十方暮,西,辰巳,灶,False,False,False,False,,True,False,False,北,出遊(吉),,,False,申酉,除
2020-02-19,庚,子,戊,寅,壬,辰,滿,壬辰,十方暮,西,辰巳,灶,False,False,False,False,,True,False,True,北,出遊(吉),,,False,申酉,滿
2020-02-20,庚,子,戊,寅,癸,巳,平,癸巳,天一天上,西,辰巳,灶,False,False,False,False,滅門,True,False,False,天一天上,北宮(凶),,下吉,True,申酉,平
2020-02-21,庚,子,戊,寅,甲,午,定,甲午,天一天上,西,辰巳,灶,False,True,False,False,,False,False,False,天一天上,北宮(凶),,,False,午未,定
2020-02-22,庚,子,戊,寅,乙,未,執,乙未,天一天上,西,辰巳,灶,False,False,False,False,,False,False,True,天一天上,北宮(凶),,,False,午未,執
2020-02-23,庚,子,戊,寅,丙,申,破,丙申,天一天上,西,辰巳,灶,False,False,False,False,,False,False,False,天一天上,北宮(凶),,,False,午未,破
2020-02-24,庚,子,戊,寅,丁,酉,危,丁酉,天一天上,西,辰巳,灶,False,False,False,False,,False,False,False,天一天上,北宮(凶),,上吉,False,午未,危
2020-02-25,庚,子,戊,寅,戊,戌,成,戊戌,天一天上,西,辰巳,灶,False,False,False,False,,False,False,False,天一天上,南宮(凶),,,False,午未,成
2020-02-26,庚,子,戊,寅,己,亥,收,己亥,天一天上,西,辰巳,灶,False,False,False,False,大禍,False,False,False,天一天上,南宮(凶),,,True,午未,收
2020-02-27,庚,子,戊,寅,庚,子,開,庚子,天一天上,西,辰巳,灶,False,True,False,True,狼藉,False,False,False,天一天上,南宮(凶),,中吉,False,午未,開
2020-02-28,庚,子,戊,寅,辛,丑,閉,辛丑,天一天上,西,辰巳,灶,False,False,True,False,,False,False,True,天一天上,南宮(凶),,下吉,False,午未,閉
2020-02-29,庚,子,戊,寅,壬,寅,建,壬寅,天一天上,西,辰巳,灶,False,False,False,False,,False,False,False,天一天上,南宮(凶),,中吉,False,午未,建
2020-03-01,庚,子,戊,寅,癸,卯,除,癸卯,天一天上,西,辰巳,灶,False,False,False,False,,False,False,False,天一天上,西宮(凶),,下吉,False,午未,除
2020-03-02,庚,子,戊,寅,甲,辰,滿,甲辰,天一天上,西,辰巳,灶,False,True,False,False,,False,False,False,天一天上,東宮(凶),,中吉,False,辰巳,滿
2020-03-03,庚,子,戊,寅,乙,巳,平,乙巳,天一天上,西,辰巳,灶,False,False,False,False,滅門,False,False,False,天一天上,東宮(凶),,,True,辰巳,平
2020-03-04,庚,子,戊,寅,丙,午,定,丙午,天一天上,西,辰巳,灶,False,False,False,False,,False,False,False,天一天上,東宮(凶),,下吉,False,辰巳,定
2020-03-05,庚,子,己,卯,丁,未,定,丁未,天一天上,西,辰巳,灶,False,False,True,False,,False,False,False,天一天上,東宮(凶),,下吉,False,辰巳,定
2020-03-06,庚,子,己,卯,戊,申,執,戊申,天一天上,西,辰巳,灶,False,False,False,False,,False,False,False,天一天上,東宮(凶),小土(凶),下吉,False,辰巳,執
2020-03-07,庚,子,己,卯,己,酉,破,己酉,,西,辰巳,灶,False,False,False,False,,False,False,False,東北,出遊(吉),小土(凶),上吉,False,辰巳,破
2020-03-08,庚,子,己,卯,庚,戌,危,庚戌,,西,辰巳,灶,False,False,False,False,,False,False,False,東北,出遊(吉),小土(凶),,False,辰巳,危
2020-03-09,庚,子,己,卯,辛,亥,成,辛亥,,西,辰巳,灶,False,True,False,False,,False,False,False,東北,出遊(吉),小土(凶),下吉,True,辰巳,成
2020-03-10,庚,子,己,卯,壬,子,收,壬子,八專,西,辰巳,灶,False,False,False,False,滅門,False,True,False,東北,出遊(吉),小土(凶),,False,辰巳,收
2020-03-11,庚,子,己,卯,癸,丑,開,癸丑,八專,西,辰巳,灶,False,False,False,False,,False,False,False,東北,出遊(吉),小土(凶),下吉,False,辰巳,開
2020-03-12,庚,子,己,卯,甲,寅,閉,甲寅,八專,西,辰巳,灶,False,False,False,False,,False,True,False,東北,出遊(吉),小土(凶),下吉,False,寅卯,閉
2020-03-13,庚,子,己,卯,乙,卯,建,乙卯,八專,西,辰巳,灶,False,True,False,True,狼藉,False,True,False,東,出遊(吉),,下吉,False,寅卯,建
2020-03-14,庚,子,己,卯,丙,辰,除,丙辰,八專,西,辰巳,灶,False,False,False,False,,False,False,False,東,出遊(吉),,,False,寅卯,除
2020-03-15,庚,子,己,卯,丁,巳,滿,丁巳,八專,西,辰巳,灶,False,False,False,False,,False,True,False,東,出遊(吉),,下吉,True,寅卯,滿
2020-03-16,庚,子,己,卯,戊,午,平,戊午,八專,西,辰巳,灶,False,False,False,False,大禍,False,True,False,東,出遊(吉),,,False,寅卯,平
2020-03-17,庚,子,己,卯,己,未,定,己未,八專,西,辰巳,灶,False,False,True,False,,False,False,False,東,出遊(吉),,下吉,False,寅卯,定
2020-03-18,庚,子,己,卯,庚,申,執,庚申,八專,西,辰巳,灶,False,False,False,False,,False,True,False,東南,出遊(吉),,,False,寅卯,執
2020-03-19,庚,子,己,卯,辛,酉,破,辛酉,八專,西,辰巳,灶,False,True,False,False,,False,True,False,東南,出遊(吉),,下吉,False,寅卯,破
2020-03-20,庚,子,己,卯,壬,戌,危,壬戌,八專,西,辰巳,灶,False,False,False,False,,False,False,False,東南,出遊(吉),,,False,寅卯,危
2020-03-21,庚,子,己,卯,癸,亥,成,癸亥,八專,西,辰巳,灶,False,False,False,False,,False,True,False,東南,出遊(吉),,,True,寅卯,成
2020-03-22,庚,子,己,卯,甲,子,收,甲子,,西,辰巳,灶,False,False,False,False,滅門,False,False,False,東南,出遊(吉),,,False,子丑,收
2020-03-23,庚,子,己,卯,乙,丑,開,乙丑,,西,辰巳,灶,False,True,False,False,,False,False,False,東南,出遊(吉),,,False,子丑,開
2020-03-24,庚,子,己,卯,丙,寅,閉,丙寅,,西,辰巳,灶,False,False,False,False,,False,False,False,南,出遊(吉),,下吉,False,子丑,閉
2020-03-25,庚,子,己,卯,丁,卯,建,丁卯,,西,辰巳,灶,False,False,False,True,狼藉,False,False,False,南,出遊(吉),,下吉,False,子丑,建
2020-03-26,庚,子,己,卯,戊,辰,除,戊辰,,西,辰巳,灶,False,False,False,False,,False,False,True,南,出遊(吉),,,False,子丑,除
2020-03-27,庚,子,己,卯,己,巳,滿,己巳,,西,辰巳,灶,False,False,False,False,,False,False,False,南,出遊(吉),,,True,子丑,滿
2020-03-28,庚,子,己,卯,庚,午,平,庚午,,西,辰巳,灶,False,False,False,False,大禍,False,False,False,南,出遊(吉),大土(凶),下吉,False,子丑,平
2020-03-29,庚,子,己,卯,辛,未,定,辛未,,西,辰巳,灶,False,True,True,False,,False,False,False,西南,出遊(吉),大土(凶),中吉,False,子丑,定
2020-03-30,庚,子,己,卯,壬,申,執,壬申,,西,辰巳,灶,False,False,False,False,,False,False,False,西南,出遊(吉),大土(凶),,False,子丑,執
2020-03-31,庚,子,己,卯,癸,酉,破,癸酉,,西,辰巳,灶,False,False,False,False,,False,False,False,西南,出遊(吉),大土(凶),中吉,False,子丑,破
2020-04-01,庚,子,己,卯,甲,戌,危,甲戌,,西,辰巳,灶,False,False,False,False,,False,False,False,西南,出遊(吉),大土(凶),,False,戌亥,危
2020-04-02,庚,子,己,卯,乙,亥,成,乙亥,,西,辰巳,灶,False,True,False,False,,False,False,False,西南,出遊(吉),大土(凶),,True,戌亥,成
2020-04-03,庚,子,己,卯,丙,子,收,丙子,,西,辰巳,灶,False,False,False,False,滅門,False,False,False,西南,出遊(吉),大土(凶),,False,戌亥,收
2020-04-04,庚,子,庚,辰,丁,丑,收,丁丑,,西,辰巳,灶,False,False,False,False,大禍,False,False,False,西,出遊(吉),,下吉,False,戌亥,收
2020-04-05,庚,子,庚,辰,戊,寅,開,戊寅,,西,辰巳,灶,True,True,True,False,,False,False,False,西,出遊(吉),,下吉,False,戌亥,開
2020-04-06,庚,子,庚,辰,己,卯,閉,己卯,,西,辰巳,灶,False,True,False,False,,False,False,False,西,出遊(吉),,,False,戌亥,閉
2020-04-07,庚,子,庚,辰,庚,辰,建,庚辰,,西,辰巳,灶,False,False,False,False,,False,False,False,西,出遊(吉),,下吉,False,戌亥,建
2020-04-08,庚,子,庚,辰,辛,巳,除,辛巳,,西,辰巳,灶,False,False,False,False,,False,False,False,西,出遊(吉),,下吉,True,戌亥,除
2020-04-09,庚,子,庚,辰,壬,午,滿,壬午,,西,辰巳,灶,False,False,False,True,狼藉,False,False,False,西北,出遊(吉),,上吉,False,戌亥,滿
2020-04-10,庚,子,庚,辰,癸,未,平,癸未,,西,辰巳,灶,False,False,False,False,滅門,False,False,False,西北,出遊(吉),,下吉,False,戌亥,平
2020-04-11,庚,子,庚,辰,甲,申,定,甲申,十方暮,西,辰巳,灶,False,False,False,False,,True,False,False,西北,出遊(吉),,上吉,False,申酉,定
2020-04-12,庚,子,庚,辰,乙,酉,執,乙酉,十方暮,西,辰巳,灶,False,False,False,False,,True,False,False,西北,出遊(吉),,下吉,False,申酉,執
2020-04-13,庚,子,庚,辰,丙,戌,破,丙戌,十方暮,西,辰巳,灶,False,False,False,False,,True,False,True,西北,出遊(吉),,,False,申酉,破
2020-04-14,庚,子,庚,辰,丁,亥,危,丁亥,十方暮,西,辰巳,灶,False,False,False,False,,True,False,False,西北,出遊(吉),,,True,申酉,危
2020-04-15,庚,子,庚,辰,戊,子,成,戊子,十方暮,西,辰巳,灶,False,True,False,False,,True,False,False,北,出遊(吉),,,False,申酉,成
2020-04-16,庚,子,庚,辰,己,丑,收,己丑,十方暮,西,辰巳,灶,False,True,False,False,大禍,True,False,False,北,出遊(吉),,,False,申酉,收
2020-04-17,庚,子,庚,辰,庚,寅,開,庚寅,十方暮,西,辰巳,灶,False,False,True,False,,True,False,False,北,出遊(吉),,上吉,False,申酉,開
2020-04-18,庚,子,庚,辰,辛,卯,閉,辛卯,十方暮,西,辰巳,灶,False,False,False,False,,True,False,False,北,出遊(吉),,,False,申酉,閉
2020-04-19,庚,子,庚,辰,壬,辰,建,壬辰,十方暮,西,辰巳,灶,False,False,False,False,,True,False,True,北,出遊(吉),,,False,申酉,建
2020-04-20,庚,子,庚,辰,癸,巳,除,癸巳,天一天上,西,辰巳,灶,False,False,False,False,,True,False,False,天一天上,北宮(凶),,下吉,True,申酉,除
2020-04-21,庚,子,庚,辰,甲,午,滿,甲午,天一天上,西,辰巳,灶,False,False,False,True,狼藉,False,False,False,天一天上,北宮(凶),,,False,午未,滿
2020-04-22,庚,子,庚,辰,乙,未,平,乙未,天一天上,西,辰巳,灶,False,False,False,False,滅門,False,False,True,天一天上,北宮(凶),,,False,午未,平
2020-04-23,庚,子,庚,辰,丙,申,定,丙申,天一天上,西,辰巳,灶,False,False,False,False,,False,False,False,天一天上,北宮(凶),,,False,午未,定
2020-04-24,庚,子,庚,辰,丁,酉,執,丁酉,天一天上,西,辰巳,灶,False,False,False,False,,False,False,False,天一天上,北宮(凶),,上吉,False,午未,執
2020-04-25,庚,子,庚,辰,戊,戌,破,戊戌,天一天上,西,辰巳,灶,False,True,False,False,,False,False,False,天一天上,南宮(凶),,,False,午未,破
2020-04-26,庚,子,庚,辰,己,亥,危,己亥,天一天上,西,辰巳,灶,False,True,False,False,,False,False,False,天一天上,南宮(凶),,,True,午未,危
2020-04-27,庚,子,庚,辰,庚,子,成,庚子,天一天上,西,辰巳,灶,False,False,False,False,,False,False,False,天一天上,南宮(凶),,中吉,False,午未,成
2020-04-28,庚,子,庚,辰,辛,丑,收,辛丑,天一天上,西,辰巳,灶,False,False,False,False,大禍,False,False,True,天一天上,南宮(凶),,下吉,False,午未,收
2020-04-29,庚,子,庚,辰,壬,寅,開,壬寅,天一天上,西,辰巳,灶,False,False,True,False,,False,False,False,天一天上,南宮(凶),,中吉,False,午未,開
2020-04-30,庚,子,庚,辰,癸,卯,閉,癸卯,天一天上,西,辰巳,灶,False,False,False,False,,False,False,False,天一天上,西宮(凶),,下吉,False,午未,閉
2020-05-01,庚,子,庚,辰,甲,辰,建,甲辰,天一天上,西,辰巳,灶,False,False,False,False,,False,False,False,天一天上,東宮(凶),,中吉,False,辰巳,建
2020-05-02,庚,子,庚,辰,乙,巳,除,乙巳,天一天上,西,辰巳,灶,False,False,False,False,,False,False,False,天一天上,東宮(凶),,,True,辰巳,除
2020-05-03,庚,子,庚,辰,丙,午,滿,丙午,天一天上,西,辰巳,灶,False,False,False,True,狼藉,False,False,False,天一天上,東宮(凶),,下吉,False,辰巳,滿
2020-05-04,庚,子,庚,辰,丁,未,平,丁未,天一天上,西,辰巳,灶,False,False,False,False,滅門,False,False,False,天一天上,東宮(凶),,下吉,False,辰巳,平
2020-05-05,庚,子,辛,巳,戊,申,平,戊申,天一天上,西,辰巳,門,False,False,True,False,大禍,False,False,False,天一天上,東宮(凶),小土(凶),下吉,False,辰巳,平
2020-05-06,庚,子,辛,巳,己,酉,定,己酉,,西,辰巳,門,False,False,False,True,,False,False,False,東北,出遊(吉),小土(凶),上吉,False,辰巳,定
2020-05-07,庚,子,辛,巳,庚,戌,執,庚戌,,西,辰巳,門,False,False,False,False,,False,False,False,東北,出遊(吉),小土(凶),,False,辰巳,執
2020-05-08,庚,子,辛,巳,辛,亥,破,辛亥,,西,辰巳,門,False,False,False,False,,False,False,False,東北,出遊(吉),小土(凶),下吉,True,辰巳,破
2020-05-09,庚,子,辛,巳,壬,子,危,壬子,八專,西,辰巳,門,False,True,False,False,,False,True,False,東北,出遊(吉),小土(凶),,False,辰巳,危
2020-05-10,庚,子,辛,巳,癸,丑,成,癸丑,八專,西,辰巳,門,False,False,False,False,,False,False,False,東北,出遊(吉),小土(凶),下吉,False,辰巳,成
2020-05-11,庚,子,辛,巳,甲,寅,收,甲寅,八專,西,辰巳,門,False,False,False,False,滅門,False,True,False,東北,出遊(吉),小土(凶),下吉,False,寅卯,收
2020-05-12,庚,子,辛,巳,乙,卯,開,乙卯,八專,西,辰巳,門,False,False,False,False,,False,True,False,東,出遊(吉),,下吉,False,寅卯,開
2020-05-13,庚,子,辛,巳,丙,辰,閉,丙辰,八專,西,辰巳,門,False,True,False,False,,False,False,False,東,出遊(吉),,,False,寅卯,閉
2020-05-14,庚,子,辛,巳,丁,巳,建,丁巳,八專,西,辰巳,門,False,False,False,False,,False,True,False,東,出遊(吉),,下吉,True,寅卯,建
2020-05-15,庚,子,辛,巳,戊,午,除,戊午,八專,西,辰巳,門,False,False,False,False,狼藉,False,True,False,東,出遊(吉),,,False,寅卯,除
2020-05-16,庚,子,辛,巳,己,未,滿,己未,八專,西,辰巳,門,False,False,False,False,,False,False,False,東,出遊(吉),,下吉,False,寅卯,滿
2020-05-17,庚,子,辛,巳,庚,申,平,庚申,八專,西,辰巳,門,False,False,True,False,大禍,False,True,False,東南,出遊(吉),,,False,寅卯,平
2020-05-18,庚,子,辛,巳,辛,酉,定,辛酉,八專,西,辰巳,門,False,False,False,True,,False,True,False,東南,出遊(吉),,下吉,False,寅卯,定
2020-05-19,庚,子,辛,巳,壬,戌,執,壬戌,八專,西,辰巳,門,False,True,False,False,,False,False,False,東南,出遊(吉),,,False,寅卯,執
2020-05-20,庚,子,辛,巳,癸,亥,破,癸亥,八專,西,辰巳,門,False,False,False,False,,False,True,False,東南,出遊(吉),,,True,寅卯,破
2020-05-21,庚,子,辛,巳,甲,子,危,甲子,,西,辰巳,門,False,False,False,False,,False,False,False,東南,出遊(吉),,,False,子丑,危
2020-05-22,庚,子,辛,巳,乙,丑,成,乙丑,,西,辰巳,門,False,False,False,False,,False,False,False,東南,出遊(吉),,,False,子丑,成
2020-05-23,庚,子,辛,巳,丙,寅,收,丙寅,,西,辰巳,門,False,True,False,False,滅門,False,False,False,南,出遊(吉),,下吉,False,子丑,收
2020-05-24,庚,子,辛,巳,丁,卯,開,丁卯,,西,辰巳,門,False,False,False,False,,False,False,False,南,出遊(吉),,下吉,False,子丑,開
2020-05-25,庚,子,辛,巳,戊,辰,閉,戊辰,,西,辰巳,門,False,False,False,False,,False,False,True,南,出遊(吉),,,False,子丑,閉
2020-05-26,庚,子,辛,巳,己,巳,建,己巳,,西,辰巳,門,False,False,False,False,,False,False,False,南,出遊(吉),,,True,子丑,建
2020-05-27,庚,子,辛,巳,庚,午,除,庚午,,西,辰巳,門,False,False,False,False,狼藉,False,False,False,南,出遊(吉),大土(凶),下吉,False,子丑,除
2020-05-28,庚,子,辛,巳,辛,未,滿,辛未,,西,辰巳,門,False,False,False,False,,False,False,False,西南,出遊(吉),大土(凶),中吉,False,子丑,滿
2020-05-29,庚,子,辛,巳,壬,申,平,壬申,,西,辰巳,門,False,True,True,False,大禍,False,False,False,西南,出遊(吉),大土(凶),,False,子丑,平
2020-05-30,庚,子,辛,巳,癸,酉,定,癸酉,,西,辰巳,門,False,False,False,True,,False,False,False,西南,出遊(吉),大土(凶),中吉,False,子丑,定
2020-05-31,庚,子,辛,巳,甲,戌,執,甲戌,,西,辰巳,門,False,False,False,False,,False,False,False,西南,出遊(吉),大土(凶),,False,戌亥,執
2020-06-01,庚,子,辛,巳,乙,亥,破,乙亥,,西,辰巳,門,False,False,False,False,,False,False,False,西南,出遊(吉),大土(凶),,True,戌亥,破
2020-06-02,庚,子,辛,巳,丙,子,危,丙子,,西,辰巳,門,False,True,False,False,,False,False,False,西南,出遊(吉),大土(凶),,False,戌亥,危
2020-06-03,庚,子,辛,巳,丁,丑,成,丁丑,,西,辰巳,門,False,False,False,False,,False,False,False,西,出遊(吉),,下吉,False,戌亥,成
2020-06-04,庚,子,辛,巳,戊,寅,收,戊寅,,西,辰巳,門,False,False,False,False,滅門,False,False,False,西,出遊(吉),,下吉,False,戌亥,收
2020-06-05,庚,子,壬,午,己,卯,收,己卯,,西,辰巳,門,False,False,True,False,大禍,False,False,False,西,出遊(吉),,,False,戌亥,收
2020-06-06,庚,子,壬,午,庚,辰,開,庚辰,,西,辰巳,門,False,False,False,False,,False,False,False,西,出遊(吉),,下吉,False,戌亥,開
2020-06-07,庚,子,壬,午,辛,巳,閉,辛巳,,西,辰巳,門,False,False,False,False,,False,False,False,西,出遊(吉),,下吉,True,戌亥,閉
2020-06-08,庚,子,壬,午,壬,午,建,壬午,,西,辰巳,門,False,False,False,False,,False,False,False,西北,出遊(吉),,上吉,False,戌亥,建
2020-06-09,庚,子,壬,午,癸,未,除,癸未,,西,辰巳,門,False,True,False,False,,False,False,False,西北,出遊(吉),,下吉,False,戌亥,除
2020-06-10,庚,子,壬,午,甲,申,滿,甲申,十方暮,西,辰巳,門,False,False,False,False,,True,False,False,西北,出遊(吉),,上吉,False,申酉,滿
2020-06-11,庚,子,壬,午,乙,酉,平,乙酉,十方暮,西,辰巳,門,False,False,False,False,滅門,True,False,False,西北,出遊(吉),,下吉,False,申酉,平
2020-06-12,庚,子,壬,午,丙,戌,定,丙戌,十方暮,西,辰巳,門,False,False,False,False,,True,False,True,西北,出遊(吉),,,False,申酉,定
2020-06-13,庚,子,壬,午,丁,亥,執,丁亥,十方暮,西,辰巳,門,False,True,False,False,,True,False,False,西北,出遊(吉),,,True,申酉,執
2020-06-14,庚,子,壬,午,戊,子,破,戊子,十方暮,西,辰巳,門,False,False,False,True,狼藉,True,False,False,北,出遊(吉),,,False,申酉,破
2020-06-15,庚,子,壬,午,己,丑,危,己丑,十方暮,西,辰巳,門,False,False,False,False,,True,False,False,北,出遊(吉),,,False,申酉,危
2020-06-16,庚,子,壬,午,庚,寅,成,庚寅,十方暮,西,辰巳,門,False,False,False,False,,True,False,False,北,出遊(吉),,上吉,False,申酉,成
2020-06-17,庚,子,壬,午,辛,卯,收,辛卯,十方暮,西,辰巳,門,False,False,True,False,大禍,True,False,False,北,出遊(吉),,,False,申酉,收
2020-06-18,庚,子,壬,午,壬,辰,開,壬辰,十方暮,西,辰巳,門,False,False,False,False,,True,False,True,北,出遊(吉),,,False,申酉,開
2020-06-19,庚,子,壬,午,癸,巳,閉,癸巳,天一天上,西,辰巳,門,False,True,False,False,,True,False,False,天一天上,北宮(凶),,下吉,True,申酉,閉
2020-06-20,庚,子,壬,午,甲,午,建,甲午,天一天上,西,辰巳,門,True,False,False,False,,False,False,False,天一天上,北宮(凶),,,False,午未,建
2020-06-21,庚,子,壬,午,乙,未,除,乙未,天一天上,西,辰巳,門,False,False,False,False,,False,False,True,天一天上,北宮(凶),,,False,午未,除
2020-06-22,庚,子,壬,午,丙,申,滿,丙申,天一天上,西,辰巳,門,False,False,False,False,,False,False,False,天一天上,北宮(凶),,,False,午未,滿
2020-06-23,庚,子,壬,午,丁,酉,平,丁酉,天一天上,西,辰巳,門,False,True,False,False,滅門,False,False,False,天一天上,北宮(凶),,上吉,False,午未,平
2020-06-24,庚,子,壬,午,戊,戌,定,戊戌,天一天上,西,辰巳,門,False,False,False,False,,False,False,False,天一天上,南宮(凶),,,False,午未,定
2020-06-25,庚,子,壬,午,己,亥,執,己亥,天一天上,西,辰巳,門,False,False,False,False,,False,False,False,天一天上,南宮(凶),,,True,午未,執
2020-06-26,庚,子,壬,午,庚,子,破,庚子,天一天上,西,辰巳,門,False,False,False,True,狼藉,False,False,False,天一天上,南宮(凶),,中吉,False,午未,破
2020-06-27,庚,子,壬,午,辛,丑,危,辛丑,天一天上,西,辰巳,門,False,False,False,False,,False,False,True,天一天上,南宮(凶),,下吉,False,午未,危
2020-06-28,庚,子,壬,午,壬,寅,成,壬寅,天一天上,西,辰巳,門,False,False,False,False,,False,False,False,天一天上,南宮(凶),,中吉,False,午未,成
2020-06-29,庚,子,壬,午,癸,卯,收,癸卯,天一天上,西,辰巳,門,False,True,True,False,大禍,False,False,False,天一天上,西宮(凶),,下吉,False,午未,收
2020-06-30,庚,子,壬,午,甲,辰,開,甲辰,天一天上,西,辰巳,門,False,False,False,False,,False,False,False,天一天上,東宮(凶),,中吉,False,辰巳,開
2020-07-01,庚,子,壬,午,乙,巳,閉,乙巳,天一天上,西,辰巳,門,False,False,False,False,,False,False,False,天一天上,東宮(凶),,,True,辰巳,閉
2020-07-02,庚,子,壬,午,丙,午,建,丙午,天一天上,西,辰巳,門,False,False,False,False,,False,False,False,天一天上,東宮(凶),,下吉,False,辰巳,建
2020-07-03,庚,子,壬,午,丁,未,除,丁未,天一天上,西,辰巳,門,False,True,False,False,,False,False,False,天一天上,東宮(凶),,下吉,False,辰巳,除
2020-07-04,庚,子,壬,午,戊,申,滿,戊申,天一天上,西,辰巳,門,False,False,False,False,,False,False,False,天一天上,東宮(凶),小土(凶),下吉,False,辰巳,滿
2020-07-05,庚,子,壬,午,己,酉,平,己酉,,西,辰巳,門,False,False,False,False,滅門,False,False,False,東北,出遊(吉),小土(凶),上吉,False,辰巳,平
2020-07-06,庚,子,癸,未,庚,戌,平,庚戌,,西,辰巳,門,False,False,False,False,大禍,False,False,False,東北,出遊(吉),小土(凶),,False,辰巳,平
2020-07-07,庚,子,癸,未,辛,亥,定,辛亥,,西,辰巳,門,False,False,False,False,,False,False,False,東北,出遊(吉),小土(凶),下吉,True,辰巳,定
2020-07-08,庚,子,癸,未,壬,子,執,壬子,八專,西,辰巳,門,False,False,False,False,,False,True,False,東北,出遊(吉),小土(凶),,False,辰巳,執
2020-07-09,庚,子,癸,未,癸,丑,破,癸丑,八專,西,辰巳,門,False,False,False,False,,False,False,False,東北,出遊(吉),小土(凶),下吉,False,辰巳,破
2020-07-10,庚,子,癸,未,甲,寅,危,甲寅,八專,西,辰巳,門,False,False,False,False,,False,True,False,東北,出遊(吉),小土(凶),下吉,False,寅卯,危
2020-07-11,庚,子,癸,未,乙,卯,成,乙卯,八專,西,辰巳,門,False,False,False,True,狼藉,False,True,False,東,出遊(吉),,下吉,False,寅卯,成
2020-07-12,庚,子,癸,未,丙,辰,收,丙辰,八專,西,辰巳,門,False,False,False,False,滅門,False,False,False,東,出遊(吉),,,False,寅卯,收
2020-07-13,庚,子,癸,未,丁,巳,開,丁巳,八專,西,辰巳,門,False,False,False,False,,False,True,False,東,出遊(吉),,下吉,True,寅卯,開
2020-07-14,庚,子,癸,未,戊,午,閉,戊午,八專,西,辰巳,門,False,True,False,False,,False,True,False,東,出遊(吉),,,False,寅卯,閉
2020-07-15,庚,子,癸,未,己,未,建,己未,八專,西,辰巳,門,False,True,False,False,,False,False,False,東,出遊(吉),,下吉,False,寅卯,建
2020-07-16,庚,子,癸,未,庚,申,除,庚申,八專,西,辰巳,門,False,False,False,False,,False,True,False,東南,出遊(吉),,,False,寅卯,除
2020-07-17,庚,子,癸,未,辛,酉,滿,辛酉,八專,西,辰巳,門,False,False,True,False,,False,True,False,東南,出遊(吉),,下吉,False,寅卯,滿
2020-07-18,庚,子,癸,未,壬,戌,平,壬戌,八專,西,辰巳,門,False,False,False,False,大禍,False,False,False,東南,出遊(吉),,,False,寅卯,平
2020-07-19,庚,子,癸,未,癸,亥,定,癸亥,八專,西,辰巳,門,False,False,False,False,,False,True,False,東南,出遊(吉),,,True,寅卯,定
2020-07-20,庚,子,癸,未,甲,子,執,甲子,,西,辰巳,門,False,False,False,False,,False,False,False,東南,出遊(吉),,,False,子丑,執
2020-07-21,庚,子,癸,未,乙,丑,破,乙丑,,西,辰巳,門,False,False,False,False,,False,False,False,東南,出遊(吉),,,False,子丑,破
2020-07-22,庚,子,癸,未,丙,寅,危,丙寅,,西,辰巳,門,False,False,False,False,,False,False,False,南,出遊(吉),,下吉,False,子丑,危
2020-07-23,庚,子,癸,未,丁,卯,成,丁卯,,西,辰巳,門,False,False,False,True,狼藉,False,False,False,南,出遊(吉),,下吉,False,子丑,成
2020-07-24,庚,子,癸,未,戊,辰,收,戊辰,,西,辰巳,門,False,True,False,False,滅門,False,False,True,南,出遊(吉),,,False,子丑,收
2020-07-25,庚,子,癸,未,己,巳,開,己巳,,西,辰巳,門,False,True,False,False,,False,False,False,南,出遊(吉),,,True,子丑,開
2020-07-26,庚,子,癸,未,庚,午,閉,庚午,,西,辰巳,門,False,False,False,False,,False,False,False,南,出遊(吉),大土(凶),下吉,False,子丑,閉
2020-07-27,庚,子,癸,未,辛,未,建,辛未,,西,辰巳,門,False,False,False,False,,False,False,False,西南,出遊(吉),大土(凶),中吉,False,子丑,建
2020-07-28,庚,子,癸,未,壬,申,除,壬申,,西,辰巳,門,False,False,False,False,,False,False,False,西南,出遊(吉),大土(凶),,False,子丑,除
2020-07-29,庚,子,癸,未,癸,酉,滿,癸酉,,西,辰巳,門,False,False,True,False,,False,False,False,西南,出遊(吉),大土(凶),中吉,False,子丑,滿
2020-07-30,庚,子,癸,未,甲,戌,平,甲戌,,西,辰巳,門,False,False,False,False,大禍,False,False,False,西南,出遊(吉),大土(凶),,False,戌亥,平
2020-07-31,庚,子,癸,未,乙,亥,定,乙亥,,西,辰巳,門,False,False,False,False,,False,False,False,西南,出遊(吉),大土(凶),,True,戌亥,定
2020-08-01,庚,子,癸,未,丙,子,執,丙子,,西,辰巳,門,False,False,False,False,,False,False,False,西南,出遊(吉),大土(凶),,False,戌亥,執
2020-08-02,庚,子,癸,未,丁,丑,破,丁丑,,西,辰巳,門,False,False,False,False,,False,False,False,西,出遊(吉),,下吉,False,戌亥,破
2020-08-03,庚,子,癸,未,戊,寅,危,戊寅,,西,辰巳,門,False,True,False,False,,False,False,False,西,出遊(吉),,下吉,False,戌亥,危
2020-08-04,庚,子,癸,未,己,卯,成,己卯,,西,辰巳,門,False,True,False,True,狼藉,False,False,False,西,出遊(吉),,,False,戌亥,成
2020-08-05,庚,子,癸,未,庚,辰,收,庚辰,,西,辰巳,門,False,False,False,False,滅門,False,False,False,西,出遊(吉),,下吉,False,戌亥,收
2020-08-06,庚,子,癸,未,辛,巳,開,辛巳,,西,辰巳,門,False,False,False,False,,False,False,False,西,出遊(吉),,下吉,True,戌亥,開
2020-08-07,庚,子,甲,申,壬,午,開,壬午,,西,辰巳,井,False,False,False,True,,False,False,False,西北,出遊(吉),,上吉,False,戌亥,開
2020-08-08,庚,子,甲,申,癸,未,閉,癸未,,西,辰巳,井,False,False,False,False,,False,False,False,西北,出遊(吉),,下吉,False,戌亥,閉
2020-08-09,庚,子,甲,申,甲,申,建,甲申,十方暮,西,辰巳,井,False,True,False,False,,True,False,False,西北,出遊(吉),,上吉,False,申酉,建
2020-08-10,庚,子,甲,申,乙,酉,除,乙酉,十方暮,西,辰巳,井,False,False,False,False,狼藉,True,False,False,西北,出遊(吉),,下吉,False,申酉,除
2020-08-11,庚,子,甲,申,丙,戌,滿,丙戌,十方暮,西,辰巳,井,False,False,False,False,,True,False,True,西北,出遊(吉),,,False,申酉,滿
2020-08-12,庚,子,甲,申,丁,亥,平,丁亥,十方暮,西,辰巳,井,False,False,False,False,滅門,True,False,False,西北,出遊(吉),,,True,申酉,平
2020-08-13,庚,子,甲,申,戊,子,定,戊子,十方暮,西,辰巳,井,False,False,False,False,,True,False,False,北,出遊(吉),,,False,申酉,定
2020-08-14,庚,子,甲,申,己,丑,執,己丑,十方暮,西,辰巳,井,False,False,False,False,,True,False,False,北,出遊(吉),,,False,申酉,執
2020-08-15,庚,子,甲,申,庚,寅,破,庚寅,十方暮,西,辰巳,井,False,True,False,False,,True,False,False,北,出遊(吉),,上吉,False,申酉,破
2020-08-16,庚,子,甲,申,辛,卯,危,辛卯,十方暮,西,辰巳,井,False,False,False,False,,True,False,False,北,出遊(吉),,,False,申酉,危
2020-08-17,庚,子,甲,申,壬,辰,成,壬辰,十方暮,西,辰巳,井,False,False,True,False,,True,False,True,北,出遊(吉),,,False,申酉,成
2020-08-18,庚,子,甲,申,癸,巳,收,癸巳,天一天上,西,辰巳,井,False,False,False,False,大禍,True,False,False,天一天上,北宮(凶),,下吉,True,申酉,收
2020-08-19,庚,子,甲,申,甲,午,開,甲午,天一天上,西,辰巳,井,False,True,False,True,,False,False,False,天一天上,北宮(凶),,,False,午未,開
2020-08-20,庚,子,甲,申,乙,未,閉,乙未,天一天上,西,辰巳,井,False,False,False,False,,False,False,True,天一天上,北宮(凶),,,False,午未,閉
2020-08-21,庚,子,甲,申,丙,申,建,丙申,天一天上,西,辰巳,井,False,False,False,False,,False,False,False,天一天上,北宮(凶),,,False,午未,建
2020-08-22,庚,子,甲,申,丁,酉,除,丁酉,天一天上,西,辰巳,井,False,False,False,False,狼藉,False,False,False,天一天上,北宮(凶),,上吉,False,午未,除
2020-08-23,庚,子,甲,申,戊,戌,滿,戊戌,天一天上,西,辰巳,井,False,False,False,False,,False,False,False,天一天上,南宮(凶),,,False,午未,滿
2020-08-24,庚,子,甲,申,己,亥,平,己亥,天一天上,西,辰巳,井,False,False,False,False,滅門,False,False,False,天一天上,南宮(凶),,,True,午未,平
2020-08-25,庚,子,甲,申,庚,子,定,庚子,天一天上,西,辰巳,井,False,True,False,False,,False,False,False,天一天上,南宮(凶),,中吉,False,午未,定
2020-08-26,庚,子,甲,申,辛,丑,執,辛丑,天一天上,西,辰巳,井,False,False,False,False,,False,False,True,天一天上,南宮(凶),,下吉,False,午未,執
2020-08-27,庚,子,甲,申,壬,寅,破,壬寅,天一天上,西,辰巳,井,False,False,False,False,,False,False,False,天一天上,南宮(凶),,中吉,False,午未,破
2020-08-28,庚,子,甲,申,癸,卯,危,癸卯,天一天上,西,辰巳,井,False,False,False,False,,False,False,False,天一天上,西宮(凶),,下吉,False,午未,危
2020-08-29,庚,子,甲,申,甲,辰,成,甲辰,天一天上,西,辰巳,井,False,True,True,False,,False,False,False,天一天上,東宮(凶),,中吉,False,辰巳,成
2020-08-30,庚,子,甲,申,乙,巳,收,乙巳,天一天上,西,辰巳,井,False,False,False,False,大禍,False,False,False,天一天上,東宮(凶),,,True,辰巳,收
2020-08-31,庚,子,甲,申,丙,午,開,丙午,天一天上,西,辰巳,井,False,False,False,True,,False,False,False,天一天上,東宮(凶),,下吉,False,辰巳,開
2020-09-01,庚,子,甲,申,丁,未,閉,丁未,天一天上,西,辰巳,井,False,False,False,False,,False,False,False,天一天上,東宮(凶),,下吉,False,辰巳,閉
2020-09-02,庚,子,甲,申,戊,申,建,戊申,天一天上,西,辰巳,井,True,False,False,False,,False,False,False,天一天上,東宮(凶),小土(凶),下吉,False,辰巳,建
2020-09-03,庚,子,甲,申,己,酉,除,己酉,,西,辰巳,井,False,False,False,False,狼藉,False,False,False,東北,出遊(吉),小土(凶),上吉,False,辰巳,除
2020-09-04,庚,子,甲,申,庚,戌,滿,庚戌,,西,辰巳,井,False,True,False,False,,False,False,False,東北,出遊(吉),小土(凶),,False,辰巳,滿
2020-09-05,庚,子,甲,申,辛,亥,平,辛亥,,西,辰巳,井,False,False,False,False,滅門,False,False,False,東北,出遊(吉),小土(凶),下吉,True,辰巳,平
2020-09-06,庚,子,甲,申,壬,子,定,壬子,八專,西,辰巳,井,False,False,False,False,,False,True,False,東北,出遊(吉),小土(凶),,False,辰巳,定
2020-09-07,庚,子,乙,酉,癸,丑,定,癸丑,八專,西,辰巳,井,False,False,False,False,,False,False,False,東北,出遊(吉),小土(凶),下吉,False,辰巳,定
2020-09-08,庚,子,乙,酉,甲,寅,執,甲寅,八專,西,辰巳,井,False,False,False,False,,False,True,False,東北,出遊(吉),小土(凶),下吉,False,寅卯,執
2020-09-09,庚,子,乙,酉,乙,卯,破,乙卯,八專,西,辰巳,井,False,True,False,False,,False,True,False,東,出遊(吉),,下吉,False,寅卯,破
2020-09-10,庚,子,乙,酉,丙,辰,危,丙辰,八專,西,辰巳,井,False,False,False,False,,False,False,False,東,出遊(吉),,,False,寅卯,危
2020-09-11,庚,子,乙,酉,丁,巳,成,丁巳,八專,西,辰巳,井,False,False,False,False,,False,True,False,東,出遊(吉),,下吉,True,寅卯,成
2020-09-12,庚,子,乙,酉,戊,午,收,戊午,八專,西,辰巳,井,False,False,False,False,滅門,False,True,False,東,出遊(吉),,,False,寅卯,收
2020-09-13,庚,子,乙,酉,己,未,開,己未,八專,西,辰巳,井,False,False,False,False,,False,False,False,東,出遊(吉),,下吉,False,寅卯,開
2020-09-14,庚,子,乙,酉,庚,申,閉,庚申,八專,西,辰巳,井,False,False,False,False,,False,True,False,東南,出遊(吉),,,False,寅卯,閉
2020-09-15,庚,子,乙,酉,辛,酉,建,辛酉,八專,西,辰巳,井,False,True,False,True,狼藉,False,True,False,東南,出遊(吉),,下吉,False,寅卯,建
2020-09-16,庚,子,乙,酉,壬,戌,除,壬戌,八專,西,辰巳,井,False,False,True,False,,False,False,False,東南,出遊(吉),,,False,寅卯,除
2020-09-17,庚,子,乙,酉,癸,亥,滿,癸亥,八專,西,辰巳,井,False,False,False,False,,False,True,False,東南,出遊(吉),,,True,寅卯,滿
2020-09-18,庚,子,乙,酉,甲,子,平,甲子,,西,辰巳,井,False,False,False,False,大禍,False,False,False,東南,出遊(吉),,,False,子丑,平
2020-09-19,庚,子,乙,酉,乙,丑,定,乙丑,,西,辰巳,井,False,True,False,False,,False,False,False,東南,出遊(吉),,,False,子丑,定
2020-09-20,庚,子,乙,酉,丙,寅,執,丙寅,,西,辰巳,井,False,False,False,False,,False,False,False,南,出遊(吉),,下吉,False,子丑,執
2020-09-21,庚,子,乙,酉,丁,卯,破,丁卯,,西,辰巳,井,False,False,False,False,,False,False,False,南,出遊(吉),,下吉,False,子丑,破
2020-09-22,庚,子,乙,酉,戊,辰,危,戊辰,,西,辰巳,井,False,False,False,False,,False,False,True,南,出遊(吉),,,False,子丑,危
2020-09-23,庚,子,乙,酉,己,巳,成,己巳,,西,辰巳,井,False,False,False,False,,False,False,False,南,出遊(吉),,,True,子丑,成
2020-09-24,庚,子,乙,酉,庚,午,收,庚午,,西,辰巳,井,False,False,False,False,滅門,False,False,False,南,出遊(吉),大土(凶),下吉,False,子丑,收
2020-09-25,庚,子,乙,酉,辛,未,開,辛未,,西,辰巳,井,False,True,False,False,,False,False,False,西南,出遊(吉),大土(凶),中吉,False,子丑,開
2020-09-26,庚,子,乙,酉,壬,申,閉,壬申,,西,辰巳,井,False,False,False,False,,False,False,False,西南,出遊(吉),大土(凶),,False,子丑,閉
2020-09-27,庚,子,乙,酉,癸,酉,建,癸酉,,西,辰巳,井,False,False,False,True,狼藉,False,False,False,西南,出遊(吉),大土(凶),中吉,False,子丑,建
2020-09-28,庚,子,乙,酉,甲,戌,除,甲戌,,西,辰巳,井,False,False,True,False,,False,False,False,西南,出遊(吉),大土(凶),,False,戌亥,除
2020-09-29,庚,子,乙,酉,乙,亥,滿,乙亥,,西,辰巳,井,False,True,False,False,,False,False,False,西南,出遊(吉),大土(凶),,True,戌亥,滿
2020-09-30,庚,子,乙,酉,丙,子,平,丙子,,西,辰巳,井,False,False,False,False,大禍,False,False,False,西南,出遊(吉),大土(凶),,False,戌亥,平
2020-10-01,庚,子,乙,酉,丁,丑,定,丁丑,,西,辰巳,井,False,False,False,False,,False,False,False,西,出遊(吉),,下吉,False,戌亥,定
2020-10-02,庚,子,乙,酉,戊,寅,執,戊寅,,西,辰巳,井,False,False,False,False,,False,False,False,西,出遊(吉),,下吉,False,戌亥,執
2020-10-03,庚,子,乙,酉,己,卯,破,己卯,,西,辰巳,井,False,False,False,False,,False,False,False,西,出遊(吉),,,False,戌亥,破
2020-10-04,庚,子,乙,酉,庚,辰,危,庚辰,,西,辰巳,井,False,False,False,False,,False,False,False,西,出遊(吉),,下吉,False,戌亥,危
2020-10-05,庚,子,乙,酉,辛,巳,成,辛巳,,西,辰巳,井,False,True,False,False,,False,False,False,西,出遊(吉),,下吉,True,戌亥,成
2020-10-06,庚,子,乙,酉,壬,午,收,壬午,,西,辰巳,井,False,False,False,False,滅門,False,False,False,西北,出遊(吉),,上吉,False,戌亥,收
2020-10-07,庚,子,乙,酉,癸,未,開,癸未,,西,辰巳,井,False,False,False,False,,False,False,False,西北,出遊(吉),,下吉,False,戌亥,開
2020-10-08,庚,子,丙,戌,甲,申,開,甲申,十方暮,西,辰巳,井,False,False,False,False,,True,False,False,西北,出遊(吉),,上吉,False,申酉,開
2020-10-09,庚,子,丙,戌,乙,酉,閉,乙酉,十方暮,西,辰巳,井,False,False,False,False,,True,False,False,西北,出遊(吉),,下吉,False,申酉,閉
2020-10-10,庚,子,丙,戌,丙,戌,建,丙戌,十方暮,西,辰巳,井,False,False,False,False,,True,False,True,西北,出遊(吉),,,False,申酉,建
2020-10-11,庚,子,丙,戌,丁,亥,除,丁亥,十方暮,西,辰巳,井,False,False,False,False,,True,False,False,西北,出遊(吉),,,True,申酉,除
2020-10-12,庚,子,丙,戌,戊,子,滿,戊子,十方暮,西,辰巳,井,False,True,False,True,,True,False,False,北,出遊(吉),,,False,申酉,滿
2020-10-13,庚,子,丙,戌,己,丑,平,己丑,十方暮,西,辰巳,井,False,True,False,False,滅門,True,False,False,北,出遊(吉),,,False,申酉,平
2020-10-14,庚,子,丙,戌,庚,寅,定,庚寅,十方暮,西,辰巳,井,False,False,False,False,,True,False,False,北,出遊(吉),,上吉,False,申酉,定
2020-10-15,庚,子,丙,戌,辛,卯,執,辛卯,十方暮,西,辰巳,井,False,False,False,False,狼藉,True,False,False,北,出遊(吉),,,False,申酉,執
2020-10-16,庚,子,丙,戌,壬,辰,破,壬辰,十方暮,西,辰巳,井,False,False,False,False,,True,False,True,北,出遊(吉),,,False,申酉,破
2020-10-17,庚,子,丙,戌,癸,巳,危,癸巳,天一天上,西,辰巳,井,False,False,True,False,,True,False,False,天一天上,北宮(凶),,下吉,True,申酉,危
2020-10-18,庚,子,丙,戌,甲,午,成,甲午,天一天上,西,辰巳,井,False,False,False,False,,False,False,False,天一天上,北宮(凶),,,False,午未,成
2020-10-19,庚,子,丙,戌,乙,未,收,乙未,天一天上,西,辰巳,井,False,False,False,False,大禍,False,False,True,天一天上,北宮(凶),,,False,午未,收
2020-10-20,庚,子,丙,戌,丙,申,開,丙申,天一天上,西,辰巳,井,False,False,False,False,,False,False,False,天一天上,北宮(凶),,,False,午未,開
2020-10-21,庚,子,丙,戌,丁,酉,閉,丁酉,天一天上,西,辰巳,井,False,False,False,False,,False,False,False,天一天上,北宮(凶),,上吉,False,午未,閉
2020-10-22,庚,子,丙,戌,戊,戌,建,戊戌,天一天上,西,辰巳,井,False,True,False,False,,False,False,False,天一天上,南宮(凶),,,False,午未,建
2020-10-23,庚,子,丙,戌,己,亥,除,己亥,天一天上,西,辰巳,井,False,True,False,False,,False,False,False,天一天上,南宮(凶),,,True,午未,除
2020-10-24,庚,子,丙,戌,庚,子,滿,庚子,天一天上,西,辰巳,井,False,False,False,True,,False,False,False,天一天上,南宮(凶),,中吉,False,午未,滿
2020-10-25,庚,子,丙,戌,辛,丑,平,辛丑,天一天上,西,辰巳,井,False,False,False,False,滅門,False,False,True,天一天上,南宮(凶),,下吉,False,午未,平
2020-10-26,庚,子,丙,戌,壬,寅,定,壬寅,天一天上,西,辰巳,井,False,False,False,False,,False,False,False,天一天上,南宮(凶),,中吉,False,午未,定
2020-10-27,庚,子,丙,戌,癸,卯,執,癸卯,天一天上,西,辰巳,井,False,False,False,False,狼藉,False,False,False,天一天上,西宮(凶),,下吉,False,午未,執
2020-10-28,庚,子,丙,戌,甲,辰,破,甲辰,天一天上,西,辰巳,井,False,False,False,False,,False,False,False,天一天上,東宮(凶),,中吉,False,辰巳,破
2020-10-29,庚,子,丙,戌,乙,巳,危,乙巳,天一天上,西,辰巳,井,False,False,True,False,,False,False,False,天一天上,東宮(凶),,,True,辰巳,危
2020-10-30,庚,子,丙,戌,丙,午,成,丙午,天一天上,西,辰巳,井,False,False,False,False,,False,False,False,天一天上,東宮(凶),,下吉,False,辰巳,成
2020-10-31,庚,子,丙,戌,丁,未,收,丁未,天一天上,西,辰巳,井,False,False,False,False,大禍,False,False,False,天一天上,東宮(凶),,下吉,False,辰巳,收
2020-11-01,庚,子,丙,戌,戊,申,開,戊申,天一天上,西,辰巳,井,True,True,False,False,,False,False,False,天一天上,東宮(凶),小土(凶),下吉,False,辰巳,開
2020-11-02,庚,子,丙,戌,己,酉,閉,己酉,,西,辰巳,井,False,True,False,False,,False,False,False,東北,出遊(吉),小土(凶),上吉,False,辰巳,閉
2020-11-03,庚,子,丙,戌,庚,戌,建,庚戌,,西,辰巳,井,False,False,False,False,,False,False,False,東北,出遊(吉),小土(凶),,False,辰巳,建
2020-11-04,庚,子,丙,戌,辛,亥,除,辛亥,,西,辰巳,井,False,False,False,False,,False,False,False,東北,出遊(吉),小土(凶),下吉,True,辰巳,除
2020-11-05,庚,子,丙,戌,壬,子,滿,壬子,八專,西,辰巳,井,False,False,False,True,,False,True,False,東北,出遊(吉),小土(凶),,False,辰巳,滿
2020-11-06,庚,子,丙,戌,癸,丑,平,癸丑,八專,西,辰巳,井,False,False,False,False,滅門,False,False,False,東北,出遊(吉),小土(凶),下吉,False,辰巳,平
2020-11-07,庚,子,丁,亥,甲,寅,平,甲寅,八專,西,辰巳,庭,False,False,False,False,大禍,False,True,False,東北,出遊(吉),小土(凶),下吉,False,寅卯,平
2020-11-08,庚,子,丁,亥,乙,卯,定,乙卯,八專,西,辰巳,庭,False,False,False,True,狼藉,False,True,False,東,出遊(吉),,下吉,False,寅卯,定
2020-11-09,庚,子,丁,亥,丙,辰,執,丙辰,八專,西,辰巳,庭,False,True,False,False,,False,False,False,東,出遊(吉),,,False,寅卯,執
2020-11-10,庚,子,丁,亥,丁,巳,破,丁巳,八專,西,辰巳,庭,False,False,False,False,,False,True,False,東,出遊(吉),,下吉,True,寅卯,破
2020-11-11,庚,子,丁,亥,戊,午,危,戊午,八專,西,辰巳,庭,False,False,False,False,,False,True,False,東,出遊(吉),,,False,寅卯,危
2020-11-12,庚,子,丁,亥,己,未,成,己未,八專,西,辰巳,庭,False,False,False,False,,False,False,False,東,出遊(吉),,下吉,False,寅卯,成
2020-11-13,庚,子,丁,亥,庚,申,收,庚申,八專,西,辰巳,庭,False,False,False,False,滅門,False,True,False,東南,出遊(吉),,,False,寅卯,收
2020-11-14,庚,子,丁,亥,辛,酉,開,辛酉,八專,西,辰巳,庭,False,False,False,False,,False,True,False,東南,出遊(吉),,下吉,False,寅卯,開
2020-11-15,庚,子,丁,亥,壬,戌,閉,壬戌,八專,西,辰巳,庭,False,True,False,False,,False,False,False,東南,出遊(吉),,,False,寅卯,閉
2020-11-16,庚,子,丁,亥,癸,亥,建,癸亥,八專,西,辰巳,庭,False,False,True,False,,False,True,False,東南,出遊(吉),,,True,寅卯,建
2020-11-17,庚,子,丁,亥,甲,子,除,甲子,,西,辰巳,庭,True,False,False,False,,False,False,False,東南,出遊(吉),,,False,子丑,除
2020-11-18,庚,子,丁,亥,乙,丑,滿,乙丑,,西,辰巳,庭,False,False,False,False,,False,False,False,東南,出遊(吉),,,False,子丑,滿
2020-11-19,庚,子,丁,亥,丙,寅,平,丙寅,,西,辰巳,庭,False,True,False,False,大禍,False,False,False,南,出遊(吉),,下吉,False,子丑,平
2020-11-20,庚,子,丁,亥,丁,卯,定,丁卯,,西,辰巳,庭,False,False,False,True,狼藉,False,False,False,南,出遊(吉),,下吉,False,子丑,定
2020-11-21,庚,子,丁,亥,戊,辰,執,戊辰,,西,辰巳,庭,False,False,False,False,,False,False,True,南,出遊(吉),,,False,子丑,執
2020-11-22,庚,子,丁,亥,己,巳,破,己巳,,西,辰巳,庭,False,False,False,False,,False,False,False,南,出遊(吉),,,True,子丑,破
2020-11-23,庚,子,丁,亥,庚,午,危,庚午,,西,辰巳,庭,False,False,False,False,,False,False,False,南,出遊(吉),大土(凶),下吉,False,子丑,危
2020-11-24,庚,子,丁,亥,辛,未,成,辛未,,西,辰巳,庭,False,False,False,False,,False,False,False,西南,出遊(吉),大土(凶),中吉,False,子丑,成
2020-11-25,庚,子,丁,亥,壬,申,收,壬申,,西,辰巳,庭,False,True,False,False,滅門,False,False,False,西南,出遊(吉),大土(凶),,False,子丑,收
2020-11-26,庚,子,丁,亥,癸,酉,開,癸酉,,西,辰巳,庭,False,False,False,False,,False,False,False,西南,出遊(吉),大土(凶),中吉,False,子丑,開
2020-11-27,庚,子,丁,亥,甲,戌,閉,甲戌,,西,辰巳,庭,False,False,False,False,,False,False,False,西南,出遊(吉),大土(凶),,False,戌亥,閉
2020-11-28,庚,子,丁,亥,乙,亥,建,乙亥,,西,辰巳,庭,False,False,True,False,,False,False,False,西南,出遊(吉),大土(凶),,True,戌亥,建
2020-11-29,庚,子,丁,亥,丙,子,除,丙子,,西,辰巳,庭,False,True,False,False,,False,False,False,西南,出遊(吉),大土(凶),,False,戌亥,除
2020-11-30,庚,子,丁,亥,丁,丑,滿,丁丑,,西,辰巳,庭,False,False,False,False,,False,False,False,西,出遊(吉),,下吉,False,戌亥,滿
2020-12-01,庚,子,丁,亥,戊,寅,平,戊寅,,西,辰巳,庭,False,False,False,False,大禍,False,False,False,西,出遊(吉),,下吉,False,戌亥,平
2020-12-02,庚,子,丁,亥,己,卯,定,己卯,,西,辰巳,庭,False,False,False,True,狼藉,False,False,False,西,出遊(吉),,,False,戌亥,定
2020-12-03,庚,子,丁,亥,庚,辰,執,庚辰,,西,辰巳,庭,False,False,False,False,,False,False,False,西,出遊(吉),,下吉,False,戌亥,執
2020-12-04,庚,子,丁,亥,辛,巳,破,辛巳,,西,辰巳,庭,False,False,False,False,,False,False,False,西,出遊(吉),,下吉,True,戌亥,破
2020-12-05,庚,子,丁,亥,壬,午,危,壬午,,西,辰巳,庭,False,True,False,False,,False,False,False,西北,出遊(吉),,上吉,False,戌亥,危
2020-12-06,庚,子,丁,亥,癸,未,成,癸未,,西,辰巳,庭,False,False,False,False,,False,False,False,西北,出遊(吉),,下吉,False,戌亥,成
2020-12-07,庚,子,戊,子,甲,申,成,甲申,十方暮,西,辰巳,庭,False,False,False,False,,True,False,False,西北,出遊(吉),,上吉,False,申酉,成
2020-12-08,庚,子,戊,子,乙,酉,收,乙酉,十方暮,西,辰巳,庭,False,False,False,False,大禍,True,False,False,西北,出遊(吉),,下吉,False,申酉,收
2020-12-09,庚,子,戊,子,丙,戌,開,丙戌,十方暮,西,辰巳,庭,False,False,False,False,,True,False,True,西北,出遊(吉),,,False,申酉,開
2020-12-10,庚,子,戊,子,丁,亥,閉,丁亥,十方暮,西,辰巳,庭,False,True,False,False,,True,False,False,西北,出遊(吉),,,True,申酉,閉
2020-12-11,庚,子,戊,子,戊,子,建,戊子,十方暮,西,辰巳,庭,False,False,False,False,,True,False,False,北,出遊(吉),,,False,申酉,建
2020-12-12,庚,子,戊,子,己,丑,除,己丑,十方暮,西,辰巳,庭,False,False,False,False,,True,False,False,北,出遊(吉),,,False,申酉,除
2020-12-13,庚,子,戊,子,庚,寅,滿,庚寅,十方暮,西,辰巳,庭,False,False,False,False,,True,False,False,北,出遊(吉),,上吉,False,申酉,滿
2020-12-14,庚,子,戊,子,辛,卯,平,辛卯,十方暮,西,辰巳,庭,False,False,False,False,滅門,True,False,False,北,出遊(吉),,,False,申酉,平
2020-12-15,庚,子,戊,子,壬,辰,定,壬辰,十方暮,西,辰巳,庭,False,False,False,False,,True,False,True,北,出遊(吉),,,False,申酉,定
2020-12-16,庚,子,戊,子,癸,巳,執,癸巳,天一天上,西,辰巳,庭,False,True,False,False,,True,False,False,天一天上,北宮(凶),,下吉,True,申酉,執
2020-12-17,庚,子,戊,子,甲,午,破,甲午,天一天上,西,辰巳,庭,False,False,True,True,狼藉,False,False,False,天一天上,北宮(凶),,,False,午未,破
2020-12-18,庚,子,戊,子,乙,未,危,乙未,天一天上,西,辰巳,庭,False,False,False,False,,False,False,True,天一天上,北宮(凶),,,False,午未,危
2020-12-19,庚,子,戊,子,丙,申,成,丙申,天一天上,西,辰巳,庭,False,False,False,False,,False,False,False,天一天上,北宮(凶),,,False,午未,成
2020-12-20,庚,子,戊,子,丁,酉,收,丁酉,天一天上,西,辰巳,庭,False,True,False,False,大禍,False,False,False,天一天上,北宮(凶),,上吉,False,午未,收
2020-12-21,庚,子,戊,子,戊,戌,開,戊戌,天一天上,西,辰巳,庭,False,False,False,False,,False,False,False,天一天上,南宮(凶),,,False,午未,開
2020-12-22,庚,子,戊,子,己,亥,閉,己亥,天一天上,西,辰巳,庭,False,False,False,False,,False,False,False,天一天上,南宮(凶),,,True,午未,閉
2020-12-23,庚,子,戊,子,庚,子,建,庚子,天一天上,西,辰巳,庭,False,False,False,False,,False,False,False,天一天上,南宮(凶),,中吉,False,午未,建
2020-12-24,庚,子,戊,子,辛,丑,除,辛丑,天一天上,西,辰巳,庭,False,False,False,False,,False,False,True,天一天上,南宮(凶),,下吉,False,午未,除
2020-12-25,庚,子,戊,子,壬,寅,滿,壬寅,天一天上,西,辰巳,庭,False,False,False,False,,False,False,False,天一天上,南宮(凶),,中吉,False,午未,滿
2020-12-26,庚,子,戊,子,癸,卯,平,癸卯,天一天上,西,辰巳,庭,False,True,False,False,滅門,False,False,False,天一天上,西宮(凶),,下吉,False,午未,平
2020-12-27,庚,子,戊,子,甲,辰,定,甲辰,天一天上,西,辰巳,庭,False,False,False,False,,False,False,False,天一天上,東宮(凶),,中吉,False,辰巳,定
2020-12-28,庚,子,戊,子,乙,巳,執,乙巳,天一天上,西,辰巳,庭,False,False,False,False,,False,False,False,天一天上,東宮(凶),,,True,辰巳,執
2020-12-29,庚,子,戊,子,丙,午,破,丙午,天一天上,西,辰巳,庭,False,False,True,True,狼藉,False,False,False,天一天上,東宮(凶),,下吉,False,辰巳,破
2020-12-30,庚,子,戊,子,丁,未,危,丁未,天一天上,西,辰巳,庭,False,True,False,False,,False,False,False,天一天上,東宮(凶),,下吉,False,辰巳,危
2020-12-31,庚,子,戊,子,戊,申,成,戊申,天一天上,西,辰巳,庭,False,False,False,False,,False,False,False,天一天上,東宮(凶),小土(凶),下吉,False,辰巳,成
2021-01-01,庚,子,戊,子,己,酉,收,己酉,,西,辰巳,庭,False,False,False,False,大禍,False,False,False,東北,出遊(吉),小土(凶),上吉,False,辰巳,收
2021-01-02,庚,子,戊,子,庚,戌,開,庚戌,,西,辰巳,庭,False,False,False,False,,False,False,False,東北,出遊(吉),小土(凶),,False,辰巳,開
2021-01-03,庚,子,戊,子,辛,亥,閉,辛亥,,西,辰巳,庭,False,False,False,False,,False,False,False,東北,出遊(吉),小土(凶),下吉,True,辰巳,閉
2021-01-04,庚,子,戊,子,壬,子,建,壬子,八專,西,辰巳,庭,False,False,False,False,,False,True,False,東北,出遊(吉),小土(凶),,False,辰巳,建
2021-01-05,庚,子,己,丑,癸,丑,建,癸丑,八專,西,辰巳,庭,False,False,False,False,,False,False,False,東北,出遊(吉),小土(凶),下吉,False,辰巳,建
2021-01-06,庚,子,己,丑,甲,寅,除,甲寅,八專,西,辰巳,庭,False,False,False,False,,False,True,False,東北,出遊(吉),小土(凶),下吉,False,寅卯,除
2021-01-07,庚,子,己,丑,乙,卯,滿,乙卯,八專,西,辰巳,庭,False,False,False,False,,False,True,False,東,出遊(吉),,下吉,False,寅卯,滿
2021-01-08,庚,子,己,丑,丙,辰,平,丙辰,八專,西,辰巳,庭,False,False,False,False,大禍,False,False,False,東,出遊(吉),,,False,寅卯,平
2021-01-09,庚,子,己,丑,丁,巳,定,丁巳,八專,西,辰巳,庭,False,False,False,False,,False,True,False,東,出遊(吉),,下吉,True,寅卯,定
2021-01-10,庚,子,己,丑,戊,午,執,戊午,八專,西,辰巳,庭,False,True,False,False,,False,True,False,東,出遊(吉),,,False,寅卯,執
2021-01-11,庚,子,己,丑,己,未,破,己未,八專,西,辰巳,庭,False,True,False,False,,False,False,False,東,出遊(吉),,下吉,False,寅卯,破
2021-01-12,庚,子,己,丑,庚,申,危,庚申,八專,西,辰巳,庭,False,False,False,False,,False,True,False,東南,出遊(吉),,,False,寅卯,危
2021-01-13,庚,子,己,丑,辛,酉,成,辛酉,八專,西,辰巳,庭,False,False,False,True,狼藉,False,True,False,東南,出遊(吉),,下吉,False,寅卯,成
2021-01-14,庚,子,己,丑,壬,戌,收,壬戌,八專,西,辰巳,庭,False,False,False,False,滅門,False,False,False,東南,出遊(吉),,,False,寅卯,收
2021-01-15,庚,子,己,丑,癸,亥,開,癸亥,八專,西,辰巳,庭,False,False,False,False,,False,True,False,東南,出遊(吉),,,True,寅卯,開
2021-01-16,庚,子,己,丑,甲,子,閉,甲子,,西,辰巳,庭,True,False,True,False,,False,False,False,東南,出遊(吉),,,False,子丑,閉
2021-01-17,庚,子,己,丑,乙,丑,建,乙丑,,西,辰巳,庭,False,False,False,False,,False,False,False,東南,出遊(吉),,,False,子丑,建
2021-01-18,庚,子,己,丑,丙,寅,除,丙寅,,西,辰巳,庭,False,False,False,False,,False,False,False,南,出遊(吉),,下吉,False,子丑,除
2021-01-19,庚,子,己,丑,丁,卯,滿,丁卯,,西,辰巳,庭,False,False,False,False,,False,False,False,南,出遊(吉),,下吉,False,子丑,滿
2021-01-20,庚,子,己,丑,戊,辰,平,戊辰,,西,辰巳,庭,False,True,False,False,大禍,False,False,True,南,出遊(吉),,,False,子丑,平
2021-01-21,庚,子,己,丑,己,巳,定,己巳,,西,辰巳,庭,False,True,False,False,,False,False,False,南,出遊(吉),,,True,子丑,定
2021-01-22,庚,子,己,丑,庚,午,執,庚午,,西,辰巳,庭,False,False,False,False,,False,False,False,南,出遊(吉),大土(凶),下吉,False,子丑,執
2021-01-23,庚,子,己,丑,辛,未,破,辛未,,西,辰巳,庭,False,False,False,False,,False,False,False,西南,出遊(吉),大土(凶),中吉,False,子丑,破
2021-01-24,庚,子,己,丑,壬,申,危,壬申,,西,辰巳,庭,False,False,False,False,,False,False,False,西南,出遊(吉),大土(凶),,False,子丑,危
2021-01-25,庚,子,己,丑,癸,酉,成,癸酉,,西,辰巳,庭,False,False,False,True,狼藉,False,False,False,西南,出遊(吉),大土(凶),中吉,False,子丑,成
2021-01-26,庚,子,己,丑,甲,戌,收,甲戌,,西,辰巳,庭,False,False,False,False,滅門,False,False,False,西南,出遊(吉),大土(凶),,False,戌亥,收
2021-01-27,庚,子,己,丑,乙,亥,開,乙亥,,西,辰巳,庭,False,False,False,False,,False,False,False,西南,出遊(吉),大土(凶),,True,戌亥,開
2021-01-28,庚,子,己,丑,丙,子,閉,丙子,,西,辰巳,庭,False,False,True,False,,False,False,False,西南,出遊(吉),大土(凶),,False,戌亥,閉
2021-01-29,庚,子,己,丑,丁,丑,建,丁丑,,西,辰巳,庭,False,False,False,False,,False,False,False,西,出遊(吉),,下吉,False,戌亥,建
2021-01-30,庚,子,己,丑,戊,寅,除,戊寅,,西,辰巳,庭,False,True,False,False,,False,False,False,西,出遊(吉),,下吉,False,戌亥,除
2021-01-31,庚,子,己,丑,己,卯,滿,己卯,,西,辰巳,庭,False,True,False,False,,False,False,False,西,出遊(吉),,,False,戌亥,滿
2021-02-01,庚,子,己,丑,庚,辰,平,庚辰,,西,辰巳,庭,False,False,False,False,大禍,False,False,False,西,出遊(吉),,下吉,False,戌亥,平
2021-02-02,庚,子,己,丑,辛,巳,定,辛巳,,西,辰巳,庭,False,False,False,False,,False,False,False,西,出遊(吉),,下吉,True,戌亥,定
2021-02-03,庚,子,庚,寅,壬,午,定,壬午,,西,辰巳,灶,False,False,False,False,,False,False,False,西北,出遊(吉),,上吉,False,戌亥,定
2021-02-04,庚,子,庚,寅,癸,未,執,癸未,,西,辰巳,灶,False,False,False,False,,False,False,False,西北,出遊(吉),,下吉,False,戌亥,執
2021-02-05,庚,子,庚,寅,甲,申,破,甲申,十方暮,西,辰巳,灶,False,True,False,False,,True,False,False,西北,出遊(吉),,上吉,False,申酉,破
2021-02-06,庚,子,庚,寅,乙,酉,危,乙酉,十方暮,西,辰巳,灶,False,False,False,False,,True,False,False,西北,出遊(吉),,下吉,False,申酉,危
2021-02-07,庚,子,庚,寅,丙,戌,成,丙戌,十方暮,西,辰巳,灶,False,False,False,False,,True,False,True,西北,出遊(吉),,,False,申酉,成
2021-02-08,庚,子,庚,寅,丁,亥,收,丁亥,十方暮,西,辰巳,灶,False,False,False,False,大禍,True,False,False,西北,出遊(吉),,,True,申酉,收
2021-02-09,庚,子,庚,寅,戊,子,開,戊子,十方暮,西,辰巳,灶,False,False,False,True,狼藉,True,False,False,北,出遊(吉),,,False,申酉,開
2021-02-10,庚,子,庚,寅,己,丑,閉,己丑,十方暮,西,辰巳,灶,False,False,True,False,,True,False,False,北,出遊(吉),,,False,申酉,閉
2021-02-11,庚,子,庚,寅,庚,寅,建,庚寅,十方暮,西,辰巳,灶,False,True,False,False,,True,False,False,北,出遊(吉),,上吉,False,申酉,建
2021-02-12,辛,丑,庚,寅,辛,卯,除,辛卯,十方暮,西,子丑寅卯,灶,False,False,False,False,,True,False,False,北,出遊(吉),,,False,申酉,除
2021-02-13,辛,丑,庚,寅,壬,辰,滿,壬辰,十方暮,西,子丑寅卯,灶,False,False,False,False,,True,False,True,北,出遊(吉),,,False,申酉,滿
2021-02-14,辛,丑,庚,寅,癸,巳,平,癸巳,天一天上,西,子丑寅卯,灶,False,False,False,False,滅門,True,False,False,天一天上,北宮(凶),,下吉,True,申酉,平
2021-02-15,辛,丑,庚,寅,甲,午,定,甲午,天一天上,西,子丑寅卯,灶,False,True,False,False,,False,False,False,天一天上,北宮(凶),,,False,午未,定
2021-02-16,辛,丑,庚,寅,乙,未,執,乙未,天一天上,西,子丑寅卯,灶,False,False,False,False,,False,False,True,天一天上,北宮(凶),,,False,午未,執
2021-02-17,辛,丑,庚,寅,丙,申,破,丙申,天一天上,西,子丑寅卯,灶,False,False,False,False,,False,False,False,天一天上,北宮(凶),,,False,午未,破
2021-02-18,辛,丑,庚,寅,丁,酉,危,丁酉,天一天上,西,子丑寅卯,灶,False,False,False,False,,False,False,False,天一天上,北宮(凶),,上吉,False,午未,危
2021-02-19,辛,丑,庚,寅,戊,戌,成,戊戌,天一天上,西,子丑寅卯,灶,False,False,False,False,,False,False,False,天一天上,南宮(凶),,,False,午未,成
2021-02-20,辛,丑,庚,寅,己,亥,收,己亥,天一天上,西,子丑寅卯,灶,False,False,False,False,大禍,False,False,False,天一天上,南宮(凶),,,True,午未,收
2021-02-21,辛,丑,庚,寅,庚,子,開,庚子,天一天上,西,子丑寅卯,灶,False,True,False,True,狼藉,False,False,False,天一天上,南宮(凶),,中吉,False,午未,開
2021-02-22,辛,丑,庚,寅,辛,丑,閉,辛丑,天一天上,西,子丑寅卯,灶,False,False,True,False,,False,False,True,天一天上,南宮(凶),,下吉,False,午未,閉
2021-02-23,辛,丑,庚,寅,壬,寅,建,壬寅,天一天上,西,子丑寅卯,灶,False,False,False,False,,False,False,False,天一天上,南宮(凶),,中吉,False,午未,建
2021-02-24,辛,丑,庚,寅,癸,卯,除,癸卯,天一天上,西,子丑寅卯,灶,False,False,False,False,,False,False,False,天一天上,西宮(凶),,下吉,False,午未,除
2021-02-25,辛,丑,庚,寅,甲,辰,滿,甲辰,天一天上,西,子丑寅卯,灶,False,True,False,False,,False,False,False,天一天上,東宮(凶),,中吉,False,辰巳,滿
2021-02-26,辛,丑,庚,寅,乙,巳,平,乙巳,天一天上,西,子丑寅卯,灶,False,False,False,False,滅門,False,False,False,天一天上,東宮(凶),,,True,辰巳,平
2021-02-27,辛,丑,庚,寅,丙,午,定,丙午,天一天上,西,子丑寅卯,灶,False,False,False,False,,False,False,False,天一天上,東宮(凶),,下吉,False,辰巳,定
2021-02-28,辛,丑,庚,寅,丁,未,執,丁未,天一天上,西,子丑寅卯,灶,False,False,False,False,,False,False,False,天一天上,東宮(凶),,下吉,False,辰巳,執
2021-03-01,辛,丑,庚,寅,戊,申,破,戊申,天一天上,西,子丑寅卯,灶,False,False,False,False,,False,False,False,天一天上,東宮(凶),小土(凶),下吉,False,辰巳,破
2021-03-02,辛,丑,庚,寅,己,酉,危,己酉,,西,子丑寅卯,灶,False,False,False,False,,False,False,False,東北,出遊(吉),小土(凶),上吉,False,辰巳,危
2021-03-03,辛,丑,庚,寅,庚,戌,成,庚戌,,西,子丑寅卯,灶,False,True,False,False,,False,False,False,東北,出遊(吉),小土(凶),,False,辰巳,成
2021-03-04,辛,丑,庚,寅,辛,亥,收,辛亥,,西,子丑寅卯,灶,False,False,False,False,大禍,False,False,False,東北,出遊(吉),小土(凶),下吉,True,辰巳,收
2021-03-05,辛,丑,辛,卯,壬,子,收,壬子,八專,西,子丑寅卯,灶,False,False,False,False,滅門,False,True,False,東北,出遊(吉),小土(凶),,False,辰巳,收
2021-03-06,辛,丑,辛,卯,癸,丑,開,癸丑,八專,西,子丑寅卯,灶,False,False,False,False,,False,False,False,東北,出遊(吉),小土(凶),下吉,False,辰巳,開
2021-03-07,辛,丑,辛,卯,甲,寅,閉,甲寅,八專,西,子丑寅卯,灶,False,False,False,False,,False,True,False,東北,出遊(吉),小土(凶),下吉,False,寅卯,閉
2021-03-08,辛,丑,辛,卯,乙,卯,建,乙卯,八專,西,子丑寅卯,灶,False,True,False,True,狼藉,False,True,False,東,出遊(吉),,下吉,False,寅卯,建
2021-03-09,辛,丑,辛,卯,丙,辰,除,丙辰,八專,西,子丑寅卯,灶,False,False,False,False,,False,False,False,東,出遊(吉),,,False,寅卯,除
2021-03-10,辛,丑,辛,卯,丁,巳,滿,丁巳,八專,西,子丑寅卯,灶,False,False,False,False,,False,True,False,東,出遊(吉),,下吉,True,寅卯,滿
2021-03-11,辛,丑,辛,卯,戊,午,平,戊午,八專,西,子丑寅卯,灶,False,False,False,False,大禍,False,True,False,東,出遊(吉),,,False,寅卯,平
2021-03-12,辛,丑,辛,卯,己,未,定,己未,八專,西,子丑寅卯,灶,False,False,True,False,,False,False,False,東,出遊(吉),,下吉,False,寅卯,定
2021-03-13,辛,丑,辛,卯,庚,申,執,庚申,八專,西,子丑寅卯,灶,False,False,False,False,,False,True,False,東南,出遊(吉),,,False,寅卯,執
2021-03-14,辛,丑,辛,卯,辛,酉,破,辛酉,八專,西,子丑寅卯,灶,False,True,False,False,,False,True,False,東南,出遊(吉),,下吉,False,寅卯,破
2021-03-15,辛,丑,辛,卯,壬,戌,危,壬戌,八專,西,子丑寅卯,灶,False,False,False,False,,False,False,False,東南,出遊(吉),,,False,寅卯,危
2021-03-16,辛,丑,辛,卯,癸,亥,成,癸亥,八專,西,子丑寅卯,灶,False,False,False,False,,False,True,False,東南,出遊(吉),,,True,寅卯,成
2021-03-17,辛,丑,辛,卯,甲,子,收,甲子,,西,子丑寅卯,灶,False,False,False,False,滅門,False,False,False,東南,出遊(吉),,,False,子丑,收
2021-03-18,辛,丑,辛,卯,乙,丑,開,乙丑,,西,子丑寅卯,灶,False,True,False,False,,False,False,False,東南,出遊(吉),,,False,子丑,開
2021-03-19,辛,丑,辛,卯,丙,寅,閉,丙寅,,西,子丑寅卯,灶,False,False,False,False,,False,False,False,南,出遊(吉),,下吉,False,子丑,閉
2021-03-20,辛,丑,辛,卯,丁,卯,建,丁卯,,西,子丑寅卯,灶,False,False,False,True,狼藉,False,False,False,南,出遊(吉),,下吉,False,子丑,建
2021-03-21,辛,丑,辛,卯,戊,辰,除,戊辰,,西,子丑寅卯,灶,False,False,False,False,,False,False,True,南,出遊(吉),,,False,子丑,除
2021-03-22,辛,丑,辛,卯,己,巳,滿,己巳,,西,子丑寅卯,灶,False,False,False,False,,False,False,False,南,出遊(吉),,,True,子丑,滿
2021-03-23,辛,丑,辛,卯,庚,午,平,庚午,,西,子丑寅卯,灶,False,False,False,False,大禍,False,False,False,南,出遊(吉),大土(凶),下吉,False,子丑,平
2021-03-24,辛,丑,辛,卯,辛,未,定,辛未,,西,子丑寅卯,灶,False,True,True,False,,False,False,False,西南,出遊(吉),大土(凶),中吉,False,子丑,定
2021-03-25,辛,丑,辛,卯,壬,申,執,壬申,,西,子丑寅卯,灶,False,False,False,False,,False,False,False,西南,出遊(吉),大土(凶),,False,子丑,執
2021-03-26,辛,丑,辛,卯,癸,酉,破,癸酉,,西,子丑寅卯,灶,False,False,False,False,,False,False,False,西南,出遊(吉),大土(凶),中吉,False,子丑,破
2021-03-27,辛,丑,辛,卯,甲,戌,危,甲戌,,西,子丑寅卯,灶,False,False,False,False,,False,False,False,西南,出遊(吉),大土(凶),,False,戌亥,危
2021-03-28,辛,丑,辛,卯,乙,亥,成,乙亥,,西,子丑寅卯,灶,False,True,False,False,,False,False,False,西南,出遊(吉),大土(凶),,True,戌亥,成
2021-03-29,辛,丑,辛,卯,丙,子,收,丙子,,西,子丑寅卯,灶,False,False,False,False,滅門,False,False,False,西南,出遊(吉),大土(凶),,False,戌亥,收
2021-03-30,辛,丑,辛,卯,丁,丑,開,丁丑,,西,子丑寅卯,灶,False,False,False,False,,False,False,False,西,出遊(吉),,下吉,False,戌亥,開
2021-03-31,辛,丑,辛,卯,戊,寅,閉,戊寅,,西,子丑寅卯,灶,True,False,False,False,,False,False,False,西,出遊(吉),,下吉,False,戌亥,閉
2021-04-01,辛,丑,辛,卯,己,卯,建,己卯,,西,子丑寅卯,灶,False,False,False,True,狼藉,False,False,False,西,出遊(吉),,,False,戌亥,建
2021-04-02,辛,丑,辛,卯,庚,辰,除,庚辰,,西,子丑寅卯,灶,False,False,False,False,,False,False,False,西,出遊(吉),,下吉,False,戌亥,除
2021-04-03,辛,丑,辛,卯,辛,巳,滿,辛巳,,西,子丑寅卯,灶,False,True,False,False,,False,False,False,西,出遊(吉),,下吉,True,戌亥,滿
2021-04-04,辛,丑,壬,辰,壬,午,滿,壬午,,西,子丑寅卯,灶,False,False,False,True,狼藉,False,False,False,西北,出遊(吉),,上吉,False,戌亥,滿
2021-04-05,辛,丑,壬,辰,癸,未,平,癸未,,西,子丑寅卯,灶,False,False,False,False,滅門,False,False,False,西北,出遊(吉),,下吉,False,戌亥,平
2021-04-06,辛,丑,壬,辰,甲,申,定,甲申,十方暮,西,子丑寅卯,灶,False,False,False,False,,True,False,False,西北,出遊(吉),,上吉,False,申酉,定
2021-04-07,辛,丑,壬,辰,乙,酉,執,乙酉,十方暮,西,子丑寅卯,灶,False,False,False,False,,True,False,False,西北,出遊(吉),,下吉,False,申酉,執
2021-04-08,辛,丑,壬,辰,丙,戌,破,丙戌,十方暮,西,子丑寅卯,灶,False,False,False,False,,True,False,True,西北,出遊(吉),,,False,申酉,破
2021-04-09,辛,丑,壬,辰,丁,亥,危,丁亥,十方暮,西,子丑寅卯,灶,False,False,False,False,,True,False,False,西北,出遊(吉),,,True,申酉,危
2021-04-10,辛,丑,壬,辰,戊,子,成,戊子,十方暮,西,子丑寅卯,灶,False,True,False,False,,True,False,False,北,出遊(吉),,,False,申酉,成
2021-04-11,辛,丑,壬,辰,己,丑,收,己丑,十方暮,西,子丑寅卯,灶,False,True,False,False,大禍,True,False,False,北,出遊(吉),,,False,申酉,收
2021-04-12,辛,丑,壬,辰,庚,寅,開,庚寅,十方暮,西,子丑寅卯,灶,False,False,True,False,,True,False,False,北,出遊(吉),,上吉,False,申酉,開
2021-04-13,辛,丑,壬,辰,辛,卯,閉,辛卯,十方暮,西,子丑寅卯,灶,False,False,False,False,,True,False,False,北,出遊(吉),,,False,申酉,閉
2021-04-14,辛,丑,壬,辰,壬,辰,建,壬辰,十方暮,西,子丑寅卯,灶,False,False,False,False,,True,False,True,北,出遊(吉),,,False,申酉,建
2021-04-15,辛,丑,壬,辰,癸,巳,除,癸巳,天一天上,西,子丑寅卯,灶,False,False,False,False,,True,False,False,天一天上,北宮(凶),,下吉,True,申酉,除
2021-04-16,辛,丑,壬,辰,甲,午,滿,甲午,天一天上,西,子丑寅卯,灶,False,False,False,True,狼藉,False,False,False,天一天上,北宮(凶),,,False,午未,滿
2021-04-17,辛,丑,壬,辰,乙,未,平,乙未,天一天上,西,子丑寅卯,灶,False,False,False,False,滅門,False,False,True,天一天上,北宮(凶),,,False,午未,平
2021-04-18,辛,丑,壬,辰,丙,申,定,丙申,天一天上,西,子丑寅卯,灶,False,False,False,False,,False,False,False,天一天上,北宮(凶),,,False,午未,定
2021-04-19,辛,丑,壬,辰,丁,酉,執,丁酉,天一天上,西,子丑寅卯,灶,False,False,False,False,,False,False,False,天一天上,北宮(凶),,上吉,False,午未,執
2021-04-20,辛,丑,壬,辰,戊,戌,破,戊戌,天一天上,西,子丑寅卯,灶,False,True,False,False,,False,False,False,天一天上,南宮(凶),,,False,午未,破
2021-04-21,辛,丑,壬,辰,己,亥,危,己亥,天一天上,西,子丑寅卯,灶,False,True,False,False,,False,False,False,天一天上,南宮(凶),,,True,午未,危
2021-04-22,辛,丑,壬,辰,庚,子,成,庚子,天一天上,西,子丑寅卯,灶,False,False,False,False,,False,False,False,天一天上,南宮(凶),,中吉,False,午未,成
2021-04-23,辛,丑,壬,辰,辛,丑,收,辛丑,天一天上,西,子丑寅卯,灶,False,False,False,False,大禍,False,False,True,天一天上,南宮(凶),,下吉,False,午未,收
2021-04-24,辛,丑,壬,辰,壬,寅,開,壬寅,天一天上,西,子丑寅卯,灶,False,False,True,False,,False,False,False,天一天上,南宮(凶),,中吉,False,午未,開
2021-04-25,辛,丑,壬,辰,癸,卯,閉,癸卯,天一天上,西,子丑寅卯,灶,False,False,False,False,,False,False,False,天一天上,西宮(凶),,下吉,False,午未,閉
2021-04-26,辛,丑,壬,辰,甲,辰,建,甲辰,天一天上,西,子丑寅卯,灶,False,False,False,False,,False,False,False,天一天上,東宮(凶),,中吉,False,辰巳,建
2021-04-27,辛,丑,壬,辰,乙,巳,除,乙巳,天一天上,西,子丑寅卯,灶,False,False,False,False,,False,False,False,天一天上,東宮(凶),,,True,辰巳,除
2021-04-28,辛,丑,壬,辰,丙,午,滿,丙午,天一天上,西,子丑寅卯,灶,False,False,False,True,狼藉,False,False,False,天一天上,東宮(凶),,下吉,False,辰巳,滿
2021-04-29,辛,丑,壬,辰,丁,未,平,丁未,天一天上,西,子丑寅卯,灶,False,False,False,False,滅門,False,False,False,天一天上,東宮(凶),,下吉,False,辰巳,平
2021-04-30,辛,丑,壬,辰,戊,申,定,戊申,天一天上,西,子丑寅卯,灶,False,True,False,False,,False,False,False,天一天上,東宮(凶),小土(凶),下吉,False,辰巳,定
2021-05-01,辛,丑,壬,辰,己,酉,執,己酉,,西,子丑寅卯,灶,False,True,False,False,,False,False,False,東北,出遊(吉),小土(凶),上吉,False,辰巳,執
2021-05-02,辛,丑,壬,辰,庚,戌,破,庚戌,,西,子丑寅卯,灶,False,False,False,False,,False,False,False,東北,出遊(吉),小土(凶),,False,辰巳,破
2021-05-03,辛,丑,壬,辰,辛,亥,危,辛亥,,西,子丑寅卯,灶,False,False,False,False,,False,False,False,東北,出遊(吉),小土(凶),下吉,True,辰巳,危
2021-05-04,辛,丑,壬,辰,壬,子,成,壬子,八專,西,子丑寅卯,灶,False,False,False,False,,False,True,False,東北,出遊(吉),小土(凶),,False,辰巳,成
2021-05-05,辛,丑,癸,巳,癸,丑,成,癸丑,八專,西,子丑寅卯,門,False,False,False,False,,False,False,False,東北,出遊(吉),小土(凶),下吉,False,辰巳,成
2021-05-06,辛,丑,癸,巳,甲,寅,收,甲寅,八專,西,子丑寅卯,門,False,False,False,False,滅門,False,True,False,東北,出遊(吉),小土(凶),下吉,False,寅卯,收
2021-05-07,辛,丑,癸,巳,乙,卯,開,乙卯,八專,西,子丑寅卯,門,False,False,False,False,,False,True,False,東,出遊(吉),,下吉,False,寅卯,開
2021-05-08,辛,丑,癸,巳,丙,辰,閉,丙辰,八專,西,子丑寅卯,門,False,True,False,False,,False,False,False,東,出遊(吉),,,False,寅卯,閉
2021-05-09,辛,丑,癸,巳,丁,巳,建,丁巳,八專,西,子丑寅卯,門,False,False,False,False,,False,True,False,東,出遊(吉),,下吉,True,寅卯,建
2021-05-10,辛,丑,癸,巳,戊,午,除,戊午,八專,西,子丑寅卯,門,False,False,False,False,狼藉,False,True,False,東,出遊(吉),,,False,寅卯,除
2021-05-11,辛,丑,癸,巳,己,未,滿,己未,八專,西,子丑寅卯,門,False,False,False,False,,False,False,False,東,出遊(吉),,下吉,False,寅卯,滿
2021-05-12,辛,丑,癸,巳,庚,申,平,庚申,八專,西,子丑寅卯,門,False,False,True,False,大禍,False,True,False,東南,出遊(吉),,,False,寅卯,平
2021-05-13,辛,丑,癸,巳,辛,酉,定,辛酉,八專,西,子丑寅卯,門,False,False,False,True,,False,True,False,東南,出遊(吉),,下吉,False,寅卯,定
2021-05-14,辛,丑,癸,巳,壬,戌,執,壬戌,八專,西,子丑寅卯,門,False,True,False,False,,False,False,False,東南,出遊(吉),,,False,寅卯,執
2021-05-15,辛,丑,癸,巳,癸,亥,破,癸亥,八專,西,子丑寅卯,門,False,False,False,False,,False,True,False,東南,出遊(吉),,,True,寅卯,破
2021-05-16,辛,丑,癸,巳,甲,子,危,甲子,,西,子丑寅卯,門,False,False,False,False,,False,False,False,東南,出遊(吉),,,False,子丑,危
2021-05-17,辛,丑,癸,巳,乙,丑,成,乙丑,,西,子丑寅卯,門,False,False,False,False,,False,False,False,東南,出遊(吉),,,False,子丑,成
2021-05-18,辛,丑,癸,巳,丙,寅,收,丙寅,,西,子丑寅卯,門,False,True,False,False,滅門,False,False,False,南,出遊(吉),,下吉,False,子丑,收
2021-05-19,辛,丑,癸,巳,丁,卯,開,丁卯,,西,子丑寅卯,門,False,False,False,False,,False,False,False,南,出遊(吉),,下吉,False,子丑,開
2021-05-20,辛,丑,癸,巳,戊,辰,閉,戊辰,,西,子丑寅卯,門,False,False,False,False,,False,False,True,南,出遊(吉),,,False,子丑,閉
2021-05-21,辛,丑,癸,巳,己,巳,建,己巳,,西,子丑寅卯,門,False,False,False,False,,False,False,False,南,出遊(吉),,,True,子丑,建
2021-05-22,辛,丑,癸,巳,庚,午,除,庚午,,西,子丑寅卯,門,False,False,False,False,狼藉,False,False,False,南,出遊(吉),大土(凶),下吉,False,子丑,除
2021-05-23,辛,丑,癸,巳,辛,未,滿,辛未,,西,子丑寅卯,門,False,False,False,False,,False,False,False,西南,出遊(吉),大土(凶),中吉,False,子丑,滿
2021-05-24,辛,丑,癸,巳,壬,申,平,壬申,,西,子丑寅卯,門,False,True,True,False,大禍,False,False,False,西南,出遊(吉),大土(凶),,False,子丑,平
2021-05-25,辛,丑,癸,巳,癸,酉,定,癸酉,,西,子丑寅卯,門,False,False,False,True,,False,False,False,西南,出遊(吉),大土(凶),中吉,False,子丑,定
2021-05-26,辛,丑,癸,巳,甲,戌,執,甲戌,,西,子丑寅卯,門,False,False,False,False,,False,False,False,西南,出遊(吉),大土(凶),,False,戌亥,執
2021-05-27,辛,丑,癸,巳,乙,亥,破,乙亥,,西,子丑寅卯,門,False,False,False,False,,False,False,False,西南,出遊(吉),大土(凶),,True,戌亥,破
2021-05-28,辛,丑,癸,巳,丙,子,危,丙子,,西,子丑寅卯,門,False,True,False,False,,False,False,False,西南,出遊(吉),大土(凶),,False,戌亥,危
2021-05-29,辛,丑,癸,巳,丁,丑,成,丁丑,,西,子丑寅卯,門,False,False,False,False,,False,False,False,西,出遊(吉),,下吉,False,戌亥,成
2021-05-30,辛,丑,癸,巳,戊,寅,收,戊寅,,西,子丑寅卯,門,False,False,False,False,滅門,False,False,False,西,出遊(吉),,下吉,False,戌亥,收
2021-05-31,辛,丑,癸,巳,己,卯,開,己卯,,西,子丑寅卯,門,False,False,False,False,,False,False,False,西,出遊(吉),,,False,戌亥,開
2021-06-01,辛,丑,癸,巳,庚,辰,閉,庚辰,,西,子丑寅卯,門,False,False,False,False,,False,False,False,西,出遊(吉),,下吉,False,戌亥,閉
2021-06-02,辛,丑,癸,巳,辛,巳,建,辛巳,,西,子丑寅卯,門,False,False,False,False,,False,False,False,西,出遊(吉),,下吉,True,戌亥,建
2021-06-03,辛,丑,癸,巳,壬,午,除,壬午,,西,子丑寅卯,門,False,True,False,False,狼藉,False,False,False,西北,出遊(吉),,上吉,False,戌亥,除
2021-06-04,辛,丑,癸,巳,癸,未,滿,癸未,,西,子丑寅卯,門,False,False,False,False,,False,False,False,西北,出遊(吉),,下吉,False,戌亥,滿
2021-06-05,辛,丑,甲,午,甲,申,滿,甲申,十方暮,西,子丑寅卯,門,False,False,False,False,,True,False,False,西北,出遊(吉),,上吉,False,申酉,滿
2021-06-06,辛,丑,甲,午,乙,酉,平,乙酉,十方暮,西,子丑寅卯,門,False,False,False,False,滅門,True,False,False,西北,出遊(吉),,下吉,False,申酉,平
2021-06-07,辛,丑,甲,午,丙,戌,定,丙戌,十方暮,西,子丑寅卯,門,False,False,False,False,,True,False,True,西北,出遊(吉),,,False,申酉,定
2021-06-08,辛,丑,甲,午,丁,亥,執,丁亥,十方暮,西,子丑寅卯,門,False,True,False,False,,True,False,False,西北,出遊(吉),,,True,申酉,執
2021-06-09,辛,丑,甲,午,戊,子,破,戊子,十方暮,西,子丑寅卯,門,False,False,False,True,狼藉,True,False,False,北,出遊(吉),,,False,申酉,破
2021-06-10,辛,丑,甲,午,己,丑,危,己丑,十方暮,西,子丑寅卯,門,False,False,False,False,,True,False,False,北,出遊(吉),,,False,申酉,危
2021-06-11,辛,丑,甲,午,庚,寅,成,庚寅,十方暮,西,子丑寅卯,門,False,False,False,False,,True,False,False,北,出遊(吉),,上吉,False,申酉,成
2021-06-12,辛,丑,甲,午,辛,卯,收,辛卯,十方暮,西,子丑寅卯,門,False,False,True,False,大禍,True,False,False,北,出遊(吉),,,False,申酉,收
2021-06-13,辛,丑,甲,午,壬,辰,開,壬辰,十方暮,西,子丑寅卯,門,False,False,False,False,,True,False,True,北,出遊(吉),,,False,申酉,開
2021-06-14,辛,丑,甲,午,癸,巳,閉,癸巳,天一天上,西,子丑寅卯,門,False,True,False,False,,True,False,False,天一天上,北宮(凶),,下吉,True,申酉,閉
2021-06-15,辛,丑,甲,午,甲,午,建,甲午,天一天上,西,子丑寅卯,門,True,False,False,False,,False,False,False,天一天上,北宮(凶),,,False,午未,建
2021-06-16,辛,丑,甲,午,乙,未,除,乙未,天一天上,西,子丑寅卯,門,False,False,False,False,,False,False,True,天一天上,北宮(凶),,,False,午未,除
2021-06-17,辛,丑,甲,午,丙,申,滿,丙申,天一天上,西,子丑寅卯,門,False,False,False,False,,False,False,False,天一天上,北宮(凶),,,False,午未,滿
2021-06-18,辛,丑,甲,午,丁,酉,平,丁酉,天一天上,西,子丑寅卯,門,False,True,False,False,滅門,False,False,False,天一天上,北宮(凶),,上吉,False,午未,平
2021-06-19,辛,丑,甲,午,戊,戌,定,戊戌,天一天上,西,子丑寅卯,門,False,False,False,False,,False,False,False,天一天上,南宮(凶),,,False,午未,定
2021-06-20,辛,丑,甲,午,己,亥,執,己亥,天一天上,西,子丑寅卯,門,False,False,False,False,,False,False,False,天一天上,南宮(凶),,,True,午未,執
2021-06-21,辛,丑,甲,午,庚,子,破,庚子,天一天上,西,子丑寅卯,門,False,False,False,True,狼藉,False,False,False,天一天上,南宮(凶),,中吉,False,午未,破
2021-06-22,辛,丑,甲,午,辛,丑,危,辛丑,天一天上,西,子丑寅卯,門,False,False,False,False,,False,False,True,天一天上,南宮(凶),,下吉,False,午未,危
2021-06-23,辛,丑,甲,午,壬,寅,成,壬寅,天一天上,西,子丑寅卯,門,False,False,False,False,,False,False,False,天一天上,南宮(凶),,中吉,False,午未,成
2021-06-24,辛,丑,甲,午,癸,卯,收,癸卯,天一天上,西,子丑寅卯,門,False,True,True,False,大禍,False,False,False,天一天上,西宮(凶),,下吉,False,午未,收
2021-06-25,辛,丑,甲,午,甲,辰,開,甲辰,天一天上,西,子丑寅卯,門,False,False,False,False,,False,False,False,天一天上,東宮(凶),,中吉,False,辰巳,開
2021-06-26,辛,丑,甲,午,乙,巳,閉,乙巳,天一天上,西,子丑寅卯,門,False,False,False,False,,False,False,False,天一天上,東宮(凶),,,True,辰巳,閉
2021-06-27,辛,丑,甲,午,丙,午,建,丙午,天一天上,西,子丑寅卯,門,False,False,False,False,,False,False,False,天一天上,東宮(凶),,下吉,False,辰巳,建
2021-06-28,辛,丑,甲,午,丁,未,除,丁未,天一天上,西,子丑寅卯,門,False,True,False,False,,False,False,False,天一天上,東宮(凶),,下吉,False,辰巳,除
2021-06-29,辛,丑,甲,午,戊,申,滿,戊申,天一天上,西,子丑寅卯,門,False,False,False,False,,False,False,False,天一天上,東宮(凶),小土(凶),下吉,False,辰巳,滿
2021-06-30,辛,丑,甲,午,己,酉,平,己酉,,西,子丑寅卯,門,False,False,False,False,滅門,False,False,False,東北,出遊(吉),小土(凶),上吉,False,辰巳,平
2021-07-01,辛,丑,甲,午,庚,戌,定,庚戌,,西,子丑寅卯,門,False,False,False,False,,False,False,False,東北,出遊(吉),小土(凶),,False,辰巳,定
2021-07-02,辛,丑,甲,午,辛,亥,執,辛亥,,西,子丑寅卯,門,False,False,False,False,,False,False,False,東北,出遊(吉),小土(凶),下吉,True,辰巳,執
2021-07-03,辛,丑,甲,午,壬,子,破,壬子,八專,西,子丑寅卯,門,False,False,False,True,狼藉,False,True,False,東北,出遊(吉),小土(凶),,False,辰巳,破
2021-07-04,辛,丑,甲,午,癸,丑,危,癸丑,八專,西,子丑寅卯,門,False,True,False,False,,False,False,False,東北,出遊(吉),小土(凶),下吉,False,辰巳,危
2021-07-05,辛,丑,甲,午,甲,寅,成,甲寅,八專,西,子丑寅卯,門,False,False,False,False,,False,True,False,東北,出遊(吉),小土(凶),下吉,False,寅卯,成
2021-07-06,辛,丑,甲,午,乙,卯,收,乙卯,八專,西,子丑寅卯,門,False,False,True,False,大禍,False,True,False,東,出遊(吉),,下吉,False,寅卯,收
2021-07-07,辛,丑,乙,未,丙,辰,收,丙辰,八專,西,子丑寅卯,門,False,False,False,False,滅門,False,False,False,東,出遊(吉),,,False,寅卯,收
2021-07-08,辛,丑,乙,未,丁,巳,開,丁巳,八專,西,子丑寅卯,門,False,False,False,False,,False,True,False,東,出遊(吉),,下吉,True,寅卯,開
2021-07-09,辛,丑,乙,未,戊,午,閉,戊午,八專,西,子丑寅卯,門,False,True,False,False,,False,True,False,東,出遊(吉),,,False,寅卯,閉
2021-07-10,辛,丑,乙,未,己,未,建,己未,八專,西,子丑寅卯,門,False,True,False,False,,False,False,False,東,出遊(吉),,下吉,False,寅卯,建
2021-07-11,辛,丑,乙,未,庚,申,除,庚申,八專,西,子丑寅卯,門,False,False,False,False,,False,True,False,東南,出遊(吉),,,False,寅卯,除
2021-07-12,辛,丑,乙,未,辛,酉,滿,辛酉,八專,西,子丑寅卯,門,False,False,True,False,,False,True,False,東南,出遊(吉),,下吉,False,寅卯,滿
2021-07-13,辛,丑,乙,未,壬,戌,平,壬戌,八專,西,子丑寅卯,門,False,False,False,False,大禍,False,False,False,東南,出遊(吉),,,False,寅卯,平
2021-07-14,辛,丑,乙,未,癸,亥,定,癸亥,八專,西,子丑寅卯,門,False,False,False,False,,False,True,False,東南,出遊(吉),,,True,寅卯,定
2021-07-15,辛,丑,乙,未,甲,子,執,甲子,,西,子丑寅卯,門,False,False,False,False,,False,False,False,東南,出遊(吉),,,False,子丑,執
2021-07-16,辛,丑,乙,未,乙,丑,破,乙丑,,西,子丑寅卯,門,False,False,False,False,,False,False,False,東南,出遊(吉),,,False,子丑,破
2021-07-17,辛,丑,乙,未,丙,寅,危,丙寅,,西,子丑寅卯,門,False,False,False,False,,False,False,False,南,出遊(吉),,下吉,False,子丑,危
2021-07-18,辛,丑,乙,未,丁,卯,成,丁卯,,西,子丑寅卯,門,False,False,False,True,狼藉,False,False,False,南,出遊(吉),,下吉,False,子丑,成
2021-07-19,辛,丑,乙,未,戊,辰,收,戊辰,,西,子丑寅卯,門,False,True,False,False,滅門,False,False,True,南,出遊(吉),,,False,子丑,收
2021-07-20,辛,丑,乙,未,己,巳,開,己巳,,西,子丑寅卯,門,False,True,False,False,,False,False,False,南,出遊(吉),,,True,子丑,開
2021-07-21,辛,丑,乙,未,庚,午,閉,庚午,,西,子丑寅卯,門,False,False,False,False,,False,False,False,南,出遊(吉),大土(凶),下吉,False,子丑,閉
2021-07-22,辛,丑,乙,未,辛,未,建,辛未,,西,子丑寅卯,門,False,False,False,False,,False,False,False,西南,出遊(吉),大土(凶),中吉,False,子丑,建
2021-07-23,辛,丑,乙,未,壬,申,除,壬申,,西,子丑寅卯,門,False,False,False,False,,False,False,False,西南,出遊(吉),大土(凶),,False,子丑,除
2021-07-24,辛,丑,乙,未,癸,酉,滿,癸酉,,西,子丑寅卯,門,False,False,True,False,,False,False,False,西南,出遊(吉),大土(凶),中吉,False,子丑,滿
2021-07-25,辛,丑,乙,未,甲,戌,平,甲戌,,西,子丑寅卯,門,False,False,False,False,大禍,False,False,False,西南,出遊(吉),大土(凶),,False,戌亥,平
2021-07-26,辛,丑,乙,未,乙,亥,定,乙亥,,西,子丑寅卯,門,False,False,False,False,,False,False,False,西南,出遊(吉),大土(凶),,True,戌亥,定
2021-07-27,辛,丑,乙,未,丙,子,執,丙子,,西,子丑寅卯,門,False,False,False,False,,False,False,False,西南,出遊(吉),大土(凶),,False,戌亥,執
2021-07-28,辛,丑,乙,未,丁,丑,破,丁丑,,西,子丑寅卯,門,False,False,False,False,,False,False,False,西,出遊(吉),,下吉,False,戌亥,破
2021-07-29,辛,丑,乙,未,戊,寅,危,戊寅,,西,子丑寅卯,門,False,True,False,False,,False,False,False,西,出遊(吉),,下吉,False,戌亥,危
2021-07-30,辛,丑,乙,未,己,卯,成,己卯,,西,子丑寅卯,門,False,True,False,True,狼藉,False,False,False,西,出遊(吉),,,False,戌亥,成
2021-07-31,辛,丑,乙,未,庚,辰,收,庚辰,,西,子丑寅卯,門,False,False,False,False,滅門,False,False,False,西,出遊(吉),,下吉,False,戌亥,收
2021-08-01,辛,丑,乙,未,辛,巳,開,辛巳,,西,子丑寅卯,門,False,False,False,False,,False,False,False,西,出遊(吉),,下吉,True,戌亥,開
2021-08-02,辛,丑,乙,未,壬,午,閉,壬午,,西,子丑寅卯,門,False,False,False,False,,False,False,False,西北,出遊(吉),,上吉,False,戌亥,閉
2021-08-03,辛,丑,乙,未,癸,未,建,癸未,,西,子丑寅卯,門,False,False,False,False,,False,False,False,西北,出遊(吉),,下吉,False,戌亥,建
2021-08-04,辛,丑,乙,未,甲,申,除,甲申,十方暮,西,子丑寅卯,門,False,False,False,False,,True,False,False,西北,出遊(吉),,上吉,False,申酉,除
2021-08-05,辛,丑,乙,未,乙,酉,滿,乙酉,十方暮,西,子丑寅卯,門,False,False,True,False,,True,False,False,西北,出遊(吉),,下吉,False,申酉,滿
2021-08-06,辛,丑,乙,未,丙,戌,平,丙戌,十方暮,西,子丑寅卯,門,False,False,False,False,大禍,True,False,True,西北,出遊(吉),,,False,申酉,平
2021-08-07,辛,丑,丙,申,丁,亥,平,丁亥,十方暮,西,子丑寅卯,井,False,False,False,False,滅門,True,False,False,西北,出遊(吉),,,True,申酉,平
2021-08-08,辛,丑,丙,申,戊,子,定,戊子,十方暮,西,子丑寅卯,井,False,False,False,False,,True,False,False,北,出遊(吉),,,False,申酉,定
2021-08-09,辛,丑,丙,申,己,丑,執,己丑,十方暮,西,子丑寅卯,井,False,False,False,False,,True,False,False,北,出遊(吉),,,False,申酉,執
2021-08-10,辛,丑,丙,申,庚,寅,破,庚寅,十方暮,西,子丑寅卯,井,False,True,False,False,,True,False,False,北,出遊(吉),,上吉,False,申酉,破
2021-08-11,辛,丑,丙,申,辛,卯,危,辛卯,十方暮,西,子丑寅卯,井,False,False,False,False,,True,False,False,北,出遊(吉),,,False,申酉,危
2021-08-12,辛,丑,丙,申,壬,辰,成,壬辰,十方暮,西,子丑寅卯,井,False,False,True,False,,True,False,True,北,出遊(吉),,,False,申酉,成
2021-08-13,辛,丑,丙,申,癸,巳,收,癸巳,天一天上,西,子丑寅卯,井,False,False,False,False,大禍,True,False,False,天一天上,北宮(凶),,下吉,True,申酉,收
2021-08-14,辛,丑,丙,申,甲,午,開,甲午,天一天上,西,子丑寅卯,井,False,True,False,True,,False,False,False,天一天上,北宮(凶),,,False,午未,開
2021-08-15,辛,丑,丙,申,乙,未,閉,乙未,天一天上,西,子丑寅卯,井,False,False,False,False,,False,False,True,天一天上,北宮(凶),,,False,午未,閉
2021-08-16,辛,丑,丙,申,丙,申,建,丙申,天一天上,西,子丑寅卯,井,False,False,False,False,,False,False,False,天一天上,北宮(凶),,,False,午未,建
2021-08-17,辛,丑,丙,申,丁,酉,除,丁酉,天一天上,西,子丑寅卯,井,False,False,False,False,狼藉,False,False,False,天一天上,北宮(凶),,上吉,False,午未,除
2021-08-18,辛,丑,丙,申,戊,戌,滿,戊戌,天一天上,西,子丑寅卯,井,False,False,False,False,,False,False,False,天一天上,南宮(凶),,,False,午未,滿
2021-08-19,辛,丑,丙,申,己,亥,平,己亥,天一天上,西,子丑寅卯,井,False,False,False,False,滅門,False,False,False,天一天上,南宮(凶),,,True,午未,平
2021-08-20,辛,丑,丙,申,庚,子,定,庚子,天一天上,西,子丑寅卯,井,False,True,False,False,,False,False,False,天一天上,南宮(凶),,中吉,False,午未,定
2021-08-21,辛,丑,丙,申,辛,丑,執,辛丑,天一天上,西,子丑寅卯,井,False,False,False,False,,False,False,True,天一天上,南宮(凶),,下吉,False,午未,執
2021-08-22,辛,丑,丙,申,壬,寅,破,壬寅,天一天上,西,子丑寅卯,井,False,False,False,False,,False,False,False,天一天上,南宮(凶),,中吉,False,午未,破
2021-08-23,辛,丑,丙,申,癸,卯,危,癸卯,天一天上,西,子丑寅卯,井,False,False,False,False,,False,False,False,天一天上,西宮(凶),,下吉,False,午未,危
2021-08-24,辛,丑,丙,申,甲,辰,成,甲辰,天一天上,西,子丑寅卯,井,False,True,True,False,,False,False,False,天一天上,東宮(凶),,中吉,False,辰巳,成
2021-08-25,辛,丑,丙,申,乙,巳,收,乙巳,天一天上,西,子丑寅卯,井,False,False,False,False,大禍,False,False,False,天一天上,東宮(凶),,,True,辰巳,收
2021-08-26,辛,丑,丙,申,丙,午,開,丙午,天一天上,西,子丑寅卯,井,False,False,False,True,,False,False,False,天一天上,東宮(凶),,下吉,False,辰巳,開
2021-08-27,辛,丑,丙,申,丁,未,閉,丁未,天一天上,西,子丑寅卯,井,False,False,False,False,,False,False,False,天一天上,東宮(凶),,下吉,False,辰巳,閉
2021-08-28,辛,丑,丙,申,戊,申,建,戊申,天一天上,西,子丑寅卯,井,True,False,False,False,,False,False,False,天一天上,東宮(凶),小土(凶),下吉,False,辰巳,建
2021-08-29,辛,丑,丙,申,己,酉,除,己酉,,西,子丑寅卯,井,False,False,False,False,狼藉,False,False,False,東北,出遊(吉),小土(凶),上吉,False,辰巳,除
2021-08-30,辛,丑,丙,申,庚,戌,滿,庚戌,,西,子丑寅卯,井,False,True,False,False,,False,False,False,東北,出遊(吉),小土(凶),,False,辰巳,滿
2021-08-31,辛,丑,丙,申,辛,亥,平,辛亥,,西,子丑寅卯,井,False,False,False,False,滅門,False,False,False,東北,出遊(吉),小土(凶),下吉,True,辰巳,平
2021-09-01,辛,丑,丙,申,壬,子,定,壬子,八專,西,子丑寅卯,井,False,False,False,False,,False,True,False,東北,出遊(吉),小土(凶),,False,辰巳,定
2021-09-02,辛,丑,丙,申,癸,丑,執,癸丑,八專,西,子丑寅卯,井,False,False,False,False,,False,False,False,東北,出遊(吉),小土(凶),下吉,False,辰巳,執
2021-09-03,辛,丑,丙,申,甲,寅,破,甲寅,八專,西,子丑寅卯,井,False,True,False,False,,False,True,False,東北,出遊(吉),小土(凶),下吉,False,寅卯,破
2021-09-04,辛,丑,丙,申,乙,卯,危,乙卯,八專,西,子丑寅卯,井,False,False,False,False,,False,True,False,東,出遊(吉),,下吉,False,寅卯,危
2021-09-05,辛,丑,丙,申,丙,辰,成,丙辰,八專,西,子丑寅卯,井,False,False,True,False,,False,False,False,東,出遊(吉),,,False,寅卯,成
2021-09-06,辛,丑,丙,申,丁,巳,收,丁巳,八專,西,子丑寅卯,井,False,False,False,False,大禍,False,True,False,東,出遊(吉),,下吉,True,寅卯,收
2021-09-07,辛,丑,丁,酉,戊,午,收,戊午,八專,西,子丑寅卯,井,False,False,False,False,滅門,False,True,False,東,出遊(吉),,,False,寅卯,收
2021-09-08,辛,丑,丁,酉,己,未,開,己未,八專,西,子丑寅卯,井,False,False,False,False,,False,False,False,東,出遊(吉),,下吉,False,寅卯,開
2021-09-09,辛,丑,丁,酉,庚,申,閉,庚申,八專,西,子丑寅卯,井,False,False,False,False,,False,True,False,東南,出遊(吉),,,False,寅卯,閉
2021-09-10,辛,丑,丁,酉,辛,酉,建,辛酉,八專,西,子丑寅卯,井,False,True,False,True,狼藉,False,True,False,東南,出遊(吉),,下吉,False,寅卯,建
2021-09-11,辛,丑,丁,酉,壬,戌,除,壬戌,八專,西,子丑寅卯,井,False,False,True,False,,False,False,False,東南,出遊(吉),,,False,寅卯,除
2021-09-12,辛,丑,丁,酉,癸,亥,滿,癸亥,八專,西,子丑寅卯,井,False,False,False,False,,False,True,False,東南,出遊(吉),,,True,寅卯,滿
2021-09-13,辛,丑,丁,酉,甲,子,平,甲子,,西,子丑寅卯,井,False,False,False,False,大禍,False,False,False,東南,出遊(吉),,,False,子丑,平
2021-09-14,辛,丑,丁,酉,乙,丑,定,乙丑,,西,子丑寅卯,井,False,True,False,False,,False,False,False,東南,出遊(吉),,,False,子丑,定
2021-09-15,辛,丑,丁,酉,丙,寅,執,丙寅,,西,子丑寅卯,井,False,False,False,False,,False,False,False,南,出遊(吉),,下吉,False,子丑,執
2021-09-16,辛,丑,丁,酉,丁,卯,破,丁卯,,西,子丑寅卯,井,False,False,False,False,,False,False,False,南,出遊(吉),,下吉,False,子丑,破
2021-09-17,辛,丑,丁,酉,戊,辰,危,戊辰,,西,子丑寅卯,井,False,False,False,False,,False,False,True,南,出遊(吉),,,False,子丑,危
2021-09-18,辛,丑,丁,酉,己,巳,成,己巳,,西,子丑寅卯,井,False,False,False,False,,False,False,False,南,出遊(吉),,,True,子丑,成
2021-09-19,辛,丑,丁,酉,庚,午,收,庚午,,西,子丑寅卯,井,False,False,False,False,滅門,False,False,False,南,出遊(吉),大土(凶),下吉,False,子丑,收
2021-09-20,辛,丑,丁,酉,辛,未,開,辛未,,西,子丑寅卯,井,False,True,False,False,,False,False,False,西南,出遊(吉),大土(凶),中吉,False,子丑,開
2021-09-21,辛,丑,丁,酉,壬,申,閉,壬申,,西,子丑寅卯,井,False,False,False,False,,False,False,False,西南,出遊(吉),大土(凶),,False,子丑,閉
2021-09-22,辛,丑,丁,酉,癸,酉,建,癸酉,,西,子丑寅卯,井,False,False,False,True,狼藉,False,False,False,西南,出遊(吉),大土(凶),中吉,False,子丑,建
2021-09-23,辛,丑,丁,酉,甲,戌,除,甲戌,,西,子丑寅卯,井,False,False,True,False,,False,False,False,西南,出遊(吉),大土(凶),,False,戌亥,除
2021-09-24,辛,丑,丁,酉,乙,亥,滿,乙亥,,西,子丑寅卯,井,False,True,False,False,,False,False,False,西南,出遊(吉),大土(凶),,True,戌亥,滿
2021-09-25,辛,丑,丁,酉,丙,子,平,丙子,,西,子丑寅卯,井,False,False,False,False,大禍,False,False,False,西南,出遊(吉),大土(凶),,False,戌亥,平
2021-09-26,辛,丑,丁,酉,丁,丑,定,丁丑,,西,子丑寅卯,井,False,False,False,False,,False,False,False,西,出遊(吉),,下吉,False,戌亥,定
2021-09-27,辛,丑,丁,酉,戊,寅,執,戊寅,,西,子丑寅卯,井,False,False,False,False,,False,False,False,西,出遊(吉),,下吉,False,戌亥,執
2021-09-28,辛,丑,丁,酉,己,卯,破,己卯,,西,子丑寅卯,井,False,False,False,False,,False,False,False,西,出遊(吉),,,False,戌亥,破
2021-09-29,辛,丑,丁,酉,庚,辰,危,庚辰,,西,子丑寅卯,井,False,False,False,False,,False,False,False,西,出遊(吉),,下吉,False,戌亥,危
2021-09-30,辛,丑,丁,酉,辛,巳,成,辛巳,,西,子丑寅卯,井,False,True,False,False,,False,False,False,西,出遊(吉),,下吉,True,戌亥,成
2021-10-01,辛,丑,丁,酉,壬,午,收,壬午,,西,子丑寅卯,井,False,False,False,False,滅門,False,False,False,西北,出遊(吉),,上吉,False,戌亥,收
2021-10-02,辛,丑,丁,酉,癸,未,開,癸未,,西,子丑寅卯,井,False,False,False,False,,False,False,False,西北,出遊(吉),,下吉,False,戌亥,開
2021-10-03,辛,丑,丁,酉,甲,申,閉,甲申,十方暮,西,子丑寅卯,井,False,False,False,False,,True,False,False,西北,出遊(吉),,上吉,False,申酉,閉
2021-10-04,辛,丑,丁,酉,乙,酉,建,乙酉,十方暮,西,子丑寅卯,井,False,True,False,True,狼藉,True,False,False,西北,出遊(吉),,下吉,False,申酉,建
2021-10-05,辛,丑,丁,酉,丙,戌,除,丙戌,十方暮,西,子丑寅卯,井,False,False,True,False,,True,False,True,西北,出遊(吉),,,False,申酉,除
2021-10-06,辛,丑,丁,酉,丁,亥,滿,丁亥,十方暮,西,子丑寅卯,井,False,False,False,False,,True,False,False,西北,出遊(吉),,,True,申酉,滿
2021-10-07,辛,丑,丁,酉,戊,子,平,戊子,十方暮,西,子丑寅卯,井,False,False,False,False,大禍,True,False,False,北,出遊(吉),,,False,申酉,平
2021-10-08,辛,丑,戊,戌,己,丑,平,己丑,十方暮,西,子丑寅卯,井,False,True,False,False,滅門,True,False,False,北,出遊(吉),,,False,申酉,平
2021-10-09,辛,丑,戊,戌,庚,寅,定,庚寅,十方暮,西,子丑寅卯,井,False,False,False,False,,True,False,False,北,出遊(吉),,上吉,False,申酉,定
2021-10-10,辛,丑,戊,戌,辛,卯,執,辛卯,十方暮,西,子丑寅卯,井,False,False,False,False,狼藉,True,False,False,北,出遊(吉),,,False,申酉,執
2021-10-11,辛,丑,戊,戌,壬,辰,破,壬辰,十方暮,西,子丑寅卯,井,False,False,False,False,,True,False,True,北,出遊(吉),,,False,申酉,破
2021-10-12,辛,丑,戊,戌,癸,巳,危,癸巳,天一天上,西,子丑寅卯,井,False,False,True,False,,True,False,False,天一天上,北宮(凶),,下吉,True,申酉,危
2021-10-13,辛,丑,戊,戌,甲,午,成,甲午,天一天上,西,子丑寅卯,井,False,False,False,False,,False,False,False,天一天上,北宮(凶),,,False,午未,成
2021-10-14,辛,丑,戊,戌,乙,未,收,乙未,天一天上,西,子丑寅卯,井,False,False,False,False,大禍,False,False,True,天一天上,北宮(凶),,,False,午未,收
2021-10-15,辛,丑,戊,戌,丙,申,開,丙申,天一天上,西,子丑寅卯,井,False,False,False,False,,False,False,False,天一天上,北宮(凶),,,False,午未,開
2021-10-16,辛,丑,戊,戌,丁,酉,閉,丁酉,天一天上,西,子丑寅卯,井,False,False,False,False,,False,False,False,天一天上,北宮(凶),,上吉,False,午未,閉
2021-10-17,辛,丑,戊,戌,戊,戌,建,戊戌,天一天上,西,子丑寅卯,井,False,True,False,False,,False,False,False,天一天上,南宮(凶),,,False,午未,建
2021-10-18,辛,丑,戊,戌,己,亥,除,己亥,天一天上,西,子丑寅卯,井,False,True,False,False,,False,False,False,天一天上,南宮(凶),,,True,午未,除
2021-10-19,辛,丑,戊,戌,庚,子,滿,庚子,天一天上,西,子丑寅卯,井,False,False,False,True,,False,False,False,天一天上,南宮(凶),,中吉,False,午未,滿
2021-10-20,辛,丑,戊,戌,辛,丑,平,辛丑,天一天上,西,子丑寅卯,井,False,False,False,False,滅門,False,False,True,天一天上,南宮(凶),,下吉,False,午未,平
2021-10-21,辛,丑,戊,戌,壬,寅,定,壬寅,天一天上,西,子丑寅卯,井,False,False,False,False,,False,False,False,天一天上,南宮(凶),,中吉,False,午未,定
2021-10-22,辛,丑,戊,戌,癸,卯,執,癸卯,天一天上,西,子丑寅卯,井,False,False,False,False,狼藉,False,False,False,天一天上,西宮(凶),,下吉,False,午未,執
2021-10-23,辛,丑,戊,戌,甲,辰,破,甲辰,天一天上,西,子丑寅卯,井,False,False,False,False,,False,False,False,天一天上,東宮(凶),,中吉,False,辰巳,破
2021-10-24,辛,丑,戊,戌,乙,巳,危,乙巳,天一天上,西,子丑寅卯,井,False,False,True,False,,False,False,False,天一天上,東宮(凶),,,True,辰巳,危
2021-10-25,辛,丑,戊,戌,丙,午,成,丙午,天一天上,西,子丑寅卯,井,False,False,False,False,,False,False,False,天一天上,東宮(凶),,下吉,False,辰巳,成
2021-10-26,辛,丑,戊,戌,丁,未,收,丁未,天一天上,西,子丑寅卯,井,False,False,False,False,大禍,False,False,False,天一天上,東宮(凶),,下吉,False,辰巳,收
2021-10-27,辛,丑,戊,戌,戊,申,開,戊申,天一天上,西,子丑寅卯,井,True,True,False,False,,False,False,False,天一天上,東宮(凶),小土(凶),下吉,False,辰巳,開
2021-10-28,辛,丑,戊,戌,己,酉,閉,己酉,,西,子丑寅卯,井,False,True,False,False,,False,False,False,東北,出遊(吉),小土(凶),上吉,False,辰巳,閉
2021-10-29,辛,丑,戊,戌,庚,戌,建,庚戌,,西,子丑寅卯,井,False,False,False,False,,False,False,False,東北,出遊(吉),小土(凶),,False,辰巳,建
2021-10-30,辛,丑,戊,戌,辛,亥,除,辛亥,,西,子丑寅卯,井,False,False,False,False,,False,False,False,東北,出遊(吉),小土(凶),下吉,True,辰巳,除
2021-10-31,辛,丑,戊,戌,壬,子,滿,壬子,八專,西,子丑寅卯,井,False,False,False,True,,False,True,False,東北,出遊(吉),小土(凶),,False,辰巳,滿
2021-11-01,辛,丑,戊,戌,癸,丑,平,癸丑,八專,西,子丑寅卯,井,False,False,False,False,滅門,False,False,False,東北,出遊(吉),小土(凶),下吉,False,辰巳,平
2021-11-02,辛,丑,戊,戌,甲,寅,定,甲寅,八專,西,子丑寅卯,井,False,False,False,False,,False,True,False,東北,出遊(吉),小土(凶),下吉,False,寅卯,定
2021-11-03,辛,丑,戊,戌,乙,卯,執,乙卯,八專,西,子丑寅卯,井,False,False,False,False,狼藉,False,True,False,東,出遊(吉),,下吉,False,寅卯,執
2021-11-04,辛,丑,戊,戌,丙,辰,破,丙辰,八專,西,子丑寅卯,井,False,False,False,False,,False,False,False,東,出遊(吉),,,False,寅卯,破
2021-11-05,辛,丑,戊,戌,丁,巳,危,丁巳,八專,西,子丑寅卯,井,False,False,True,False,,False,True,False,東,出遊(吉),,下吉,True,寅卯,危
2021-11-06,辛,丑,戊,戌,戊,午,成,戊午,八專,西,子丑寅卯,井,False,True,False,False,,False,True,False,東,出遊(吉),,,False,寅卯,成
2021-11-07,辛,丑,己,亥,己,未,成,己未,八專,西,子丑寅卯,庭,False,False,False,False,,False,False,False,東,出遊(吉),,下吉,False,寅卯,成
2021-11-08,辛,丑,己,亥,庚,申,收,庚申,八專,西,子丑寅卯,庭,False,False,False,False,滅門,False,True,False,東南,出遊(吉),,,False,寅卯,收
2021-11-09,辛,丑,己,亥,辛,酉,開,辛酉,八專,西,子丑寅卯,庭,False,False,False,False,,False,True,False,東南,出遊(吉),,下吉,False,寅卯,開
2021-11-10,辛,丑,己,亥,壬,戌,閉,壬戌,八專,西,子丑寅卯,庭,False,True,False,False,,False,False,False,東南,出遊(吉),,,False,寅卯,閉
2021-11-11,辛,丑,己,亥,癸,亥,建,癸亥,八專,西,子丑寅卯,庭,False,False,True,False,,False,True,False,東南,出遊(吉),,,True,寅卯,建
2021-11-12,辛,丑,己,亥,甲,子,除,甲子,,西,子丑寅卯,庭,True,False,False,False,,False,False,False,東南,出遊(吉),,,False,子丑,除
2021-11-13,辛,丑,己,亥,乙,丑,滿,乙丑,,西,子丑寅卯,庭,False,False,False,False,,False,False,False,東南,出遊(吉),,,False,子丑,滿
2021-11-14,辛,丑,己,亥,丙,寅,平,丙寅,,西,子丑寅卯,庭,False,True,False,False,大禍,False,False,False,南,出遊(吉),,下吉,False,子丑,平
2021-11-15,辛,丑,己,亥,丁,卯,定,丁卯,,西,子丑寅卯,庭,False,False,False,True,狼藉,False,False,False,南,出遊(吉),,下吉,False,子丑,定
2021-11-16,辛,丑,己,亥,戊,辰,執,戊辰,,西,子丑寅卯,庭,False,False,False,False,,False,False,True,南,出遊(吉),,,False,子丑,執
2021-11-17,辛,丑,己,亥,己,巳,破,己巳,,西,子丑寅卯,庭,False,False,False,False,,False,False,False,南,出遊(吉),,,True,子丑,破
2021-11-18,辛,丑,己,亥,庚,午,危,庚午,,西,子丑寅卯,庭,False,False,False,False,,False,False,False,南,出遊(吉),大土(凶),下吉,False,子丑,危
2021-11-19,辛,丑,己,亥,辛,未,成,辛未,,西,子丑寅卯,庭,False,False,False,False,,False,False,False,西南,出遊(吉),大土(凶),中吉,False,子丑,成
2021-11-20,辛,丑,己,亥,壬,申,收,壬申,,西,子丑寅卯,庭,False,True,False,False,滅門,False,False,False,西南,出遊(吉),大土(凶),,False,子丑,收
2021-11-21,辛,丑,己,亥,癸,酉,開,癸酉,,西,子丑寅卯,庭,False,False,False,False,,False,False,False,西南,出遊(吉),大土(凶),中吉,False,子丑,開
2021-11-22,辛,丑,己,亥,甲,戌,閉,甲戌,,西,子丑寅卯,庭,False,False,False,False,,False,False,False,西南,出遊(吉),大土(凶),,False,戌亥,閉
2021-11-23,辛,丑,己,亥,乙,亥,建,乙亥,,西,子丑寅卯,庭,False,False,True,False,,False,False,False,西南,出遊(吉),大土(凶),,True,戌亥,建
2021-11-24,辛,丑,己,亥,丙,子,除,丙子,,西,子丑寅卯,庭,False,True,False,False,,False,False,False,西南,出遊(吉),大土(凶),,False,戌亥,除
2021-11-25,辛,丑,己,亥,丁,丑,滿,丁丑,,西,子丑寅卯,庭,False,False,False,False,,False,False,False,西,出遊(吉),,下吉,False,戌亥,滿
2021-11-26,辛,丑,己,亥,戊,寅,平,戊寅,,西,子丑寅卯,庭,False,False,False,False,大禍,False,False,False,西,出遊(吉),,下吉,False,戌亥,平
2021-11-27,辛,丑,己,亥,己,卯,定,己卯,,西,子丑寅卯,庭,False,False,False,True,狼藉,False,False,False,西,出遊(吉),,,False,戌亥,定
2021-11-28,辛,丑,己,亥,庚,辰,執,庚辰,,西,子丑寅卯,庭,False,False,False,False,,False,False,False,西,出遊(吉),,下吉,False,戌亥,執
2021-11-29,辛,丑,己,亥,辛,巳,破,辛巳,,西,子丑寅卯,庭,False,False,False,False,,False,False,False,西,出遊(吉),,下吉,True,戌亥,破
2021-11-30,辛,丑,己,亥,壬,午,危,壬午,,西,子丑寅卯,庭,False,True,False,False,,False,False,False,西北,出遊(吉),,上吉,False,戌亥,危
2021-12-01,辛,丑,己,亥,癸,未,成,癸未,,西,子丑寅卯,庭,False,False,False,False,,False,False,False,西北,出遊(吉),,下吉,False,戌亥,成
2021-12-02,辛,丑,己,亥,甲,申,收,甲申,十方暮,西,子丑寅卯,庭,False,False,False,False,滅門,True,False,False,西北,出遊(吉),,上吉,False,申酉,收
2021-12-03,辛,丑,己,亥,乙,酉,開,乙酉,十方暮,西,子丑寅卯,庭,False,False,False,False,,True,False,False,西北,出遊(吉),,下吉,False,申酉,開
2021-12-04,辛,丑,己,亥,丙,戌,閉,丙戌,十方暮,西,子丑寅卯,庭,False,True,False,False,,True,False,True,西北,出遊(吉),,,False,申酉,閉
2021-12-05,辛,丑,己,亥,丁,亥,建,丁亥,十方暮,西,子丑寅卯,庭,False,False,True,False,,True,False,False,西北,出遊(吉),,,True,申酉,建
2021-12-06,辛,丑,己,亥,戊,子,除,戊子,十方暮,西,子丑寅卯,庭,False,False,False,False,,True,False,False,北,出遊(吉),,,False,申酉,除
2021-12-07,辛,丑,庚,子,己,丑,除,己丑,十方暮,西,子丑寅卯,庭,False,False,False,False,,True,False,False,北,出遊(吉),,,False,申酉,除
2021-12-08,辛,丑,庚,子,庚,寅,滿,庚寅,十方暮,西,子丑寅卯,庭,False,False,False,False,,True,False,False,北,出遊(吉),,上吉,False,申酉,滿
2021-12-09,辛,丑,庚,子,辛,卯,平,辛卯,十方暮,西,子丑寅卯,庭,False,False,False,False,滅門,True,False,False,北,出遊(吉),,,False,申酉,平
2021-12-10,辛,丑,庚,子,壬,辰,定,壬辰,十方暮,西,子丑寅卯,庭,False,False,False,False,,True,False,True,北,出遊(吉),,,False,申酉,定
2021-12-11,辛,丑,庚,子,癸,巳,執,癸巳,天一天上,西,子丑寅卯,庭,False,True,False,False,,True,False,False,天一天上,北宮(凶),,下吉,True,申酉,執
2021-12-12,辛,丑,庚,子,甲,午,破,甲午,天一天上,西,子丑寅卯,庭,False,False,True,True,狼藉,False,False,False,天一天上,北宮(凶),,,False,午未,破
2021-12-13,辛,丑,庚,子,乙,未,危,乙未,天一天上,西,子丑寅卯,庭,False,False,False,False,,False,False,True,天一天上,北宮(凶),,,False,午未,危
2021-12-14,辛,丑,庚,子,丙,申,成,丙申,天一天上,西,子丑寅卯,庭,False,False,False,False,,False,False,False,天一天上,北宮(凶),,,False,午未,成
2021-12-15,辛,丑,庚,子,丁,酉,收,丁酉,天一天上,西,子丑寅卯,庭,False,True,False,False,大禍,False,False,False,天一天上,北宮(凶),,上吉,False,午未,收
2021-12-16,辛,丑,庚,子,戊,戌,開,戊戌,天一天上,西,子丑寅卯,庭,False,False,False,False,,False,False,False,天一天上,南宮(凶),,,False,午未,開
2021-12-17,辛,丑,庚,子,己,亥,閉,己亥,天一天上,西,子丑寅卯,庭,False,False,False,False,,False,False,False,天一天上,南宮(凶),,,True,午未,閉
2021-12-18,辛,丑,庚,子,庚,子,建,庚子,天一天上,西,子丑寅卯,庭,False,False,False,False,,False,False,False,天一天上,南宮(凶),,中吉,False,午未,建
2021-12-19,辛,丑,庚,子,辛,丑,除,辛丑,天一天上,西,子丑寅卯,庭,False,False,False,False,,False,False,True,天一天上,南宮(凶),,下吉,False,午未,除
2021-12-20,辛,丑,庚,子,壬,寅,滿,壬寅,天一天上,西,子丑寅卯,庭,False,False,False,False,,False,False,False,天一天上,南宮(凶),,中吉,False,午未,滿
2021-12-21,辛,丑,庚,子,癸,卯,平,癸卯,天一天上,西,子丑寅卯,庭,False,True,False,False,滅門,False,False,False,天一天上,西宮(凶),,下吉,False,午未,平
2021-12-22,辛,丑,庚,子,甲,辰,定,甲辰,天一天上,西,子丑寅卯,庭,False,False,False,False,,False,False,False,天一天上,東宮(凶),,中吉,False,辰巳,定
2021-12-23,辛,丑,庚,子,乙,巳,執,乙巳,天一天上,西,子丑寅卯,庭,False,False,False,False,,False,False,False,天一天上,東宮(凶),,,True,辰巳,執
2021-12-24,辛,丑,庚,子,丙,午,破,丙午,天一天上,西,子丑寅卯,庭,False,False,True,True,狼藉,False,False,False,天一天上,東宮(凶),,下吉,False,辰巳,破
2021-12-25,辛,丑,庚,子,丁,未,危,丁未,天一天上,西,子丑寅卯,庭,False,True,False,False,,False,False,False,天一天上,東宮(凶),,下吉,False,辰巳,危
2021-12-26,辛,丑,庚,子,戊,申,成,戊申,天一天上,西,子丑寅卯,庭,False,False,False,False,,False,False,False,天一天上,東宮(凶),小土(凶),下吉,False,辰巳,成
2021-12-27,辛,丑,庚,子,己,酉,收,己酉,,西,子丑寅卯,庭,False,False,False,False,大禍,False,False,False,東北,出遊(吉),小土(凶),上吉,False,辰巳,收
2021-12-28,辛,丑,庚,子,庚,戌,開,庚戌,,西,子丑寅卯,庭,False,False,False,False,,False,False,False,東北,出遊(吉),小土(凶),,False,辰巳,開
2021-12-29,辛,丑,庚,子,辛,亥,閉,辛亥,,西,子丑寅卯,庭,False,False,False,False,,False,False,False,東北,出遊(吉),小土(凶),下吉,True,辰巳,閉
2021-12-30,辛,丑,庚,子,壬,子,建,壬子,八專,西,子丑寅卯,庭,False,False,False,False,,False,True,False,東北,出遊(吉),小土(凶),,False,辰巳,建
2021-12-31,辛,丑,庚,子,癸,丑,除,癸丑,八專,西,子丑寅卯,庭,False,True,False,False,,False,False,False,東北,出遊(吉),小土(凶),下吉,False,辰巳,除
2022-01-01,辛,丑,庚,子,甲,寅,滿,甲寅,八專,西,子丑寅卯,庭,False,False,False,False,,False,True,False,東北,出遊(吉),小土(凶),下吉,False,寅卯,滿
2022-01-02,辛,丑,庚,子,乙,卯,平,乙卯,八專,西,子丑寅卯,庭,False,False,False,False,滅門,False,True,False,東,出遊(吉),,下吉,False,寅卯,平
2022-01-03,辛,丑,庚,子,丙,辰,定,丙辰,八專,西,子丑寅卯,庭,False,False,False,False,,False,False,False,東,出遊(吉),,,False,寅卯,定
2022-01-04,辛,丑,庚,子,丁,巳,執,丁巳,八專,西,子丑寅卯,庭,False,True,False,False,,False,True,False,東,出遊(吉),,下吉,True,寅卯,執
2022-01-05,辛,丑,辛,丑,戊,午,執,戊午,八專,西,子丑寅卯,庭,False,True,False,False,,False,True,False,東,出遊(吉),,,False,寅卯,執
2022-01-06,辛,丑,辛,丑,己,未,破,己未,八專,西,子丑寅卯,庭,False,True,False,False,,False,False,False,東,出遊(吉),,下吉,False,寅卯,破
2022-01-07,辛,丑,辛,丑,庚,申,危,庚申,八專,西,子丑寅卯,庭,False,False,False,False,,False,True,False,東南,出遊(吉),,,False,寅卯,危
2022-01-08,辛,丑,辛,丑,辛,酉,成,辛酉,八專,西,子丑寅卯,庭,False,False,False,True,狼藉,False,True,False,東南,出遊(吉),,下吉,False,寅卯,成
2022-01-09,辛,丑,辛,丑,壬,戌,收,壬戌,八專,西,子丑寅卯,庭,False,False,False,False,滅門,False,False,False,東南,出遊(吉),,,False,寅卯,收
2022-01-10,辛,丑,辛,丑,癸,亥,開,癸亥,八專,西,子丑寅卯,庭,False,False,False,False,,False,True,False,東南,出遊(吉),,,True,寅卯,開
2022-01-11,辛,丑,辛,丑,甲,子,閉,甲子,,西,子丑寅卯,庭,True,False,True,False,,False,False,False,東南,出遊(吉),,,False,子丑,閉
2022-01-12,辛,丑,辛,丑,乙,丑,建,乙丑,,西,子丑寅卯,庭,False,False,False,False,,False,False,False,東南,出遊(吉),,,False,子丑,建
2022-01-13,辛,丑,辛,丑,丙,寅,除,丙寅,,西,子丑寅卯,庭,False,False,False,False,,False,False,False,南,出遊(吉),,下吉,False,子丑,除
2022-01-14,辛,丑,辛,丑,丁,卯,滿,丁卯,,西,子丑寅卯,庭,False,False,False,False,,False,False,False,南,出遊(吉),,下吉,False,子丑,滿
2022-01-15,辛,丑,辛,丑,戊,辰,平,戊辰,,西,子丑寅卯,庭,False,True,False,False,大禍,False,False,True,南,出遊(吉),,,False,子丑,平
2022-01-16,辛,丑,辛,丑,己,巳,定,己巳,,西,子丑寅卯,庭,False,True,False,False,,False,False,False,南,出遊(吉),,,True,子丑,定
2022-01-17,辛,丑,辛,丑,庚,午,執,庚午,,西,子丑寅卯,庭,False,False,False,False,,False,False,False,南,出遊(吉),大土(凶),下吉,False,子丑,執
2022-01-18,辛,丑,辛,丑,辛,未,破,辛未,,西,子丑寅卯,庭,False,False,False,False,,False,False,False,西南,出遊(吉),大土(凶),中吉,False,子丑,破
2022-01-19,辛,丑,辛,丑,壬,申,危,壬申,,西,子丑寅卯,庭,False,False,False,False,,False,False,False,西南,出遊(吉),大土(凶),,False,子丑,危
2022-01-20,辛,丑,辛,丑,癸,酉,成,癸酉,,西,子丑寅卯,庭,False,False,False,True,狼藉,False,False,False,西南,出遊(吉),大土(凶),中吉,False,子丑,成
2022-01-21,辛,丑,辛,丑,甲,戌,收,甲戌,,西,子丑寅卯,庭,False,False,False,False,滅門,False,False,False,西南,出遊(吉),大土(凶),,False,戌亥,收
2022-01-22,辛,丑,辛,丑,乙,亥,開,乙亥,,西,子丑寅卯,庭,False,False,False,False,,False,False,False,西南,出遊(吉),大土(凶),,True,戌亥,開
2022-01-23,辛,丑,辛,丑,丙,子,閉,丙子,,西,子丑寅卯,庭,False,False,True,False,,False,False,False,西南,出遊(吉),大土(凶),,False,戌亥,閉
2022-01-24,辛,丑,辛,丑,丁,丑,建,丁丑,,西,子丑寅卯,庭,False,False,False,False,,False,False,False,西,出遊(吉),,下吉,False,戌亥,建
2022-01-25,辛,丑,辛,丑,戊,寅,除,戊寅,,西,子丑寅卯,庭,False,True,False,False,,False,False,False,西,出遊(吉),,下吉,False,戌亥,除
2022-01-26,辛,丑,辛,丑,己,卯,滿,己卯,,西,子丑寅卯,庭,False,True,False,False,,False,False,False,西,出遊(吉),,,False,戌亥,滿
2022-01-27,辛,丑,辛,丑,庚,辰,平,庚辰,,西,子丑寅卯,庭,False,False,False,False,大禍,False,False,False,西,出遊(吉),,下吉,False,戌亥,平
2022-01-28,辛,丑,辛,丑,辛,巳,定,辛巳,,西,子丑寅卯,庭,False,False,False,False,,False,False,False,西,出遊(吉),,下吉,True,戌亥,定
2022-01-29,辛,丑,辛,丑,壬,午,執,壬午,,西,子丑寅卯,庭,False,False,False,False,,False,False,False,西北,出遊(吉),,上吉,False,戌亥,執
2022-01-30,辛,丑,辛,丑,癸,未,破,癸未,,西,子丑寅卯,庭,False,False,False,False,,False,False,False,西北,出遊(吉),,下吉,False,戌亥,破
2022-01-31,辛,丑,辛,丑,甲,申,危,甲申,十方暮,西,子丑寅卯,庭,False,False,False,False,,True,False,False,西北,出遊(吉),,上吉,False,申酉,危
2022-02-01,壬,寅,辛,丑,乙,酉,成,乙酉,十方暮,北,寅卯戌亥,庭,False,False,False,True,狼藉,True,False,False,西北,出遊(吉),,下吉,False,申酉,成
2022-02-02,壬,寅,辛,丑,丙,戌,收,丙戌,十方暮,北,寅卯戌亥,庭,False,False,False,False,滅門,True,False,True,西北,出遊(吉),,,False,申酉,收
2022-02-03,壬,寅,辛,丑,丁,亥,開,丁亥,十方暮,北,寅卯戌亥,庭,False,False,False,False,,True,False,False,西北,出遊(吉),,,True,申酉,開
2022-02-04,壬,寅,壬,寅,戊,子,開,戊子,十方暮,北,寅卯戌亥,灶,False,False,False,True,狼藉,True,False,False,北,出遊(吉),,,False,申酉,開
2022-02-05,壬,寅,壬,寅,己,丑,閉,己丑,十方暮,北,寅卯戌亥,灶,False,False,True,False,,True,False,False,北,出遊(吉),,,False,申酉,閉
2022-02-06,壬,寅,壬,寅,庚,寅,建,庚寅,十方暮,北,寅卯戌亥,灶,False,True,False,False,,True,False,False,北,出遊(吉),,上吉,False,申酉,建
2022-02-07,壬,寅,壬,寅,辛,卯,除,辛卯,十方暮,北,寅卯戌亥,灶,False,False,False,False,,True,False,False,北,出遊(吉),,,False,申酉,除
2022-02-08,壬,寅,壬,寅,壬,辰,滿,壬辰,十方暮,北,寅卯戌亥,灶,False,False,False,False,,True,False,True,北,出遊(吉),,,False,申酉,滿
2022-02-09,壬,寅,壬,寅,癸,巳,平,癸巳,天一天上,北,寅卯戌亥,灶,False,False,False,False,滅門,True,False,False,天一天上,北宮(凶),,下吉,True,申酉,平
2022-02-10,壬,寅,壬,寅,甲,午,定,甲午,天一天上,北,寅卯戌亥,灶,False,True,False,False,,False,False,False,天一天上,北宮(凶),,,False,午未,定
2022-02-11,壬,寅,壬,寅,乙,未,執,乙未,天一天上,北,寅卯戌亥,灶,False,False,False,False,,False,False,True,天一天上,北宮(凶),,,False,午未,執
2022-02-12,壬,寅,壬,寅,丙,申,破,丙申,天一天上,北,寅卯戌亥,灶,False,False,False,False,,False,False,False,天一天上,北宮(凶),,,False,午未,破
2022-02-13,壬,寅,壬,寅,丁,酉,危,丁酉,天一天上,北,寅卯戌亥,灶,False,False,False,False,,False,False,False,天一天上,北宮(凶),,上吉,False,午未,危
2022-02-14,壬,寅,壬,寅,戊,戌,成,戊戌,天一天上,北,寅卯戌亥,灶,False,False,False,False,,False,False,False,天一天上,南宮(凶),,,False,午未,成
2022-02-15,壬,寅,壬,寅,己,亥,收,己亥,天一天上,北,寅卯戌亥,灶,False,False,False,False,大禍,False,False,False,天一天上,南宮(凶),,,True,午未,收
2022-02-16,壬,寅,壬,寅,庚,子,開,庚子,天一天上,北,寅卯戌亥,灶,False,True,False,True,狼藉,False,False,False,天一天上,南宮(凶),,中吉,False,午未,開
2022-02-17,壬,寅,壬,寅,辛,丑,閉,辛丑,天一天上,北,寅卯戌亥,灶,False,False,True,False,,False,False,True,天一天上,南宮(凶),,下吉,False,午未,閉
2022-02-18,壬,寅,壬,寅,壬,寅,建,壬寅,天一天上,北,寅卯戌亥,灶,False,False,False,False,,False,False,False,天一天上,南宮(凶),,中吉,False,午未,建
2022-02-19,壬,寅,壬,寅,癸,卯,除,癸卯,天一天上,北,寅卯戌亥,灶,False,False,False,False,,False,False,False,天一天上,西宮(凶),,下吉,False,午未,除
2022-02-20,壬,寅,壬,寅,甲,辰,滿,甲辰,天一天上,北,寅卯戌亥,灶,False,True,False,False,,False,False,False,天一天上,東宮(凶),,中吉,False,辰巳,滿
2022-02-21,壬,寅,壬,寅,乙,巳,平,乙巳,天一天上,北,寅卯戌亥,灶,False,False,False,False,滅門,False,False,False,天一天上,東宮(凶),,,True,辰巳,平
2022-02-22,壬,寅,壬,寅,丙,午,定,丙午,天一天上,北,寅卯戌亥,灶,False,False,False,False,,False,False,False,天一天上,東宮(凶),,下吉,False,辰巳,定
2022-02-23,壬,寅,壬,寅,丁,未,執,丁未,天一天上,北,寅卯戌亥,灶,False,False,False,False,,False,False,False,天一天上,東宮(凶),,下吉,False,辰巳,執
2022-02-24,壬,寅,壬,寅,戊,申,破,戊申,天一天上,北,寅卯戌亥,灶,False,False,False,False,,False,False,False,天一天上,東宮(凶),小土(凶),下吉,False,辰巳,破
2022-02-25,壬,寅,壬,寅,己,酉,危,己酉,,北,寅卯戌亥,灶,False,False,False,False,,False,False,False,東北,出遊(吉),小土(凶),上吉,False,辰巳,危
2022-02-26,壬,寅,壬,寅,庚,戌,成,庚戌,,北,寅卯戌亥,灶,False,True,False,False,,False,False,False,東北,出遊(吉),小土(凶),,False,辰巳,成
2022-02-27,壬,寅,壬,寅,辛,亥,收,辛亥,,北,寅卯戌亥,灶,False,False,False,False,大禍,False,False,False,東北,出遊(吉),小土(凶),下吉,True,辰巳,收
2022-02-28,壬,寅,壬,寅,壬,子,開,壬子,八專,北,寅卯戌亥,灶,False,False,False,True,狼藉,False,True,False,東北,出遊(吉),小土(凶),,False,辰巳,開
2022-03-01,壬,寅,壬,寅,癸,丑,閉,癸丑,八專,北,寅卯戌亥,灶,False,False,True,False,,False,False,False,東北,出遊(吉),小土(凶),下吉,False,辰巳,閉
2022-03-02,壬,寅,壬,寅,甲,寅,建,甲寅,八專,北,寅卯戌亥,灶,False,True,False,False,,False,True,False,東北,出遊(吉),小土(凶),下吉,False,寅卯,建
2022-03-03,壬,寅,壬,寅,乙,卯,除,乙卯,八專,北,寅卯戌亥,灶,False,False,False,False,,False,True,False,東,出遊(吉),,下吉,False,寅卯,除
2022-03-04,壬,寅,壬,寅,丙,辰,滿,丙辰,八專,北,寅卯戌亥,灶,False,False,False,False,,False,False,False,東,出遊(吉),,,False,寅卯,滿
2022-03-05,壬,寅,癸,卯,丁,巳,滿,丁巳,八專,北,寅卯戌亥,灶,False,False,False,False,,False,True,False,東,出遊(吉),,下吉,True,寅卯,滿
2022-03-06,壬,寅,癸,卯,戊,午,平,戊午,八專,北,寅卯戌亥,灶,False,False,False,False,大禍,False,True,False,東,出遊(吉),,,False,寅卯,平
2022-03-07,壬,寅,癸,卯,己,未,定,己未,八專,北,寅卯戌亥,灶,False,False,True,False,,False,False,False,東,出遊(吉),,下吉,False,寅卯,定
2022-03-08,壬,寅,癸,卯,庚,申,執,庚申,八專,北,寅卯戌亥,灶,False,False,False,False,,False,True,False,東南,出遊(吉),,,False,寅卯,執
2022-03-09,壬,寅,癸,卯,辛,酉,破,辛酉,八專,北,寅卯戌亥,灶,False,True,False,False,,False,True,False,東南,出遊(吉),,下吉,False,寅卯,破
2022-03-10,壬,寅,癸,卯,壬,戌,危,壬戌,八專,北,寅卯戌亥,灶,False,False,False,False,,False,False,False,東南,出遊(吉),,,False,寅卯,危
2022-03-11,壬,寅,癸,卯,癸,亥,成,癸亥,八專,北,寅卯戌亥,灶,False,False,False,False,,False,True,False,東南,出遊(吉),,,True,寅卯,成
2022-03-12,壬,寅,癸,卯,甲,子,收,甲子,,北,寅卯戌亥,灶,False,False,False,False,滅門,False,False,False,東南,出遊(吉),,,False,子丑,收
2022-03-13,壬,寅,癸,卯,乙,丑,開,乙丑,,北,寅卯戌亥,灶,False,True,False,False,,False,False,False,東南,出遊(吉),,,False,子丑,開
2022-03-14,壬,寅,癸,卯,丙,寅,閉,丙寅,,北,寅卯戌亥,灶,False,False,False,False,,False,False,False,南,出遊(吉),,下吉,False,子丑,閉
2022-03-15,壬,寅,癸,卯,丁,卯,建,丁卯,,北,寅卯戌亥,灶,False,False,False,True,狼藉,False,False,False,南,出遊(吉),,下吉,False,子丑,建
2022-03-16,壬,寅,癸,卯,戊,辰,除,戊辰,,北,寅卯戌亥,灶,False,False,False,False,,False,False,True,南,出遊(吉),,,False,子丑,除
2022-03-17,壬,寅,癸,卯,己,巳,滿,己巳,,北,寅卯戌亥,灶,False,False,False,False,,False,False,False,南,出遊(吉),,,True,子丑,滿
2022-03-18,壬,寅,癸,卯,庚,午,平,庚午,,北,寅卯戌亥,灶,False,False,False,False,大禍,False,False,False,南,出遊(吉),大土(凶),下吉,False,子丑,平
2022-03-19,壬,寅,癸,卯,辛,未,定,辛未,,北,寅卯戌亥,灶,False,True,True,False,,False,False,False,西南,出遊(吉),大土(凶),中吉,False,子丑,定
2022-03-20,壬,寅,癸,卯,壬,申,執,壬申,,北,寅卯戌亥,灶,False,False,False,False,,False,False,False,西南,出遊(吉),大土(凶),,False,子丑,執
2022-03-21,壬,寅,癸,卯,癸,酉,破,癸酉,,北,寅卯戌亥,灶,False,False,False,False,,False,False,False,西南,出遊(吉),大土(凶),中吉,False,子丑,破
2022-03-22,壬,寅,癸,卯,甲,戌,危,甲戌,,北,寅卯戌亥,灶,False,False,False,False,,False,False,False,西南,出遊(吉),大土(凶),,False,戌亥,危
2022-03-23,壬,寅,癸,卯,乙,亥,成,乙亥,,北,寅卯戌亥,灶,False,True,False,False,,False,False,False,西南,出遊(吉),大土(凶),,True,戌亥,成
2022-03-24,壬,寅,癸,卯,丙,子,收,丙子,,北,寅卯戌亥,灶,False,False,False,False,滅門,False,False,False,西南,出遊(吉),大土(凶),,False,戌亥,收
2022-03-25,壬,寅,癸,卯,丁,丑,開,丁丑,,北,寅卯戌亥,灶,False,False,False,False,,False,False,False,西,出遊(吉),,下吉,False,戌亥,開
2022-03-26,壬,寅,癸,卯,戊,寅,閉,戊寅,,北,寅卯戌亥,灶,True,False,False,False,,False,False,False,西,出遊(吉),,下吉,False,戌亥,閉
2022-03-27,壬,寅,癸,卯,己,卯,建,己卯,,北,寅卯戌亥,灶,False,False,False,True,狼藉,False,False,False,西,出遊(吉),,,False,戌亥,建
2022-03-28,壬,寅,癸,卯,庚,辰,除,庚辰,,北,寅卯戌亥,灶,False,False,False,False,,False,False,False,西,出遊(吉),,下吉,False,戌亥,除
2022-03-29,壬,寅,癸,卯,辛,巳,滿,辛巳,,北,寅卯戌亥,灶,False,True,False,False,,False,False,False,西,出遊(吉),,下吉,True,戌亥,滿
2022-03-30,壬,寅,癸,卯,壬,午,平,壬午,,北,寅卯戌亥,灶,False,False,False,False,大禍,False,False,False,西北,出遊(吉),,上吉,False,戌亥,平
2022-03-31,壬,寅,癸,卯,癸,未,定,癸未,,北,寅卯戌亥,灶,False,False,True,False,,False,False,False,西北,出遊(吉),,下吉,False,戌亥,定
2022-04-01,壬,寅,癸,卯,甲,申,執,甲申,十方暮,北,寅卯戌亥,灶,False,False,False,False,,True,False,False,西北,出遊(吉),,上吉,False,申酉,執
2022-04-02,壬,寅,癸,卯,乙,酉,破,乙酉,十方暮,北,寅卯戌亥,灶,False,True,False,False,,True,False,False,西北,出遊(吉),,下吉,False,申酉,破
2022-04-03,壬,寅,癸,卯,丙,戌,危,丙戌,十方暮,北,寅卯戌亥,灶,False,False,False,False,,True,False,True,西北,出遊(吉),,,False,申酉,危
2022-04-04,壬,寅,癸,卯,丁,亥,成,丁亥,十方暮,北,寅卯戌亥,灶,False,False,False,False,,True,False,False,西北,出遊(吉),,,True,申酉,成
2022-04-05,壬,寅,甲,辰,戊,子,成,戊子,十方暮,北,寅卯戌亥,灶,False,True,False,False,,True,False,False,北,出遊(吉),,,False,申酉,成
2022-04-06,壬,寅,甲,辰,己,丑,收,己丑,十方暮,北,寅卯戌亥,灶,False,True,False,False,大禍,True,False,False,北,出遊(吉),,,False,申酉,收
2022-04-07,壬,寅,甲,辰,庚,寅,開,庚寅,十方暮,北,寅卯戌亥,灶,False,False,True,False,,True,False,False,北,出遊(吉),,上吉,False,申酉,開
2022-04-08,壬,寅,甲,辰,辛,卯,閉,辛卯,十方暮,北,寅卯戌亥,灶,False,False,False,False,,True,False,False,北,出遊(吉),,,False,申酉,閉
2022-04-09,壬,寅,甲,辰,壬,辰,建,壬辰,十方暮,北,寅卯戌亥,灶,False,False,False,False,,True,False,True,北,出遊(吉),,,False,申酉,建
2022-04-10,壬,寅,甲,辰,癸,巳,除,癸巳,天一天上,北,寅卯戌亥,灶,False,False,False,False,,True,False,False,天一天上,北宮(凶),,下吉,True,申酉,除
2022-04-11,壬,寅,甲,辰,甲,午,滿,甲午,天一天上,北,寅卯戌亥,灶,False,False,False,True,狼藉,False,False,False,天一天上,北宮(凶),,,False,午未,滿
2022-04-12,壬,寅,甲,辰,乙,未,平,乙未,天一天上,北,寅卯戌亥,灶,False,False,False,False,滅門,False,False,True,天一天上,北宮(凶),,,False,午未,平
2022-04-13,壬,寅,甲,辰,丙,申,定,丙申,天一天上,北,寅卯戌亥,灶,False,False,False,False,,False,False,False,天一天上,北宮(凶),,,False,午未,定
2022-04-14,壬,寅,甲,辰,丁,酉,執,丁酉,天一天上,北,寅卯戌亥,灶,False,False,False,False,,False,False,False,天一天上,北宮(凶),,上吉,False,午未,執
2022-04-15,壬,寅,甲,辰,戊,戌,破,戊戌,天一天上,北,寅卯戌亥,灶,False,True,False,False,,False,False,False,天一天上,南宮(凶),,,False,午未,破
2022-04-16,壬,寅,甲,辰,己,亥,危,己亥,天一天上,北,寅卯戌亥,灶,False,True,False,False,,False,False,False,天一天上,南宮(凶),,,True,午未,危
2022-04-17,壬,寅,甲,辰,庚,子,成,庚子,天一天上,北,寅卯戌亥,灶,False,False,False,False,,False,False,False,天一天上,南宮(凶),,中吉,False,午未,成
2022-04-18,壬,寅,甲,辰,辛,丑,收,辛丑,天一天上,北,寅卯戌亥,灶,False,False,False,False,大禍,False,False,True,天一天上,南宮(凶),,下吉,False,午未,收
2022-04-19,壬,寅,甲,辰,壬,寅,開,壬寅,天一天上,北,寅卯戌亥,灶,False,False,True,False,,False,False,False,天一天上,南宮(凶),,中吉,False,午未,開
2022-04-20,壬,寅,甲,辰,癸,卯,閉,癸卯,天一天上,北,寅卯戌亥,灶,False,False,False,False,,False,False,False,天一天上,西宮(凶),,下吉,False,午未,閉
2022-04-21,壬,寅,甲,辰,甲,辰,建,甲辰,天一天上,北,寅卯戌亥,灶,False,False,False,False,,False,False,False,天一天上,東宮(凶),,中吉,False,辰巳,建
2022-04-22,壬,寅,甲,辰,乙,巳,除,乙巳,天一天上,北,寅卯戌亥,灶,False,False,False,False,,False,False,False,天一天上,東宮(凶),,,True,辰巳,除
2022-04-23,壬,寅,甲,辰,丙,午,滿,丙午,天一天上,北,寅卯戌亥,灶,False,False,False,True,狼藉,False,False,False,天一天上,東宮(凶),,下吉,False,辰巳,滿
2022-04-24,壬,寅,甲,辰,丁,未,平,丁未,天一天上,北,寅卯戌亥,灶,False,False,False,False,滅門,False,False,False,天一天上,東宮(凶),,下吉,False,辰巳,平
2022-04-25,壬,寅,甲,辰,戊,申,定,戊申,天一天上,北,寅卯戌亥,灶,False,True,False,False,,False,False,False,天一天上,東宮(凶),小土(凶),下吉,False,辰巳,定
2022-04-26,壬,寅,甲,辰,己,酉,執,己酉,,北,寅卯戌亥,灶,False,True,False,False,,False,False,False,東北,出遊(吉),小土(凶),上吉,False,辰巳,執
2022-04-27,壬,寅,甲,辰,庚,戌,破,庚戌,,北,寅卯戌亥,灶,False,False,False,False,,False,False,False,東北,出遊(吉),小土(凶),,False,辰巳,破
2022-04-28,壬,寅,甲,辰,辛,亥,危,辛亥,,北,寅卯戌亥,灶,False,False,False,False,,False,False,False,東北,出遊(吉),小土(凶),下吉,True,辰巳,危
2022-04-29,壬,寅,甲,辰,壬,子,成,壬子,八專,北,寅卯戌亥,灶,False,False,False,False,,False,True,False,東北,出遊(吉),小土(凶),,False,辰巳,成
2022-04-30,壬,寅,甲,辰,癸,丑,收,癸丑,八專,北,寅卯戌亥,灶,False,False,False,False,大禍,False,False,False,東北,出遊(吉),小土(凶),下吉,False,辰巳,收
2022-05-01,壬,寅,甲,辰,甲,寅,開,甲寅,八專,北,寅卯戌亥,灶,False,False,True,False,,False,True,False,東北,出遊(吉),小土(凶),下吉,False,寅卯,開
2022-05-02,壬,寅,甲,辰,乙,卯,閉,乙卯,八專,北,寅卯戌亥,灶,False,False,False,False,,False,True,False,東,出遊(吉),,下吉,False,寅卯,閉
2022-05-03,壬,寅,甲,辰,丙,辰,建,丙辰,八專,北,寅卯戌亥,灶,False,False,False,False,,False,False,False,東,出遊(吉),,,False,寅卯,建
2022-05-04,壬,寅,甲,辰,丁,巳,除,丁巳,八專,北,寅卯戌亥,灶,False,False,False,False,,False,True,False,東,出遊(吉),,下吉,True,寅卯,除
2022-05-05,壬,寅,乙,巳,戊,午,除,戊午,八專,北,寅卯戌亥,門,False,False,False,False,狼藉,False,True,False,東,出遊(吉),,,False,寅卯,除
2022-05-06,壬,寅,乙,巳,己,未,滿,己未,八專,北,寅卯戌亥,門,False,False,False,False,,False,False,False,東,出遊(吉),,下吉,False,寅卯,滿
2022-05-07,壬,寅,乙,巳,庚,申,平,庚申,八專,北,寅卯戌亥,門,False,False,True,False,大禍,False,True,False,東南,出遊(吉),,,False,寅卯,平
2022-05-08,壬,寅,乙,巳,辛,酉,定,辛酉,八專,北,寅卯戌亥,門,False,False,False,True,,False,True,False,東南,出遊(吉),,下吉,False,寅卯,定
2022-05-09,壬,寅,乙,巳,壬,戌,執,壬戌,八專,北,寅卯戌亥,門,False,True,False,False,,False,False,False,東南,出遊(吉),,,False,寅卯,執
2022-05-10,壬,寅,乙,巳,癸,亥,破,癸亥,八專,北,寅卯戌亥,門,False,False,False,False,,False,True,False,東南,出遊(吉),,,True,寅卯,破
2022-05-11,壬,寅,乙,巳,甲,子,危,甲子,,北,寅卯戌亥,門,False,False,False,False,,False,False,False,東南,出遊(吉),,,False,子丑,危
2022-05-12,壬,寅,乙,巳,乙,丑,成,乙丑,,北,寅卯戌亥,門,False,False,False,False,,False,False,False,東南,出遊(吉),,,False,子丑,成
2022-05-13,壬,寅,乙,巳,丙,寅,收,丙寅,,北,寅卯戌亥,門,False,True,False,False,滅門,False,False,False,南,出遊(吉),,下吉,False,子丑,收
2022-05-14,壬,寅,乙,巳,丁,卯,開,丁卯,,北,寅卯戌亥,門,False,False,False,False,,False,False,False,南,出遊(吉),,下吉,False,子丑,開
2022-05-15,壬,寅,乙,巳,戊,辰,閉,戊辰,,北,寅卯戌亥,門,False,False,False,False,,False,False,True,南,出遊(吉),,,False,子丑,閉
2022-05-16,壬,寅,乙,巳,己,巳,建,己巳,,北,寅卯戌亥,門,False,False,False,False,,False,False,False,南,出遊(吉),,,True,子丑,建
2022-05-17,壬,寅,乙,巳,庚,午,除,庚午,,北,寅卯戌亥,門,False,False,False,False,狼藉,False,False,False,南,出遊(吉),大土(凶),下吉,False,子丑,除
2022-05-18,壬,寅,乙,巳,辛,未,滿,辛未,,北,寅卯戌亥,門,False,False,False,False,,False,False,False,西南,出遊(吉),大土(凶),中吉,False,子丑,滿
2022-05-19,壬,寅,乙,巳,壬,申,平,壬申,,北,寅卯戌亥,門,False,True,True,False,大禍,False,False,False,西南,出遊(吉),大土(凶),,False,子丑,平
2022-05-20,壬,寅,乙,巳,癸,酉,定,癸酉,,北,寅卯戌亥,門,False,False,False,True,,False,False,False,西南,出遊(吉),大土(凶),中吉,False,子丑,定
2022-05-21,壬,寅,乙,巳,甲,戌,執,甲戌,,北,寅卯戌亥,門,False,False,False,False,,False,False,False,西南,出遊(吉),大土(凶),,False,戌亥,執
2022-05-22,壬,寅,乙,巳,乙,亥,破,乙亥,,北,寅卯戌亥,門,False,False,False,False,,False,False,False,西南,出遊(吉),大土(凶),,True,戌亥,破
2022-05-23,壬,寅,乙,巳,丙,子,危,丙子,,北,寅卯戌亥,門,False,True,False,False,,False,False,False,西南,出遊(吉),大土(凶),,False,戌亥,危
2022-05-24,壬,寅,乙,巳,丁,丑,成,丁丑,,北,寅卯戌亥,門,False,False,False,False,,False,False,False,西,出遊(吉),,下吉,False,戌亥,成
2022-05-25,壬,寅,乙,巳,戊,寅,收,戊寅,,北,寅卯戌亥,門,False,False,False,False,滅門,False,False,False,西,出遊(吉),,下吉,False,戌亥,收
2022-05-26,壬,寅,乙,巳,己,卯,開,己卯,,北,寅卯戌亥,門,False,False,False,False,,False,False,False,西,出遊(吉),,,False,戌亥,開
2022-05-27,壬,寅,乙,巳,庚,辰,閉,庚辰,,北,寅卯戌亥,門,False,False,False,False,,False,False,False,西,出遊(吉),,下吉,False,戌亥,閉
2022-05-28,壬,寅,乙,巳,辛,巳,建,辛巳,,北,寅卯戌亥,門,False,False,False,False,,False,False,False,西,出遊(吉),,下吉,True,戌亥,建
2022-05-29,壬,寅,乙,巳,壬,午,除,壬午,,北,寅卯戌亥,門,False,True,False,False,狼藉,False,False,False,西北,出遊(吉),,上吉,False,戌亥,除
2022-05-30,壬,寅,乙,巳,癸,未,滿,癸未,,北,寅卯戌亥,門,False,False,False,False,,False,False,False,西北,出遊(吉),,下吉,False,戌亥,滿
2022-05-31,壬,寅,乙,巳,甲,申,平,甲申,十方暮,北,寅卯戌亥,門,False,False,True,False,大禍,True,False,False,西北,出遊(吉),,上吉,False,申酉,平
2022-06-01,壬,寅,乙,巳,乙,酉,定,乙酉,十方暮,北,寅卯戌亥,門,False,False,False,True,,True,False,False,西北,出遊(吉),,下吉,False,申酉,定
2022-06-02,壬,寅,乙,巳,丙,戌,執,丙戌,十方暮,北,寅卯戌亥,門,False,True,False,False,,True,False,True,西北,出遊(吉),,,False,申酉,執
2022-06-03,壬,寅,乙,巳,丁,亥,破,丁亥,十方暮,北,寅卯戌亥,門,False,False,False,False,,True,False,False,西北,出遊(吉),,,True,申酉,破
2022-06-04,壬,寅,乙,巳,戊,子,危,戊子,十方暮,北,寅卯戌亥,門,False,False,False,False,,True,False,False,北,出遊(吉),,,False,申酉,危
2022-06-05,壬,寅,乙,巳,己,丑,成,己丑,十方暮,北,寅卯戌亥,門,False,False,False,False,,True,False,False,北,出遊(吉),,,False,申酉,成
2022-06-06,壬,寅,丙,午,庚,寅,成,庚寅,十方暮,北,寅卯戌亥,門,False,False,False,False,,True,False,False,北,出遊(吉),,上吉,False,申酉,成
2022-06-07,壬,寅,丙,午,辛,卯,收,辛卯,十方暮,北,寅卯戌亥,門,False,False,True,False,大禍,True,False,False,北,出遊(吉),,,False,申酉,收
2022-06-08,壬,寅,丙,午,壬,辰,開,壬辰,十方暮,北,寅卯戌亥,門,False,False,False,False,,True,False,True,北,出遊(吉),,,False,申酉,開
2022-06-09,壬,寅,丙,午,癸,巳,閉,癸巳,天一天上,北,寅卯戌亥,門,False,True,False,False,,True,False,False,天一天上,北宮(凶),,下吉,True,申酉,閉
2022-06-10,壬,寅,丙,午,甲,午,建,甲午,天一天上,北,寅卯戌亥,門,True,False,False,False,,False,False,False,天一天上,北宮(凶),,,False,午未,建
2022-06-11,壬,寅,丙,午,乙,未,除,乙未,天一天上,北,寅卯戌亥,門,False,False,False,False,,False,False,True,天一天上,北宮(凶),,,False,午未,除
2022-06-12,壬,寅,丙,午,丙,申,滿,丙申,天一天上,北,寅卯戌亥,門,False,False,False,False,,False,False,False,天一天上,北宮(凶),,,False,午未,滿
2022-06-13,壬,寅,丙,午,丁,酉,平,丁酉,天一天上,北,寅卯戌亥,門,False,True,False,False,滅門,False,False,False,天一天上,北宮(凶),,上吉,False,午未,平
2022-06-14,壬,寅,丙,午,戊,戌,定,戊戌,天一天上,北,寅卯戌亥,門,False,False,False,False,,False,False,False,天一天上,南宮(凶),,,False,午未,定
2022-06-15,壬,寅,丙,午,己,亥,執,己亥,天一天上,北,寅卯戌亥,門,False,False,False,False,,False,False,False,天一天上,南宮(凶),,,True,午未,執
2022-06-16,壬,寅,丙,午,庚,子,破,庚子,天一天上,北,寅卯戌亥,門,False,False,False,True,狼藉,False,False,False,天一天上,南宮(凶),,中吉,False,午未,破
2022-06-17,壬,寅,丙,午,辛,丑,危,辛丑,天一天上,北,寅卯戌亥,門,False,False,False,False,,False,False,True,天一天上,南宮(凶),,下吉,False,午未,危
2022-06-18,壬,寅,丙,午,壬,寅,成,壬寅,天一天上,北,寅卯戌亥,門,False,False,False,False,,False,False,False,天一天上,南宮(凶),,中吉,False,午未,成
2022-06-19,壬,寅,丙,午,癸,卯,收,癸卯,天一天上,北,寅卯戌亥,門,False,True,True,False,大禍,False,False,False,天一天上,西宮(凶),,下吉,False,午未,收
2022-06-20,壬,寅,丙,午,甲,辰,開,甲辰,天一天上,北,寅卯戌亥,門,False,False,False,False,,False,False,False,天一天上,東宮(凶),,中吉,False,辰巳,開
2022-06-21,壬,寅,丙,午,乙,巳,閉,乙巳,天一天上,北,寅卯戌亥,門,False,False,False,False,,False,False,False,天一天上,東宮(凶),,,True,辰巳,閉
2022-06-22,壬,寅,丙,午,丙,午,建,丙午,天一天上,北,寅卯戌亥,門,False,False,False,False,,False,False,False,天一天上,東宮(凶),,下吉,False,辰巳,建
2022-06-23,壬,寅,丙,午,丁,未,除,丁未,天一天上,北,寅卯戌亥,門,False,True,False,False,,False,False,False,天一天上,東宮(凶),,下吉,False,辰巳,除
2022-06-24,壬,寅,丙,午,戊,申,滿,戊申,天一天上,北,寅卯戌亥,門,False,False,False,False,,False,False,False,天一天上,東宮(凶),小土(凶),下吉,False,辰巳,滿
2022-06-25,壬,寅,丙,午,己,酉,平,己酉,,北,寅卯戌亥,門,False,False,False,False,滅門,False,False,False,東北,出遊(吉),小土(凶),上吉,False,辰巳,平
2022-06-26,壬,寅,丙,午,庚,戌,定,庚戌,,北,寅卯戌亥,門,False,False,False,False,,False,False,False,東北,出遊(吉),小土(凶),,False,辰巳,定
2022-06-27,壬,寅,丙,午,辛,亥,執,辛亥,,北,寅卯戌亥,門,False,False,False,False,,False,False,False,東北,出遊(吉),小土(凶),下吉,True,辰巳,執
2022-06-28,壬,寅,丙,午,壬,子,破,壬子,八專,北,寅卯戌亥,門,False,False,False,True,狼藉,False,True,False,東北,出遊(吉),小土(凶),,False,辰巳,破
2022-06-29,壬,寅,丙,午,癸,丑,危,癸丑,八專,北,寅卯戌亥,門,False,True,False,False,,False,False,False,東北,出遊(吉),小土(凶),下吉,False,辰巳,危
2022-06-30,壬,寅,丙,午,甲,寅,成,甲寅,八專,北,寅卯戌亥,門,False,False,False,False,,False,True,False,東北,出遊(吉),小土(凶),下吉,False,寅卯,成
2022-07-01,壬,寅,丙,午,乙,卯,收,乙卯,八專,北,寅卯戌亥,門,False,False,True,False,大禍,False,True,False,東,出遊(吉),,下吉,False,寅卯,收
2022-07-02,壬,寅,丙,午,丙,辰,開,丙辰,八專,北,寅卯戌亥,門,False,False,False,False,,False,False,False,東,出遊(吉),,,False,寅卯,開
2022-07-03,壬,寅,丙,午,丁,巳,閉,丁巳,八專,北,寅卯戌亥,門,False,True,False,False,,False,True,False,東,出遊(吉),,下吉,True,寅卯,閉
2022-07-04,壬,寅,丙,午,戊,午,建,戊午,八專,北,寅卯戌亥,門,False,False,False,False,,False,True,False,東,出遊(吉),,,False,寅卯,建
2022-07-05,壬,寅,丙,午,己,未,除,己未,八專,北,寅卯戌亥,門,False,False,False,False,,False,False,False,東,出遊(吉),,下吉,False,寅卯,除
2022-07-06,壬,寅,丙,午,庚,申,滿,庚申,八專,北,寅卯戌亥,門,False,False,False,False,,False,True,False,東南,出遊(吉),,,False,寅卯,滿
2022-07-07,壬,寅,丁,未,辛,酉,滿,辛酉,八專,北,寅卯戌亥,門,False,False,True,False,,False,True,False,東南,出遊(吉),,下吉,False,寅卯,滿
2022-07-08,壬,寅,丁,未,壬,戌,平,壬戌,八專,北,寅卯戌亥,門,False,False,False,False,大禍,False,False,False,東南,出遊(吉),,,False,寅卯,平
2022-07-09,壬,寅,丁,未,癸,亥,定,癸亥,八專,北,寅卯戌亥,門,False,False,False,False,,False,True,False,東南,出遊(吉),,,True,寅卯,定
2022-07-10,壬,寅,丁,未,甲,子,執,甲子,,北,寅卯戌亥,門,False,False,False,False,,False,False,False,東南,出遊(吉),,,False,子丑,執
2022-07-11,壬,寅,丁,未,乙,丑,破,乙丑,,北,寅卯戌亥,門,False,False,False,False,,False,False,False,東南,出遊(吉),,,False,子丑,破
2022-07-12,壬,寅,丁,未,丙,寅,危,丙寅,,北,寅卯戌亥,門,False,False,False,False,,False,False,False,南,出遊(吉),,下吉,False,子丑,危
2022-07-13,壬,寅,丁,未,丁,卯,成,丁卯,,北,寅卯戌亥,門,False,False,False,True,狼藉,False,False,False,南,出遊(吉),,下吉,False,子丑,成
2022-07-14,壬,寅,丁,未,戊,辰,收,戊辰,,北,寅卯戌亥,門,False,True,False,False,滅門,False,False,True,南,出遊(吉),,,False,子丑,收
2022-07-15,壬,寅,丁,未,己,巳,開,己巳,,北,寅卯戌亥,門,False,True,False,False,,False,False,False,南,出遊(吉),,,True,子丑,開
2022-07-16,壬,寅,丁,未,庚,午,閉,庚午,,北,寅卯戌亥,門,False,False,False,False,,False,False,False,南,出遊(吉),大土(凶),下吉,False,子丑,閉
2022-07-17,壬,寅,丁,未,辛,未,建,辛未,,北,寅卯戌亥,門,False,False,False,False,,False,False,False,西南,出遊(吉),大土(凶),中吉,False,子丑,建
2022-07-18,壬,寅,丁,未,壬,申,除,壬申,,北,寅卯戌亥,門,False,False,False,False,,False,False,False,西南,出遊(吉),大土(凶),,False,子丑,除
2022-07-19,壬,寅,丁,未,癸,酉,滿,癸酉,,北,寅卯戌亥,門,False,False,True,False,,False,False,False,西南,出遊(吉),大土(凶),中吉,False,子丑,滿
2022-07-20,壬,寅,丁,未,甲,戌,平,甲戌,,北,寅卯戌亥,門,False,False,False,False,大禍,False,False,False,西南,出遊(吉),大土(凶),,False,戌亥,平
2022-07-21,壬,寅,丁,未,乙,亥,定,乙亥,,北,寅卯戌亥,門,False,False,False,False,,False,False,False,西南,出遊(吉),大土(凶),,True,戌亥,定
2022-07-22,壬,寅,丁,未,丙,子,執,丙子,,北,寅卯戌亥,門,False,False,False,False,,False,False,False,西南,出遊(吉),大土(凶),,False,戌亥,執
2022-07-23,壬,寅,丁,未,丁,丑,破,丁丑,,北,寅卯戌亥,門,False,False,False,False,,False,False,False,西,出遊(吉),,下吉,False,戌亥,破
2022-07-24,壬,寅,丁,未,戊,寅,危,戊寅,,北,寅卯戌亥,門,False,True,False,False,,False,False,False,西,出遊(吉),,下吉,False,戌亥,危
2022-07-25,壬,寅,丁,未,己,卯,成,己卯,,北,寅卯戌亥,門,False,True,False,True,狼藉,False,False,False,西,出遊(吉),,,False,戌亥,成
2022-07-26,壬,寅,丁,未,庚,辰,收,庚辰,,北,寅卯戌亥,門,False,False,False,False,滅門,False,False,False,西,出遊(吉),,下吉,False,戌亥,收
2022-07-27,壬,寅,丁,未,辛,巳,開,辛巳,,北,寅卯戌亥,門,False,False,False,False,,False,False,False,西,出遊(吉),,下吉,True,戌亥,開
2022-07-28,壬,寅,丁,未,壬,午,閉,壬午,,北,寅卯戌亥,門,False,False,False,False,,False,False,False,西北,出遊(吉),,上吉,False,戌亥,閉
2022-07-29,壬,寅,丁,未,癸,未,建,癸未,,北,寅卯戌亥,門,False,False,False,False,,False,False,False,西北,出遊(吉),,下吉,False,戌亥,建
2022-07-30,壬,寅,丁,未,甲,申,除,甲申,十方暮,北,寅卯戌亥,門,False,False,False,False,,True,False,False,西北,出遊(吉),,上吉,False,申酉,除
2022-07-31,壬,寅,丁,未,乙,酉,滿,乙酉,十方暮,北,寅卯戌亥,門,False,False,True,False,,True,False,False,西北,出遊(吉),,下吉,False,申酉,滿
2022-08-01,壬,寅,丁,未,丙,戌,平,丙戌,十方暮,北,寅卯戌亥,門,False,False,False,False,大禍,True,False,True,西北,出遊(吉),,,False,申酉,平
2022-08-02,壬,寅,丁,未,丁,亥,定,丁亥,十方暮,北,寅卯戌亥,門,False,False,False,False,,True,False,False,西北,出遊(吉),,,True,申酉,定
2022-08-03,壬,寅,丁,未,戊,子,執,戊子,十方暮,北,寅卯戌亥,門,False,True,False,False,,True,False,False,北,出遊(吉),,,False,申酉,執
2022-08-04,壬,寅,丁,未,己,丑,破,己丑,十方暮,北,寅卯戌亥,門,False,True,False,False,,True,False,False,北,出遊(吉),,,False,申酉,破
2022-08-05,壬,寅,丁,未,庚,寅,危,庚寅,十方暮,北,寅卯戌亥,門,False,False,False,False,,True,False,False,北,出遊(吉),,上吉,False,申酉,危
2022-08-06,壬,寅,丁,未,辛,卯,成,辛卯,十方暮,北,寅卯戌亥,門,False,False,False,True,狼藉,True,False,False,北,出遊(吉),,,False,申酉,成
2022-08-07,壬,寅,戊,申,壬,辰,成,壬辰,十方暮,北,寅卯戌亥,井,False,False,True,False,,True,False,True,北,出遊(吉),,,False,申酉,成
2022-08-08,壬,寅,戊,申,癸,巳,收,癸巳,天一天上,北,寅卯戌亥,井,False,False,False,False,大禍,True,False,False,天一天上,北宮(凶),,下吉,True,申酉,收
2022-08-09,壬,寅,戊,申,甲,午,開,甲午,天一天上,北,寅卯戌亥,井,False,True,False,True,,False,False,False,天一天上,北宮(凶),,,False,午未,開
2022-08-10,壬,寅,戊,申,乙,未,閉,乙未,天一天上,北,寅卯戌亥,井,False,False,False,False,,False,False,True,天一天上,北宮(凶),,,False,午未,閉
2022-08-11,壬,寅,戊,申,丙,申,建,丙申,天一天上,北,寅卯戌亥,井,False,False,False,False,,False,False,False,天一天上,北宮(凶),,,False,午未,建
2022-08-12,壬,寅,戊,申,丁,酉,除,丁酉,天一天上,北,寅卯戌亥,井,False,False,False,False,狼藉,False,False,False,天一天上,北宮(凶),,上吉,False,午未,除
2022-08-13,壬,寅,戊,申,戊,戌,滿,戊戌,天一天上,北,寅卯戌亥,井,False,False,False,False,,False,False,False,天一天上,南宮(凶),,,False,午未,滿
2022-08-14,壬,寅,戊,申,己,亥,平,己亥,天一天上,北,寅卯戌亥,井,False,False,False,False,滅門,False,False,False,天一天上,南宮(凶),,,True,午未,平
2022-08-15,壬,寅,戊,申,庚,子,定,庚子,天一天上,北,寅卯戌亥,井,False,True,False,False,,False,False,False,天一天上,南宮(凶),,中吉,False,午未,定
2022-08-16,壬,寅,戊,申,辛,丑,執,辛丑,天一天上,北,寅卯戌亥,井,False,False,False,False,,False,False,True,天一天上,南宮(凶),,下吉,False,午未,執
2022-08-17,壬,寅,戊,申,壬,寅,破,壬寅,天一天上,北,寅卯戌亥,井,False,False,False,False,,False,False,False,天一天上,南宮(凶),,中吉,False,午未,破
2022-08-18,壬,寅,戊,申,癸,卯,危,癸卯,天一天上,北,寅卯戌亥,井,False,False,False,False,,False,False,False,天一天上,西宮(凶),,下吉,False,午未,危
2022-08-19,壬,寅,戊,申,甲,辰,成,甲辰,天一天上,北,寅卯戌亥,井,False,True,True,False,,False,False,False,天一天上,東宮(凶),,中吉,False,辰巳,成
2022-08-20,壬,寅,戊,申,乙,巳,收,乙巳,天一天上,北,寅卯戌亥,井,False,False,False,False,大禍,False,False,False,天一天上,東宮(凶),,,True,辰巳,收
2022-08-21,壬,寅,戊,申,丙,午,開,丙午,天一天上,北,寅卯戌亥,井,False,False,False,True,,False,False,False,天一天上,東宮(凶),,下吉,False,辰巳,開
2022-08-22,壬,寅,戊,申,丁,未,閉,丁未,天一天上,北,寅卯戌亥,井,False,False,False,False,,False,False,False,天一天上,東宮(凶),,下吉,False,辰巳,閉
2022-08-23,壬,寅,戊,申,戊,申,建,戊申,天一天上,北,寅卯戌亥,井,True,False,False,False,,False,False,False,天一天上,東宮(凶),小土(凶),下吉,False,辰巳,建
2022-08-24,壬,寅,戊,申,己,酉,除,己酉,,北,寅卯戌亥,井,False,False,False,False,狼藉,False,False,False,東北,出遊(吉),小土(凶),上吉,False,辰巳,除
2022-08-25,壬,寅,戊,申,庚,戌,滿,庚戌,,北,寅卯戌亥,井,False,True,False,False,,False,False,False,東北,出遊(吉),小土(凶),,False,辰巳,滿
2022-08-26,壬,寅,戊,申,辛,亥,平,辛亥,,北,寅卯戌亥,井,False,False,False,False,滅門,False,False,False,東北,出遊(吉),小土(凶),下吉,True,辰巳,平
2022-08-27,壬,寅,戊,申,壬,子,定,壬子,八專,北,寅卯戌亥,井,False,False,False,False,,False,True,False,東北,出遊(吉),小土(凶),,False,辰巳,定
2022-08-28,壬,寅,戊,申,癸,丑,執,癸丑,八專,北,寅卯戌亥,井,False,False,False,False,,False,False,False,東北,出遊(吉),小土(凶),下吉,False,辰巳,執
2022-08-29,壬,寅,戊,申,甲,寅,破,甲寅,八專,北,寅卯戌亥,井,False,True,False,False,,False,True,False,東北,出遊(吉),小土(凶),下吉,False,寅卯,破
2022-08-30,壬,寅,戊,申,乙,卯,危,乙卯,八專,北,寅卯戌亥,井,False,False,False,False,,False,True,False,東,出遊(吉),,下吉,False,寅卯,危
2022-08-31,壬,寅,戊,申,丙,辰,成,丙辰,八專,北,寅卯戌亥,井,False,False,True,False,,False,False,False,東,出遊(吉),,,False,寅卯,成
2022-09-01,壬,寅,戊,申,丁,巳,收,丁巳,八專,北,寅卯戌亥,井,False,False,False,False,大禍,False,True,False,東,出遊(吉),,下吉,True,寅卯,收
2022-09-02,壬,寅,戊,申,戊,午,開,戊午,八專,北,寅卯戌亥,井,False,False,False,True,,False,True,False,東,出遊(吉),,,False,寅卯,開
2022-09-03,壬,寅,戊,申,己,未,閉,己未,八專,北,寅卯戌亥,井,False,False,False,False,,False,False,False,東,出遊(吉),,下吉,False,寅卯,閉
2022-09-04,壬,寅,戊,申,庚,申,建,庚申,八專,北,寅卯戌亥,井,False,True,False,False,,False,True,False,東南,出遊(吉),,,False,寅卯,建
2022-09-05,壬,寅,戊,申,辛,酉,除,辛酉,八專,北,寅卯戌亥,井,False,False,False,False,狼藉,False,True,False,東南,出遊(吉),,下吉,False,寅卯,除
2022-09-06,壬,寅,戊,申,壬,戌,滿,壬戌,八專,北,寅卯戌亥,井,False,False,False,False,,False,False,False,東南,出遊(吉),,,False,寅卯,滿
2022-09-07,壬,寅,己,酉,癸,亥,滿,癸亥,八專,北,寅卯戌亥,井,False,False,False,False,,False,True,False,東南,出遊(吉),,,True,寅卯,滿
2022-09-08,壬,寅,己,酉,甲,子,平,甲子,,北,寅卯戌亥,井,False,False,False,False,大禍,False,False,False,東南,出遊(吉),,,False,子丑,平
2022-09-09,壬,寅,己,酉,乙,丑,定,乙丑,,北,寅卯戌亥,井,False,True,False,False,,False,False,False,東南,出遊(吉),,,False,子丑,定
2022-09-10,壬,寅,己,酉,丙,寅,執,丙寅,,北,寅卯戌亥,井,False,False,False,False,,False,False,False,南,出遊(吉),,下吉,False,子丑,執
2022-09-11,壬,寅,己,酉,丁,卯,破,丁卯,,北,寅卯戌亥,井,False,False,False,False,,False,False,False,南,出遊(吉),,下吉,False,子丑,破
2022-09-12,壬,寅,己,酉,戊,辰,危,戊辰,,北,寅卯戌亥,井,False,False,False,False,,False,False,True,南,出遊(吉),,,False,子丑,危
2022-09-13,壬,寅,己,酉,己,巳,成,己巳,,北,寅卯戌亥,井,False,False,False,False,,False,False,False,南,出遊(吉),,,True,子丑,成
2022-09-14,壬,寅,己,酉,庚,午,收,庚午,,北,寅卯戌亥,井,False,False,False,False,滅門,False,False,False,南,出遊(吉),大土(凶),下吉,False,子丑,收
2022-09-15,壬,寅,己,酉,辛,未,開,辛未,,北,寅卯戌亥,井,False,True,False,False,,False,False,False,西南,出遊(吉),大土(凶),中吉,False,子丑,開
2022-09-16,壬,寅,己,酉,壬,申,閉,壬申,,北,寅卯戌亥,井,False,False,False,False,,False,False,False,西南,出遊(吉),大土(凶),,False,子丑,閉
2022-09-17,壬,寅,己,酉,癸,酉,建,癸酉,,北,寅卯戌亥,井,False,False,False,True,狼藉,False,False,False,西南,出遊(吉),大土(凶),中吉,False,子丑,建
2022-09-18,壬,寅,己,酉,甲,戌,除,甲戌,,北,寅卯戌亥,井,False,False,True,False,,False,False,False,西南,出遊(吉),大土(凶),,False,戌亥,除
2022-09-19,壬,寅,己,酉,乙,亥,滿,乙亥,,北,寅卯戌亥,井,False,True,False,False,,False,False,False,西南,出遊(吉),大土(凶),,True,戌亥,滿
2022-09-20,壬,寅,己,酉,丙,子,平,丙子,,北,寅卯戌亥,井,False,False,False,False,大禍,False,False,False,西南,出遊(吉),大土(凶),,False,戌亥,平
2022-09-21,壬,寅,己,酉,丁,丑,定,丁丑,,北,寅卯戌亥,井,False,False,False,False,,False,False,False,西,出遊(吉),,下吉,False,戌亥,定
2022-09-22,壬,寅,己,酉,戊,寅,執,戊寅,,北,寅卯戌亥,井,False,False,False,False,,False,False,False,西,出遊(吉),,下吉,False,戌亥,執
2022-09-23,壬,寅,己,酉,己,卯,破,己卯,,北,寅卯戌亥,井,False,False,False,False,,False,False,False,西,出遊(吉),,,False,戌亥,破
2022-09-24,壬,寅,己,酉,庚,辰,危,庚辰,,北,寅卯戌亥,井,False,False,False,False,,False,False,False,西,出遊(吉),,下吉,False,戌亥,危
2022-09-25,壬,寅,己,酉,辛,巳,成,辛巳,,北,寅卯戌亥,井,False,True,False,False,,False,False,False,西,出遊(吉),,下吉,True,戌亥,成
2022-09-26,壬,寅,己,酉,壬,午,收,壬午,,北,寅卯戌亥,井,False,False,False,False,滅門,False,False,False,西北,出遊(吉),,上吉,False,戌亥,收
2022-09-27,壬,寅,己,酉,癸,未,開,癸未,,北,寅卯戌亥,井,False,False,False,False,,False,False,False,西北,出遊(吉),,下吉,False,戌亥,開
2022-09-28,壬,寅,己,酉,甲,申,閉,甲申,十方暮,北,寅卯戌亥,井,False,False,False,False,,True,False,False,西北,出遊(吉),,上吉,False,申酉,閉
2022-09-29,壬,寅,己,酉,乙,酉,建,乙酉,十方暮,北,寅卯戌亥,井,False,True,False,True,狼藉,True,False,False,西北,出遊(吉),,下吉,False,申酉,建
2022-09-30,壬,寅,己,酉,丙,戌,除,丙戌,十方暮,北,寅卯戌亥,井,False,False,True,False,,True,False,True,西北,出遊(吉),,,False,申酉,除
2022-10-01,壬,寅,己,酉,丁,亥,滿,丁亥,十方暮,北,寅卯戌亥,井,False,False,False,False,,True,False,False,西北,出遊(吉),,,True,申酉,滿
2022-10-02,壬,寅,己,酉,戊,子,平,戊子,十方暮,北,寅卯戌亥,井,False,False,False,False,大禍,True,False,False,北,出遊(吉),,,False,申酉,平
2022-10-03,壬,寅,己,酉,己,丑,定,己丑,十方暮,北,寅卯戌亥,井,False,False,False,False,,True,False,False,北,出遊(吉),,,False,申酉,定
2022-10-04,壬,寅,己,酉,庚,寅,執,庚寅,十方暮,北,寅卯戌亥,井,False,False,False,False,,True,False,False,北,出遊(吉),,上吉,False,申酉,執
2022-10-05,壬,寅,己,酉,辛,卯,破,辛卯,十方暮,北,寅卯戌亥,井,False,True,False,False,,True,False,False,北,出遊(吉),,,False,申酉,破
2022-10-06,壬,寅,己,酉,壬,辰,危,壬辰,十方暮,北,寅卯戌亥,井,False,False,False,False,,True,False,True,北,出遊(吉),,,False,申酉,危
2022-10-07,壬,寅,己,酉,癸,巳,成,癸巳,天一天上,北,寅卯戌亥,井,False,False,False,False,,True,False,False,天一天上,北宮(凶),,下吉,True,申酉,成
2022-10-08,壬,寅,庚,戌,甲,午,成,甲午,天一天上,北,寅卯戌亥,井,False,False,False,False,,False,False,False,天一天上,北宮(凶),,,False,午未,成
2022-10-09,壬,寅,庚,戌,乙,未,收,乙未,天一天上,北,寅卯戌亥,井,False,False,False,False,大禍,False,False,True,天一天上,北宮(凶),,,False,午未,收
2022-10-10,壬,寅,庚,戌,丙,申,開,丙申,天一天上,北,寅卯戌亥,井,False,False,False,False,,False,False,False,天一天上,北宮(凶),,,False,午未,開
2022-10-11,壬,寅,庚,戌,丁,酉,閉,丁酉,天一天上,北,寅卯戌亥,井,False,False,False,False,,False,False,False,天一天上,北宮(凶),,上吉,False,午未,閉
2022-10-12,壬,寅,庚,戌,戊,戌,建,戊戌,天一天上,北,寅卯戌亥,井,False,True,False,False,,False,False,False,天一天上,南宮(凶),,,False,午未,建
2022-10-13,壬,寅,庚,戌,己,亥,除,己亥,天一天上,北,寅卯戌亥,井,False,True,False,False,,False,False,False,天一天上,南宮(凶),,,True,午未,除
2022-10-14,壬,寅,庚,戌,庚,子,滿,庚子,天一天上,北,寅卯戌亥,井,False,False,False,True,,False,False,False,天一天上,南宮(凶),,中吉,False,午未,滿
2022-10-15,壬,寅,庚,戌,辛,丑,平,辛丑,天一天上,北,寅卯戌亥,井,False,False,False,False,滅門,False,False,True,天一天上,南宮(凶),,下吉,False,午未,平
2022-10-16,壬,寅,庚,戌,壬,寅,定,壬寅,天一天上,北,寅卯戌亥,井,False,False,False,False,,False,False,False,天一天上,南宮(凶),,中吉,False,午未,定
2022-10-17,壬,寅,庚,戌,癸,卯,執,癸卯,天一天上,北,寅卯戌亥,井,False,False,False,False,狼藉,False,False,False,天一天上,西宮(凶),,下吉,False,午未,執
2022-10-18,壬,寅,庚,戌,甲,辰,破,甲辰,天一天上,北,寅卯戌亥,井,False,False,False,False,,False,False,False,天一天上,東宮(凶),,中吉,False,辰巳,破
2022-10-19,壬,寅,庚,戌,乙,巳,危,乙巳,天一天上,北,寅卯戌亥,井,False,False,True,False,,False,False,False,天一天上,東宮(凶),,,True,辰巳,危
2022-10-20,壬,寅,庚,戌,丙,午,成,丙午,天一天上,北,寅卯戌亥,井,False,False,False,False,,False,False,False,天一天上,東宮(凶),,下吉,False,辰巳,成
2022-10-21,壬,寅,庚,戌,丁,未,收,丁未,天一天上,北,寅卯戌亥,井,False,False,False,False,大禍,False,False,False,天一天上,東宮(凶),,下吉,False,辰巳,收
2022-10-22,壬,寅,庚,戌,戊,申,開,戊申,天一天上,北,寅卯戌亥,井,True,True,False,False,,False,False,False,天一天上,東宮(凶),小土(凶),下吉,False,辰巳,開
2022-10-23,壬,寅,庚,戌,己,酉,閉,己酉,,北,寅卯戌亥,井,False,True,False,False,,False,False,False,東北,出遊(吉),小土(凶),上吉,False,辰巳,閉
2022-10-24,壬,寅,庚,戌,庚,戌,建,庚戌,,北,寅卯戌亥,井,False,False,False,False,,False,False,False,東北,出遊(吉),小土(凶),,False,辰巳,建
2022-10-25,壬,寅,庚,戌,辛,亥,除,辛亥,,北,寅卯戌亥,井,False,False,False,False,,False,False,False,東北,出遊(吉),小土(凶),下吉,True,辰巳,除
2022-10-26,壬,寅,庚,戌,壬,子,滿,壬子,八專,北,寅卯戌亥,井,False,False,False,True,,False,True,False,東北,出遊(吉),小土(凶),,False,辰巳,滿
2022-10-27,壬,寅,庚,戌,癸,丑,平,癸丑,八專,北,寅卯戌亥,井,False,False,False,False,滅門,False,False,False,東北,出遊(吉),小土(凶),下吉,False,辰巳,平
2022-10-28,壬,寅,庚,戌,甲,寅,定,甲寅,八專,北,寅卯戌亥,井,False,False,False,False,,False,True,False,東北,出遊(吉),小土(凶),下吉,False,寅卯,定
2022-10-29,壬,寅,庚,戌,乙,卯,執,乙卯,八專,北,寅卯戌亥,井,False,False,False,False,狼藉,False,True,False,東,出遊(吉),,下吉,False,寅卯,執
2022-10-30,壬,寅,庚,戌,丙,辰,破,丙辰,八專,北,寅卯戌亥,井,False,False,False,False,,False,False,False,東,出遊(吉),,,False,寅卯,破
2022-10-31,壬,寅,庚,戌,丁,巳,危,丁巳,八專,北,寅卯戌亥,井,False,False,True,False,,False,True,False,東,出遊(吉),,下吉,True,寅卯,危
2022-11-01,壬,寅,庚,戌,戊,午,成,戊午,八專,北,寅卯戌亥,井,False,True,False,False,,False,True,False,東,出遊(吉),,,False,寅卯,成
2022-11-02,壬,寅,庚,戌,己,未,收,己未,八專,北,寅卯戌亥,井,False,True,False,False,大禍,False,False,False,東,出遊(吉),,下吉,False,寅卯,收
2022-11-03,壬,寅,庚,戌,庚,申,開,庚申,八專,北,寅卯戌亥,井,False,False,False,False,,False,True,False,東南,出遊(吉),,,False,寅卯,開
2022-11-04,壬,寅,庚,戌,辛,酉,閉,辛酉,八專,北,寅卯戌亥,井,False,False,False,False,,False,True,False,東南,出遊(吉),,下吉,False,寅卯,閉
2022-11-05,壬,寅,庚,戌,壬,戌,建,壬戌,八專,北,寅卯戌亥,井,False,False,False,False,,False,False,False,東南,出遊(吉),,,False,寅卯,建
2022-11-06,壬,寅,庚,戌,癸,亥,除,癸亥,八專,北,寅卯戌亥,井,False,False,False,False,,False,True,False,東南,出遊(吉),,,True,寅卯,除
2022-11-07,壬,寅,辛,亥,甲,子,除,甲子,,北,寅卯戌亥,庭,True,False,False,False,,False,False,False,東南,出遊(吉),,,False,子丑,除
2022-11-08,壬,寅,辛,亥,乙,丑,滿,乙丑,,北,寅卯戌亥,庭,False,False,False,False,,False,False,False,東南,出遊(吉),,,False,子丑,滿
2022-11-09,壬,寅,辛,亥,丙,寅,平,丙寅,,北,寅卯戌亥,庭,False,True,False,False,大禍,False,False,False,南,出遊(吉),,下吉,False,子丑,平
2022-11-10,壬,寅,辛,亥,丁,卯,定,丁卯,,北,寅卯戌亥,庭,False,False,False,True,狼藉,False,False,False,南,出遊(吉),,下吉,False,子丑,定
2022-11-11,壬,寅,辛,亥,戊,辰,執,戊辰,,北,寅卯戌亥,庭,False,False,False,False,,False,False,True,南,出遊(吉),,,False,子丑,執
2022-11-12,壬,寅,辛,亥,己,巳,破,己巳,,北,寅卯戌亥,庭,False,False,False,False,,False,False,False,南,出遊(吉),,,True,子丑,破
2022-11-13,壬,寅,辛,亥,庚,午,危,庚午,,北,寅卯戌亥,庭,False,False,False,False,,False,False,False,南,出遊(吉),大土(凶),下吉,False,子丑,危
2022-11-14,壬,寅,辛,亥,辛,未,成,辛未,,北,寅卯戌亥,庭,False,False,False,False,,False,False,False,西南,出遊(吉),大土(凶),中吉,False,子丑,成
2022-11-15,壬,寅,辛,亥,壬,申,收,壬申,,北,寅卯戌亥,庭,False,True,False,False,滅門,False,False,False,西南,出遊(吉),大土(凶),,False,子丑,收
2022-11-16,壬,寅,辛,亥,癸,酉,開,癸酉,,北,寅卯戌亥,庭,False,False,False,False,,False,False,False,西南,出遊(吉),大土(凶),中吉,False,子丑,開
2022-11-17,壬,寅,辛,亥,甲,戌,閉,甲戌,,北,寅卯戌亥,庭,False,False,False,False,,False,False,False,西南,出遊(吉),大土(凶),,False,戌亥,閉
2022-11-18,壬,寅,辛,亥,乙,亥,建,乙亥,,北,寅卯戌亥,庭,False,False,True,False,,False,False,False,西南,出遊(吉),大土(凶),,True,戌亥,建
2022-11-19,壬,寅,辛,亥,丙,子,除,丙子,,北,寅卯戌亥,庭,False,True,False,False,,False,False,False,西南,出遊(吉),大土(凶),,False,戌亥,除
2022-11-20,壬,寅,辛,亥,丁,丑,滿,丁丑,,北,寅卯戌亥,庭,False,False,False,False,,False,False,False,西,出遊(吉),,下吉,False,戌亥,滿
2022-11-21,壬,寅,辛,亥,戊,寅,平,戊寅,,北,寅卯戌亥,庭,False,False,False,False,大禍,False,False,False,西,出遊(吉),,下吉,False,戌亥,平
2022-11-22,壬,寅,辛,亥,己,卯,定,己卯,,北,寅卯戌亥,庭,False,False,False,True,狼藉,False,False,False,西,出遊(吉),,,False,戌亥,定
2022-11-23,壬,寅,辛,亥,庚,辰,執,庚辰,,北,寅卯戌亥,庭,False,False,False,False,,False,False,False,西,出遊(吉),,下吉,False,戌亥,執
2022-11-24,壬,寅,辛,亥,辛,巳,破,辛巳,,北,寅卯戌亥,庭,False,False,False,False,,False,False,False,西,出遊(吉),,下吉,True,戌亥,破
2022-11-25,壬,寅,辛,亥,壬,午,危,壬午,,北,寅卯戌亥,庭,False,True,False,False,,False,False,False,西北,出遊(吉),,上吉,False,戌亥,危
2022-11-26,壬,寅,辛,亥,癸,未,成,癸未,,北,寅卯戌亥,庭,False,False,False,False,,False,False,False,西北,出遊(吉),,下吉,False,戌亥,成
2022-11-27,壬,寅,辛,亥,甲,申,收,甲申,十方暮,北,寅卯戌亥,庭,False,False,False,False,滅門,True,False,False,西北,出遊(吉),,上吉,False,申酉,收
2022-11-28,壬,寅,辛,亥,乙,酉,開,乙酉,十方暮,北,寅卯戌亥,庭,False,False,False,False,,True,False,False,西北,出遊(吉),,下吉,False,申酉,開
2022-11-29,壬,寅,辛,亥,丙,戌,閉,丙戌,十方暮,北,寅卯戌亥,庭,False,True,False,False,,True,False,True,西北,出遊(吉),,,False,申酉,閉
2022-11-30,壬,寅,辛,亥,丁,亥,建,丁亥,十方暮,北,寅卯戌亥,庭,False,False,True,False,,True,False,False,西北,出遊(吉),,,True,申酉,建
2022-12-01,壬,寅,辛,亥,戊,子,除,戊子,十方暮,北,寅卯戌亥,庭,False,False,False,False,,True,False,False,北,出遊(吉),,,False,申酉,除
2022-12-02,壬,寅,辛,亥,己,丑,滿,己丑,十方暮,北,寅卯戌亥,庭,False,False,False,False,,True,False,False,北,出遊(吉),,,False,申酉,滿
2022-12-03,壬,寅,辛,亥,庚,寅,平,庚寅,十方暮,北,寅卯戌亥,庭,False,False,False,False,大禍,True,False,False,北,出遊(吉),,上吉,False,申酉,平
2022-12-04,壬,寅,辛,亥,辛,卯,定,辛卯,十方暮,北,寅卯戌亥,庭,False,False,False,True,狼藉,True,False,False,北,出遊(吉),,,False,申酉,定
2022-12-05,壬,寅,辛,亥,壬,辰,執,壬辰,十方暮,北,寅卯戌亥,庭,False,True,False,False,,True,False,True,北,出遊(吉),,,False,申酉,執
2022-12-06,壬,寅,辛,亥,癸,巳,破,癸巳,天一天上,北,寅卯戌亥,庭,False,False,False,False,,True,False,False,天一天上,北宮(凶),,下吉,True,申酉,破
2022-12-07,壬,寅,壬,子,甲,午,破,甲午,天一天上,北,寅卯戌亥,庭,False,False,True,True,狼藉,False,False,False,天一天上,北宮(凶),,,False,午未,破
2022-12-08,壬,寅,壬,子,乙,未,危,乙未,天一天上,北,寅卯戌亥,庭,False,False,False,False,,False,False,True,天一天上,北宮(凶),,,False,午未,危
2022-12-09,壬,寅,壬,子,丙,申,成,丙申,天一天上,北,寅卯戌亥,庭,False,False,False,False,,False,False,False,天一天上,北宮(凶),,,False,午未,成
2022-12-10,壬,寅,壬,子,丁,酉,收,丁酉,天一天上,北,寅卯戌亥,庭,False,True,False,False,大禍,False,False,False,天一天上,北宮(凶),,上吉,False,午未,收
2022-12-11,壬,寅,壬,子,戊,戌,開,戊戌,天一天上,北,寅卯戌亥,庭,False,False,False,False,,False,False,False,天一天上,南宮(凶),,,False,午未,開
2022-12-12,壬,寅,壬,子,己,亥,閉,己亥,天一天上,北,寅卯戌亥,庭,False,False,False,False,,False,False,False,天一天上,南宮(凶),,,True,午未,閉
2022-12-13,壬,寅,壬,子,庚,子,建,庚子,天一天上,北,寅卯戌亥,庭,False,False,False,False,,False,False,False,天一天上,南宮(凶),,中吉,False,午未,建
2022-12-14,壬,寅,壬,子,辛,丑,除,辛丑,天一天上,北,寅卯戌亥,庭,False,False,False,False,,False,False,True,天一天上,南宮(凶),,下吉,False,午未,除
2022-12-15,壬,寅,壬,子,壬,寅,滿,壬寅,天一天上,北,寅卯戌亥,庭,False,False,False,False,,False,False,False,天一天上,南宮(凶),,中吉,False,午未,滿
2022-12-16,壬,寅,壬,子,癸,卯,平,癸卯,天一天上,北,寅卯戌亥,庭,False,True,False,False,滅門,False,False,False,天一天上,西宮(凶),,下吉,False,午未,平
2022-12-17,壬,寅,壬,子,甲,辰,定,甲辰,天一天上,北,寅卯戌亥,庭,False,False,False,False,,False,False,False,天一天上,東宮(凶),,中吉,False,辰巳,定
2022-12-18,壬,寅,壬,子,乙,巳,執,乙巳,天一天上,北,寅卯戌亥,庭,False,False,False,False,,False,False,False,天一天上,東宮(凶),,,True,辰巳,執
2022-12-19,壬,寅,壬,子,丙,午,破,丙午,天一天上,北,寅卯戌亥,庭,False,False,True,True,狼藉,False,False,False,天一天上,東宮(凶),,下吉,False,辰巳,破
2022-12-20,壬,寅,壬,子,丁,未,危,丁未,天一天上,北,寅卯戌亥,庭,False,True,False,False,,False,False,False,天一天上,東宮(凶),,下吉,False,辰巳,危
2022-12-21,壬,寅,壬,子,戊,申,成,戊申,天一天上,北,寅卯戌亥,庭,False,False,False,False,,False,False,False,天一天上,東宮(凶),小土(凶),下吉,False,辰巳,成
2022-12-22,壬,寅,壬,子,己,酉,收,己酉,,北,寅卯戌亥,庭,False,False,False,False,大禍,False,False,False,東北,出遊(吉),小土(凶),上吉,False,辰巳,收
2022-12-23,壬,寅,壬,子,庚,戌,開,庚戌,,北,寅卯戌亥,庭,False,False,False,False,,False,False,False,東北,出遊(吉),小土(凶),,False,辰巳,開
2022-12-24,壬,寅,壬,子,辛,亥,閉,辛亥,,北,寅卯戌亥,庭,False,False,False,False,,False,False,False,東北,出遊(吉),小土(凶),下吉,True,辰巳,閉
2022-12-25,壬,寅,壬,子,壬,子,建,壬子,八專,北,寅卯戌亥,庭,False,False,False,False,,False,True,False,東北,出遊(吉),小土(凶),,False,辰巳,建
2022-12-26,壬,寅,壬,子,癸,丑,除,癸丑,八專,北,寅卯戌亥,庭,False,True,False,False,,False,False,False,東北,出遊(吉),小土(凶),下吉,False,辰巳,除
2022-12-27,壬,寅,壬,子,甲,寅,滿,甲寅,八專,北,寅卯戌亥,庭,False,False,False,False,,False,True,False,東北,出遊(吉),小土(凶),下吉,False,寅卯,滿
2022-12-28,壬,寅,壬,子,乙,卯,平,乙卯,八專,北,寅卯戌亥,庭,False,False,False,False,滅門,False,True,False,東,出遊(吉),,下吉,False,寅卯,平
2022-12-29,壬,寅,壬,子,丙,辰,定,丙辰,八專,北,寅卯戌亥,庭,False,False,False,False,,False,False,False,東,出遊(吉),,,False,寅卯,定
2022-12-30,壬,寅,壬,子,丁,巳,執,丁巳,八專,北,寅卯戌亥,庭,False,True,False,False,,False,True,False,東,出遊(吉),,下吉,True,寅卯,執
2022-12-31,壬,寅,壬,子,戊,午,破,戊午,八專,北,寅卯戌亥,庭,False,False,True,True,狼藉,False,True,False,東,出遊(吉),,,False,寅卯,破
2023-01-01,壬,寅,壬,子,己,未,危,己未,八專,北,寅卯戌亥,庭,False,False,False,False,,False,False,False,東,出遊(吉),,下吉,False,寅卯,危
2023-01-02,壬,寅,壬,子,庚,申,成,庚申,八專,北,寅卯戌亥,庭,False,False,False,False,,False,True,False,東南,出遊(吉),,,False,寅卯,成
2023-01-03,壬,寅,壬,子,辛,酉,收,辛酉,八專,北,寅卯戌亥,庭,False,False,False,False,大禍,False,True,False,東南,出遊(吉),,下吉,False,寅卯,收
2023-01-04,壬,寅,壬,子,壬,戌,開,壬戌,八專,北,寅卯戌亥,庭,False,False,False,False,,False,False,False,東南,出遊(吉),,,False,寅卯,開
2023-01-05,壬,寅,癸,丑,癸,亥,開,癸亥,八專,北,寅卯戌亥,庭,False,False,False,False,,False,True,False,東南,出遊(吉),,,True,寅卯,開
2023-01-06,壬,寅,癸,丑,甲,子,閉,甲子,,北,寅卯戌亥,庭,True,False,True,False,,False,False,False,東南,出遊(吉),,,False,子丑,閉
2023-01-07,壬,寅,癸,丑,乙,丑,建,乙丑,,北,寅卯戌亥,庭,False,False,False,False,,False,False,False,東南,出遊(吉),,,False,子丑,建
2023-01-08,壬,寅,癸,丑,丙,寅,除,丙寅,,北,寅卯戌亥,庭,False,False,False,False,,False,False,False,南,出遊(吉),,下吉,False,子丑,除
2023-01-09,壬,寅,癸,丑,丁,卯,滿,丁卯,,北,寅卯戌亥,庭,False,False,False,False,,False,False,False,南,出遊(吉),,下吉,False,子丑,滿
2023-01-10,壬,寅,癸,丑,戊,辰,平,戊辰,,北,寅卯戌亥,庭,False,True,False,False,大禍,False,False,True,南,出遊(吉),,,False,子丑,平
2023-01-11,壬,寅,癸,丑,己,巳,定,己巳,,北,寅卯戌亥,庭,False,True,False,False,,False,False,False,南,出遊(吉),,,True,子丑,定
2023-01-12,壬,寅,癸,丑,庚,午,執,庚午,,北,寅卯戌亥,庭,False,False,False,False,,False,False,False,南,出遊(吉),大土(凶),下吉,False,子丑,執
2023-01-13,壬,寅,癸,丑,辛,未,破,辛未,,北,寅卯戌亥,庭,False,False,False,False,,False,False,False,西南,出遊(吉),大土(凶),中吉,False,子丑,破
2023-01-14,壬,寅,癸,丑,壬,申,危,壬申,,北,寅卯戌亥,庭,False,False,False,False,,False,False,False,西南,出遊(吉),大土(凶),,False,子丑,危
2023-01-15,壬,寅,癸,丑,癸,酉,成,癸酉,,北,寅卯戌亥,庭,False,False,False,True,狼藉,False,False,False,西南,出遊(吉),大土(凶),中吉,False,子丑,成
2023-01-16,壬,寅,癸,丑,甲,戌,收,甲戌,,北,寅卯戌亥,庭,False,False,False,False,滅門,False,False,False,西南,出遊(吉),大土(凶),,False,戌亥,收
2023-01-17,壬,寅,癸,丑,乙,亥,開,乙亥,,北,寅卯戌亥,庭,False,False,False,False,,False,False,False,西南,出遊(吉),大土(凶),,True,戌亥,開
2023-01-18,壬,寅,癸,丑,丙,子,閉,丙子,,北,寅卯戌亥,庭,False,False,True,False,,False,False,False,西南,出遊(吉),大土(凶),,False,戌亥,閉
2023-01-19,壬,寅,癸,丑,丁,丑,建,丁丑,,北,寅卯戌亥,庭,False,False,False,False,,False,False,False,西,出遊(吉),,下吉,False,戌亥,建
2023-01-20,壬,寅,癸,丑,戊,寅,除,戊寅,,北,寅卯戌亥,庭,False,True,False,False,,False,False,False,西,出遊(吉),,下吉,False,戌亥,除
2023-01-21,壬,寅,癸,丑,己,卯,滿,己卯,,北,寅卯戌亥,庭,False,True,False,False,,False,False,False,西,出遊(吉),,,False,戌亥,滿
2023-01-22,癸,卯,癸,丑,庚,辰,平,庚辰,,北,申酉子丑,庭,False,False,False,False,大禍,False,False,False,西,出遊(吉),,下吉,False,戌亥,平
2023-01-23,癸,卯,癸,丑,辛,巳,定,辛巳,,北,申酉子丑,庭,False,False,False,False,,False,False,False,西,出遊(吉),,下吉,True,戌亥,定
2023-01-24,癸,卯,癸,丑,壬,午,執,壬午,,北,申酉子丑,庭,False,False,False,False,,False,False,False,西北,出遊(吉),,上吉,False,戌亥,執
2023-01-25,癸,卯,癸,丑,癸,未,破,癸未,,北,申酉子丑,庭,False,False,False,False,,False,False,False,西北,出遊(吉),,下吉,False,戌亥,破
2023-01-26,癸,卯,癸,丑,甲,申,危,甲申,十方暮,北,申酉子丑,庭,False,False,False,False,,True,False,False,西北,出遊(吉),,上吉,False,申酉,危
2023-01-27,癸,卯,癸,丑,乙,酉,成,乙酉,十方暮,北,申酉子丑,庭,False,False,False,True,狼藉,True,False,False,西北,出遊(吉),,下吉,False,申酉,成
2023-01-28,癸,卯,癸,丑,丙,戌,收,丙戌,十方暮,北,申酉子丑,庭,False,False,False,False,滅門,True,False,True,西北,出遊(吉),,,False,申酉,收
2023-01-29,癸,卯,癸,丑,丁,亥,開,丁亥,十方暮,北,申酉子丑,庭,False,False,False,False,,True,False,False,西北,出遊(吉),,,True,申酉,開
2023-01-30,癸,卯,癸,丑,戊,子,閉,戊子,十方暮,北,申酉子丑,庭,False,True,True,False,,True,False,False,北,出遊(吉),,,False,申酉,閉
2023-01-31,癸,卯,癸,丑,己,丑,建,己丑,十方暮,北,申酉子丑,庭,False,True,False,False,,True,False,False,北,出遊(吉),,,False,申酉,建
2023-02-01,癸,卯,癸,丑,庚,寅,除,庚寅,十方暮,北,申酉子丑,庭,False,False,False,False,,True,False,False,北,出遊(吉),,上吉,False,申酉,除
2023-02-02,癸,卯,癸,丑,辛,卯,滿,辛卯,十方暮,北,申酉子丑,庭,False,False,False,False,,True,False,False,北,出遊(吉),,,False,申酉,滿
2023-02-03,癸,卯,癸,丑,壬,辰,平,壬辰,十方暮,北,申酉子丑,庭,False,False,False,False,大禍,True,False,True,北,出遊(吉),,,False,申酉,平
2023-02-04,癸,卯,甲,寅,癸,巳,平,癸巳,天一天上,北,申酉子丑,灶,False,False,False,False,滅門,True,False,False,天一天上,北宮(凶),,下吉,True,申酉,平
2023-02-05,癸,卯,甲,寅,甲,午,定,甲午,天一天上,北,申酉子丑,灶,False,True,False,False,,False,False,False,天一天上,北宮(凶),,,False,午未,定
2023-02-06,癸,卯,甲,寅,乙,未,執,乙未,天一天上,北,申酉子丑,灶,False,False,False,False,,False,False,True,天一天上,北宮(凶),,,False,午未,執
2023-02-07,癸,卯,甲,寅,丙,申,破,丙申,天一天上,北,申酉子丑,灶,False,False,False,False,,False,False,False,天一天上,北宮(凶),,,False,午未,破
2023-02-08,癸,卯,甲,寅,丁,酉,危,丁酉,天一天上,北,申酉子丑,灶,False,False,False,False,,False,False,False,天一天上,北宮(凶),,上吉,False,午未,危
2023-02-09,癸,卯,甲,寅,戊,戌,成,戊戌,天一天上,北,申酉子丑,灶,False,False,False,False,,False,False,False,天一天上,南宮(凶),,,False,午未,成
2023-02-10,癸,卯,甲,寅,己,亥,收,己亥,天一天上,北,申酉子丑,灶,False,False,False,False,大禍,False,False,False,天一天上,南宮(凶),,,True,午未,收
2023-02-11,癸,卯,甲,寅,庚,子,開,庚子,天一天上,北,申酉子丑,灶,False,True,False,True,狼藉,False,False,False,天一天上,南宮(凶),,中吉,False,午未,開
2023-02-12,癸,卯,甲,寅,辛,丑,閉,辛丑,天一天上,北,申酉子丑,灶,False,False,True,False,,False,False,True,天一天上,南宮(凶),,下吉,False,午未,閉
2023-02-13,癸,卯,甲,寅,壬,寅,建,壬寅,天一天上,北,申酉子丑,灶,False,False,False,False,,False,False,False,天一天上,南宮(凶),,中吉,False,午未,建
2023-02-14,癸,卯,甲,寅,癸,卯,除,癸卯,天一天上,北,申酉子丑,灶,False,False,False,False,,False,False,False,天一天上,西宮(凶),,下吉,False,午未,除
2023-02-15,癸,卯,甲,寅,甲,辰,滿,甲辰,天一天上,北,申酉子丑,灶,False,True,False,False,,False,False,False,天一天上,東宮(凶),,中吉,False,辰巳,滿
2023-02-16,癸,卯,甲,寅,乙,巳,平,乙巳,天一天上,北,申酉子丑,灶,False,False,False,False,滅門,False,False,False,天一天上,東宮(凶),,,True,辰巳,平
2023-02-17,癸,卯,甲,寅,丙,午,定,丙午,天一天上,北,申酉子丑,灶,False,False,False,False,,False,False,False,天一天上,東宮(凶),,下吉,False,辰巳,定
2023-02-18,癸,卯,甲,寅,丁,未,執,丁未,天一天上,北,申酉子丑,灶,False,False,False,False,,False,False,False,天一天上,東宮(凶),,下吉,False,辰巳,執
2023-02-19,癸,卯,甲,寅,戊,申,破,戊申,天一天上,北,申酉子丑,灶,False,False,False,False,,False,False,False,天一天上,東宮(凶),小土(凶),下吉,False,辰巳,破
2023-02-20,癸,卯,甲,寅,己,酉,危,己酉,,北,申酉子丑,灶,False,False,False,False,,False,False,False,東北,出遊(吉),小土(凶),上吉,False,辰巳,危
2023-02-21,癸,卯,甲,寅,庚,戌,成,庚戌,,北,申酉子丑,灶,False,True,False,False,,False,False,False,東北,出遊(吉),小土(凶),,False,辰巳,成
2023-02-22,癸,卯,甲,寅,辛,亥,收,辛亥,,北,申酉子丑,灶,False,False,False,False,大禍,False,False,False,東北,出遊(吉),小土(凶),下吉,True,辰巳,收
2023-02-23,癸,卯,甲,寅,壬,子,開,壬子,八專,北,申酉子丑,灶,False,False,False,True,狼藉,False,True,False,東北,出遊(吉),小土(凶),,False,辰巳,開
2023-02-24,癸,卯,甲,寅,癸,丑,閉,癸丑,八專,北,申酉子丑,灶,False,False,True,False,,False,False,False,東北,出遊(吉),小土(凶),下吉,False,辰巳,閉
2023-02-25,癸,卯,甲,寅,甲,寅,建,甲寅,八專,北,申酉子丑,灶,False,True,False,False,,False,True,False,東北,出遊(吉),小土(凶),下吉,False,寅卯,建
2023-02-26,癸,卯,甲,寅,乙,卯,除,乙卯,八專,北,申酉子丑,灶,False,False,False,False,,False,True,False,東,出遊(吉),,下吉,False,寅卯,除
2023-02-27,癸,卯,甲,寅,丙,辰,滿,丙辰,八專,北,申酉子丑,灶,False,False,False,False,,False,False,False,東,出遊(吉),,,False,寅卯,滿
2023-02-28,癸,卯,甲,寅,丁,巳,平,丁巳,八專,北,申酉子丑,灶,False,False,False,False,滅門,False,True,False,東,出遊(吉),,下吉,True,寅卯,平
2023-03-01,癸,卯,甲,寅,戊,午,定,戊午,八專,北,申酉子丑,灶,False,False,False,False,,False,True,False,東,出遊(吉),,,False,寅卯,定
2023-03-02,癸,卯,甲,寅,己,未,執,己未,八專,北,申酉子丑,灶,False,False,False,False,,False,False,False,東,出遊(吉),,下吉,False,寅卯,執
2023-03-03,癸,卯,甲,寅,庚,申,破,庚申,八專,北,申酉子丑,灶,False,True,False,False,,False,True,False,東南,出遊(吉),,,False,寅卯,破
2023-03-04,癸,卯,甲,寅,辛,酉,危,辛酉,八專,北,申酉子丑,灶,False,False,False,False,,False,True,False,東南,出遊(吉),,下吉,False,寅卯,危
2023-03-05,癸,卯,甲,寅,壬,戌,成,壬戌,八專,北,申酉子丑,灶,False,False,False,False,,False,False,False,東南,出遊(吉),,,False,寅卯,成
2023-03-06,癸,卯,乙,卯,癸,亥,成,癸亥,八專,北,申酉子丑,灶,False,False,False,False,,False,True,False,東南,出遊(吉),,,True,寅卯,成
2023-03-07,癸,卯,乙,卯,甲,子,收,甲子,,北,申酉子丑,灶,False,False,False,False,滅門,False,False,False,東南,出遊(吉),,,False,子丑,收
2023-03-08,癸,卯,乙,卯,乙,丑,開,乙丑,,北,申酉子丑,灶,False,True,False,False,,False,False,False,東南,出遊(吉),,,False,子丑,開
2023-03-09,癸,卯,乙,卯,丙,寅,閉,丙寅,,北,申酉子丑,灶,False,False,False,False,,False,False,False,南,出遊(吉),,下吉,False,子丑,閉
2023-03-10,癸,卯,乙,卯,丁,卯,建,丁卯,,北,申酉子丑,灶,False,False,False,True,狼藉,False,False,False,南,出遊(吉),,下吉,False,子丑,建
2023-03-11,癸,卯,乙,卯,戊,辰,除,戊辰,,北,申酉子丑,灶,False,False,False,False,,False,False,True,南,出遊(吉),,,False,子丑,除
2023-03-12,癸,卯,乙,卯,己,巳,滿,己巳,,北,申酉子丑,灶,False,False,False,False,,False,False,False,南,出遊(吉),,,True,子丑,滿
2023-03-13,癸,卯,乙,卯,庚,午,平,庚午,,北,申酉子丑,灶,False,False,False,False,大禍,False,False,False,南,出遊(吉),大土(凶),下吉,False,子丑,平
2023-03-14,癸,卯,乙,卯,辛,未,定,辛未,,北,申酉子丑,灶,False,True,True,False,,False,False,False,西南,出遊(吉),大土(凶),中吉,False,子丑,定
2023-03-15,癸,卯,乙,卯,壬,申,執,壬申,,北,申酉子丑,灶,False,False,False,False,,False,False,False,西南,出遊(吉),大土(凶),,False,子丑,執
2023-03-16,癸,卯,乙,卯,癸,酉,破,癸酉,,北,申酉子丑,灶,False,False,False,False,,False,False,False,西南,出遊(吉),大土(凶),中吉,False,子丑,破
2023-03-17,癸,卯,乙,卯,甲,戌,危,甲戌,,北,申酉子丑,灶,False,False,False,False,,False,False,False,西南,出遊(吉),大土(凶),,False,戌亥,危
2023-03-18,癸,卯,乙,卯,乙,亥,成,乙亥,,北,申酉子丑,灶,False,True,False,False,,False,False,False,西南,出遊(吉),大土(凶),,True,戌亥,成
2023-03-19,癸,卯,乙,卯,丙,子,收,丙子,,北,申酉子丑,灶,False,False,False,False,滅門,False,False,False,西南,出遊(吉),大土(凶),,False,戌亥,收
2023-03-20,癸,卯,乙,卯,丁,丑,開,丁丑,,北,申酉子丑,灶,False,False,False,False,,False,False,False,西,出遊(吉),,下吉,False,戌亥,開
2023-03-21,癸,卯,乙,卯,戊,寅,閉,戊寅,,北,申酉子丑,灶,True,False,False,False,,False,False,False,西,出遊(吉),,下吉,False,戌亥,閉
2023-03-22,癸,卯,乙,卯,己,卯,建,己卯,,北,申酉子丑,灶,False,False,False,True,狼藉,False,False,False,西,出遊(吉),,,False,戌亥,建
2023-03-23,癸,卯,乙,卯,庚,辰,除,庚辰,,北,申酉子丑,灶,False,False,False,False,,False,False,False,西,出遊(吉),,下吉,False,戌亥,除
2023-03-24,癸,卯,乙,卯,辛,巳,滿,辛巳,,北,申酉子丑,灶,False,True,False,False,,False,False,False,西,出遊(吉),,下吉,True,戌亥,滿
2023-03-25,癸,卯,乙,卯,壬,午,平,壬午,,北,申酉子丑,灶,False,False,False,False,大禍,False,False,False,西北,出遊(吉),,上吉,False,戌亥,平
2023-03-26,癸,卯,乙,卯,癸,未,定,癸未,,北,申酉子丑,灶,False,False,True,False,,False,False,False,西北,出遊(吉),,下吉,False,戌亥,定
2023-03-27,癸,卯,乙,卯,甲,申,執,甲申,十方暮,北,申酉子丑,灶,False,False,False,False,,True,False,False,西北,出遊(吉),,上吉,False,申酉,執
2023-03-28,癸,卯,乙,卯,乙,酉,破,乙酉,十方暮,北,申酉子丑,灶,False,True,False,False,,True,False,False,西北,出遊(吉),,下吉,False,申酉,破
2023-03-29,癸,卯,乙,卯,丙,戌,危,丙戌,十方暮,北,申酉子丑,灶,False,False,False,False,,True,False,True,西北,出遊(吉),,,False,申酉,危
2023-03-30,癸,卯,乙,卯,丁,亥,成,丁亥,十方暮,北,申酉子丑,灶,False,False,False,False,,True,False,False,西北,出遊(吉),,,True,申酉,成
2023-03-31,癸,卯,乙,卯,戊,子,收,戊子,十方暮,北,申酉子丑,灶,False,False,False,False,滅門,True,False,False,北,出遊(吉),,,False,申酉,收
2023-04-01,癸,卯,乙,卯,己,丑,開,己丑,十方暮,北,申酉子丑,灶,False,False,False,False,,True,False,False,北,出遊(吉),,,False,申酉,開
2023-04-02,癸,卯,乙,卯,庚,寅,閉,庚寅,十方暮,北,申酉子丑,灶,False,False,False,False,,True,False,False,北,出遊(吉),,上吉,False,申酉,閉
2023-04-03,癸,卯,乙,卯,辛,卯,建,辛卯,十方暮,北,申酉子丑,灶,False,True,False,True,狼藉,True,False,False,北,出遊(吉),,,False,申酉,建
2023-04-04,癸,卯,乙,卯,壬,辰,除,壬辰,十方暮,北,申酉子丑,灶,False,False,False,False,,True,False,True,北,出遊(吉),,,False,申酉,除
2023-04-05,癸,卯,丙,辰,癸,巳,除,癸巳,天一天上,北,申酉子丑,灶,False,False,False,False,,True,False,False,天一天上,北宮(凶),,下吉,True,申酉,除
2023-04-06,癸,卯,丙,辰,甲,午,滿,甲午,天一天上,北,申酉子丑,灶,False,False,False,True,狼藉,False,False,False,天一天上,北宮(凶),,,False,午未,滿
2023-04-07,癸,卯,丙,辰,乙,未,平,乙未,天一天上,北,申酉子丑,灶,False,False,False,False,滅門,False,False,True,天一天上,北宮(凶),,,False,午未,平
2023-04-08,癸,卯,丙,辰,丙,申,定,丙申,天一天上,北,申酉子丑,灶,False,False,False,False,,False,False,False,天一天上,北宮(凶),,,False,午未,定
2023-04-09,癸,卯,丙,辰,丁,酉,執,丁酉,天一天上,北,申酉子丑,灶,False,False,False,False,,False,False,False,天一天上,北宮(凶),,上吉,False,午未,執
2023-04-10,癸,卯,丙,辰,戊,戌,破,戊戌,天一天上,北,申酉子丑,灶,False,True,False,False,,False,False,False,天一天上,南宮(凶),,,False,午未,破
2023-04-11,癸,卯,丙,辰,己,亥,危,己亥,天一天上,北,申酉子丑,灶,False,True,False,False,,False,False,False,天一天上,南宮(凶),,,True,午未,危
2023-04-12,癸,卯,丙,辰,庚,子,成,庚子,天一天上,北,申酉子丑,灶,False,False,False,False,,False,False,False,天一天上,南宮(凶),,中吉,False,午未,成
2023-04-13,癸,卯,丙,辰,辛,丑,收,辛丑,天一天上,北,申酉子丑,灶,False,False,False,False,大禍,False,False,True,天一天上,南宮(凶),,下吉,False,午未,收
2023-04-14,癸,卯,丙,辰,壬,寅,開,壬寅,天一天上,北,申酉子丑,灶,False,False,True,False,,False,False,False,天一天上,南宮(凶),,中吉,False,午未,開
2023-04-15,癸,卯,丙,辰,癸,卯,閉,癸卯,天一天上,北,申酉子丑,灶,False,False,False,False,,False,False,False,天一天上,西宮(凶),,下吉,False,午未,閉
2023-04-16,癸,卯,丙,辰,甲,辰,建,甲辰,天一天上,北,申酉子丑,灶,False,False,False,False,,False,False,False,天一天上,東宮(凶),,中吉,False,辰巳,建
2023-04-17,癸,卯,丙,辰,乙,巳,除,乙巳,天一天上,北,申酉子丑,灶,False,False,False,False,,False,False,False,天一天上,東宮(凶),,,True,辰巳,除
2023-04-18,癸,卯,丙,辰,丙,午,滿,丙午,天一天上,北,申酉子丑,灶,False,False,False,True,狼藉,False,False,False,天一天上,東宮(凶),,下吉,False,辰巳,滿
2023-04-19,癸,卯,丙,辰,丁,未,平,丁未,天一天上,北,申酉子丑,灶,False,False,False,False,滅門,False,False,False,天一天上,東宮(凶),,下吉,False,辰巳,平
2023-04-20,癸,卯,丙,辰,戊,申,定,戊申,天一天上,北,申酉子丑,灶,False,True,False,False,,False,False,False,天一天上,東宮(凶),小土(凶),下吉,False,辰巳,定
2023-04-21,癸,卯,丙,辰,己,酉,執,己酉,,北,申酉子丑,灶,False,True,False,False,,False,False,False,東北,出遊(吉),小土(凶),上吉,False,辰巳,執
2023-04-22,癸,卯,丙,辰,庚,戌,破,庚戌,,北,申酉子丑,灶,False,False,False,False,,False,False,False,東北,出遊(吉),小土(凶),,False,辰巳,破
2023-04-23,癸,卯,丙,辰,辛,亥,危,辛亥,,北,申酉子丑,灶,False,False,False,False,,False,False,False,東北,出遊(吉),小土(凶),下吉,True,辰巳,危
2023-04-24,癸,卯,丙,辰,壬,子,成,壬子,八專,北,申酉子丑,灶,False,False,False,False,,False,True,False,東北,出遊(吉),小土(凶),,False,辰巳,成
2023-04-25,癸,卯,丙,辰,癸,丑,收,癸丑,八專,北,申酉子丑,灶,False,False,False,False,大禍,False,False,False,東北,出遊(吉),小土(凶),下吉,False,辰巳,收
2023-04-26,癸,卯,丙,辰,甲,寅,開,甲寅,八專,北,申酉子丑,灶,False,False,True,False,,False,True,False,東北,出遊(吉),小土(凶),下吉,False,寅卯,開
2023-04-27,癸,卯,丙,辰,乙,卯,閉,乙卯,八專,北,申酉子丑,灶,False,False,False,False,,False,True,False,東,出遊(吉),,下吉,False,寅卯,閉
2023-04-28,癸,卯,丙,辰,丙,辰,建,丙辰,八專,北,申酉子丑,灶,False,False,False,False,,False,False,False,東,出遊(吉),,,False,寅卯,建
2023-04-29,癸,卯,丙,辰,丁,巳,除,丁巳,八專,北,申酉子丑,灶,False,False,False,False,,False,True,False,東,出遊(吉),,下吉,True,寅卯,除
2023-04-30,癸,卯,丙,辰,戊,午,滿,戊午,八專,北,申酉子丑,灶,False,True,False,True,狼藉,False,True,False,東,出遊(吉),,,False,寅卯,滿
2023-05-01,癸,卯,丙,辰,己,未,平,己未,八專,北,申酉子丑,灶,False,True,False,False,滅門,False,False,False,東,出遊(吉),,下吉,False,寅卯,平
2023-05-02,癸,卯,丙,辰,庚,申,定,庚申,八專,北,申酉子丑,灶,False,False,False,False,,False,True,False,東南,出遊(吉),,,False,寅卯,定
2023-05-03,癸,卯,丙,辰,辛,酉,執,辛酉,八專,北,申酉子丑,灶,False,False,False,False,,False,True,False,東南,出遊(吉),,下吉,False,寅卯,執
2023-05-04,癸,卯,丙,辰,壬,戌,破,壬戌,八專,北,申酉子丑,灶,False,False,False,False,,False,False,False,東南,出遊(吉),,,False,寅卯,破
2023-05-05,癸,卯,丙,辰,癸,亥,危,癸亥,八專,北,申酉子丑,灶,False,False,False,False,,False,True,False,東南,出遊(吉),,,True,寅卯,危
2023-05-06,癸,卯,丁,巳,甲,子,危,甲子,,北,申酉子丑,門,False,False,False,False,,False,False,False,東南,出遊(吉),,,False,子丑,危
2023-05-07,癸,卯,丁,巳,乙,丑,成,乙丑,,北,申酉子丑,門,False,False,False,False,,False,False,False,東南,出遊(吉),,,False,子丑,成
2023-05-08,癸,卯,丁,巳,丙,寅,收,丙寅,,北,申酉子丑,門,False,True,False,False,滅門,False,False,False,南,出遊(吉),,下吉,False,子丑,收
2023-05-09,癸,卯,丁,巳,丁,卯,開,丁卯,,北,申酉子丑,門,False,False,False,False,,False,False,False,南,出遊(吉),,下吉,False,子丑,開
2023-05-10,癸,卯,丁,巳,戊,辰,閉,戊辰,,北,申酉子丑,門,False,False,False,False,,False,False,True,南,出遊(吉),,,False,子丑,閉
2023-05-11,癸,卯,丁,巳,己,巳,建,己巳,,北,申酉子丑,門,False,False,False,False,,False,False,False,南,出遊(吉),,,True,子丑,建
2023-05-12,癸,卯,丁,巳,庚,午,除,庚午,,北,申酉子丑,門,False,False,False,False,狼藉,False,False,False,南,出遊(吉),大土(凶),下吉,False,子丑,除
2023-05-13,癸,卯,丁,巳,辛,未,滿,辛未,,北,申酉子丑,門,False,False,False,False,,False,False,False,西南,出遊(吉),大土(凶),中吉,False,子丑,滿
2023-05-14,癸,卯,丁,巳,壬,申,平,壬申,,北,申酉子丑,門,False,True,True,False,大禍,False,False,False,西南,出遊(吉),大土(凶),,False,子丑,平
2023-05-15,癸,卯,丁,巳,癸,酉,定,癸酉,,北,申酉子丑,門,False,False,False,True,,False,False,False,西南,出遊(吉),大土(凶),中吉,False,子丑,定
2023-05-16,癸,卯,丁,巳,甲,戌,執,甲戌,,北,申酉子丑,門,False,False,False,False,,False,False,False,西南,出遊(吉),大土(凶),,False,戌亥,執
2023-05-17,癸,卯,丁,巳,乙,亥,破,乙亥,,北,申酉子丑,門,False,False,False,False,,False,False,False,西南,出遊(吉),大土(凶),,True,戌亥,破
2023-05-18,癸,卯,丁,巳,丙,子,危,丙子,,北,申酉子丑,門,False,True,False,False,,False,False,False,西南,出遊(吉),大土(凶),,False,戌亥,危
2023-05-19,癸,卯,丁,巳,丁,丑,成,丁丑,,北,申酉子丑,門,False,False,False,False,,False,False,False,西,出遊(吉),,下吉,False,戌亥,成
2023-05-20,癸,卯,丁,巳,戊,寅,收,戊寅,,北,申酉子丑,門,False,False,False,False,滅門,False,False,False,西,出遊(吉),,下吉,False,戌亥,收
2023-05-21,癸,卯,丁,巳,己,卯,開,己卯,,北,申酉子丑,門,False,False,False,False,,False,False,False,西,出遊(吉),,,False,戌亥,開
2023-05-22,癸,卯,丁,巳,庚,辰,閉,庚辰,,北,申酉子丑,門,False,False,False,False,,False,False,False,西,出遊(吉),,下吉,False,戌亥,閉
2023-05-23,癸,卯,丁,巳,辛,巳,建,辛巳,,北,申酉子丑,門,False,False,False,False,,False,False,False,西,出遊(吉),,下吉,True,戌亥,建
2023-05-24,癸,卯,丁,巳,壬,午,除,壬午,,北,申酉子丑,門,False,True,False,False,狼藉,False,False,False,西北,出遊(吉),,上吉,False,戌亥,除
2023-05-25,癸,卯,丁,巳,癸,未,滿,癸未,,北,申酉子丑,門,False,False,False,False,,False,False,False,西北,出遊(吉),,下吉,False,戌亥,滿
2023-05-26,癸,卯,丁,巳,甲,申,平,甲申,十方暮,北,申酉子丑,門,False,False,True,False,大禍,True,False,False,西北,出遊(吉),,上吉,False,申酉,平
2023-05-27,癸,卯,丁,巳,乙,酉,定,乙酉,十方暮,北,申酉子丑,門,False,False,False,True,,True,False,False,西北,出遊(吉),,下吉,False,申酉,定
2023-05-28,癸,卯,丁,巳,丙,戌,執,丙戌,十方暮,北,申酉子丑,門,False,True,False,False,,True,False,True,西北,出遊(吉),,,False,申酉,執
2023-05-29,癸,卯,丁,巳,丁,亥,破,丁亥,十方暮,北,申酉子丑,門,False,False,False,False,,True,False,False,西北,出遊(吉),,,True,申酉,破
2023-05-30,癸,卯,丁,巳,戊,子,危,戊子,十方暮,北,申酉子丑,門,False,False,False,False,,True,False,False,北,出遊(吉),,,False,申酉,危
2023-05-31,癸,卯,丁,巳,己,丑,成,己丑,十方暮,北,申酉子丑,門,False,False,False,False,,True,False,False,北,出遊(吉),,,False,申酉,成
2023-06-01,癸,卯,丁,巳,庚,寅,收,庚寅,十方暮,北,申酉子丑,門,False,False,False,False,滅門,True,False,False,北,出遊(吉),,上吉,False,申酉,收
2023-06-02,癸,卯,丁,巳,辛,卯,開,辛卯,十方暮,北,申酉子丑,門,False,False,False,False,,True,False,False,北,出遊(吉),,,False,申酉,開
2023-06-03,癸,卯,丁,巳,壬,辰,閉,壬辰,十方暮,北,申酉子丑,門,False,True,False,False,,True,False,True,北,出遊(吉),,,False,申酉,閉
2023-06-04,癸,卯,丁,巳,癸,巳,建,癸巳,天一天上,北,申酉子丑,門,False,False,False,False,,True,False,False,天一天上,北宮(凶),,下吉,True,申酉,建
2023-06-05,癸,卯,丁,巳,甲,午,除,甲午,天一天上,北,申酉子丑,門,True,False,False,False,狼藉,False,False,False,天一天上,北宮(凶),,,False,午未,除
2023-06-06,癸,卯,戊,午,乙,未,除,乙未,天一天上,北,申酉子丑,門,False,False,False,False,,False,False,True,天一天上,北宮(凶),,,False,午未,除
2023-06-07,癸,卯,戊,午,丙,申,滿,丙申,天一天上,北,申酉子丑,門,False,False,False,False,,False,False,False,天一天上,北宮(凶),,,False,午未,滿
2023-06-08,癸,卯,戊,午,丁,酉,平,丁酉,天一天上,北,申酉子丑,門,False,True,False,False,滅門,False,False,False,天一天上,北宮(凶),,上吉,False,午未,平
2023-06-09,癸,卯,戊,午,戊,戌,定,戊戌,天一天上,北,申酉子丑,門,False,False,False,False,,False,False,False,天一天上,南宮(凶),,,False,午未,定
2023-06-10,癸,卯,戊,午,己,亥,執,己亥,天一天上,北,申酉子丑,門,False,False,False,False,,False,False,False,天一天上,南宮(凶),,,True,午未,執
2023-06-11,癸,卯,戊,午,庚,子,破,庚子,天一天上,北,申酉子丑,門,False,False,False,True,狼藉,False,False,False,天一天上,南宮(凶),,中吉,False,午未,破
2023-06-12,癸,卯,戊,午,辛,丑,危,辛丑,天一天上,北,申酉子丑,門,False,False,False,False,,False,False,True,天一天上,南宮(凶),,下吉,False,午未,危
2023-06-13,癸,卯,戊,午,壬,寅,成,壬寅,天一天上,北,申酉子丑,門,False,False,False,False,,False,False,False,天一天上,南宮(凶),,中吉,False,午未,成
2023-06-14,癸,卯,戊,午,癸,卯,收,癸卯,天一天上,北,申酉子丑,門,False,True,True,False,大禍,False,False,False,天一天上,西宮(凶),,下吉,False,午未,收
2023-06-15,癸,卯,戊,午,甲,辰,開,甲辰,天一天上,北,申酉子丑,門,False,False,False,False,,False,False,False,天一天上,東宮(凶),,中吉,False,辰巳,開
2023-06-16,癸,卯,戊,午,乙,巳,閉,乙巳,天一天上,北,申酉子丑,門,False,False,False,False,,False,False,False,天一天上,東宮(凶),,,True,辰巳,閉
2023-06-17,癸,卯,戊,午,丙,午,建,丙午,天一天上,北,申酉子丑,門,False,False,False,False,,False,False,False,天一天上,東宮(凶),,下吉,False,辰巳,建
2023-06-18,癸,卯,戊,午,丁,未,除,丁未,天一天上,北,申酉子丑,門,False,True,False,False,,False,False,False,天一天上,東宮(凶),,下吉,False,辰巳,除
2023-06-19,癸,卯,戊,午,戊,申,滿,戊申,天一天上,北,申酉子丑,門,False,False,False,False,,False,False,False,天一天上,東宮(凶),小土(凶),下吉,False,辰巳,滿
2023-06-20,癸,卯,戊,午,己,酉,平,己酉,,北,申酉子丑,門,False,False,False,False,滅門,False,False,False,東北,出遊(吉),小土(凶),上吉,False,辰巳,平
2023-06-21,癸,卯,戊,午,庚,戌,定,庚戌,,北,申酉子丑,門,False,False,False,False,,False,False,False,東北,出遊(吉),小土(凶),,False,辰巳,定
2023-06-22,癸,卯,戊,午,辛,亥,執,辛亥,,北,申酉子丑,門,False,False,False,False,,False,False,False,東北,出遊(吉),小土(凶),下吉,True,辰巳,執
2023-06-23,癸,卯,戊,午,壬,子,破,壬子,八專,北,申酉子丑,門,False,False,False,True,狼藉,False,True,False,東北,出遊(吉),小土(凶),,False,辰巳,破
2023-06-24,癸,卯,戊,午,癸,丑,危,癸丑,八專,北,申酉子丑,門,False,True,False,False,,False,False,False,東北,出遊(吉),小土(凶),下吉,False,辰巳,危
2023-06-25,癸,卯,戊,午,甲,寅,成,甲寅,八專,北,申酉子丑,門,False,False,False,False,,False,True,False,東北,出遊(吉),小土(凶),下吉,False,寅卯,成
2023-06-26,癸,卯,戊,午,乙,卯,收,乙卯,八專,北,申酉子丑,門,False,False,True,False,大禍,False,True,False,東,出遊(吉),,下吉,False,寅卯,收
2023-06-27,癸,卯,戊,午,丙,辰,開,丙辰,八專,北,申酉子丑,門,False,False,False,False,,False,False,False,東,出遊(吉),,,False,寅卯,開
2023-06-28,癸,卯,戊,午,丁,巳,閉,丁巳,八專,北,申酉子丑,門,False,True,False,False,,False,True,False,東,出遊(吉),,下吉,True,寅卯,閉
2023-06-29,癸,卯,戊,午,戊,午,建,戊午,八專,北,申酉子丑,門,False,False,False,False,,False,True,False,東,出遊(吉),,,False,寅卯,建
2023-06-30,癸,卯,戊,午,己,未,除,己未,八專,北,申酉子丑,門,False,False,False,False,,False,False,False,東,出遊(吉),,下吉,False,寅卯,除
2023-07-01,癸,卯,戊,午,庚,申,滿,庚申,八專,北,申酉子丑,門,False,False,False,False,,False,True,False,東南,出遊(吉),,,False,寅卯,滿
2023-07-02,癸,卯,戊,午,辛,酉,平,辛酉,八專,北,申酉子丑,門,False,False,False,False,滅門,False,True,False,東南,出遊(吉),,下吉,False,寅卯,平
2023-07-03,癸,卯,戊,午,壬,戌,定,壬戌,八專,北,申酉子丑,門,False,False,False,False,,False,False,False,東南,出遊(吉),,,False,寅卯,定
2023-07-04,癸,卯,戊,午,癸,亥,執,癸亥,八專,北,申酉子丑,門,False,True,False,False,,False,True,False,東南,出遊(吉),,,True,寅卯,執
2023-07-05,癸,卯,戊,午,甲,子,破,甲子,,北,申酉子丑,門,False,False,False,True,狼藉,False,False,False,東南,出遊(吉),,,False,子丑,破
2023-07-06,癸,卯,戊,午,乙,丑,危,乙丑,,北,申酉子丑,門,False,False,False,False,,False,False,False,東南,出遊(吉),,,False,子丑,危
2023-07-07,癸,卯,己,未,丙,寅,危,丙寅,,北,申酉子丑,門,False,False,False,False,,False,False,False,南,出遊(吉),,下吉,False,子丑,危
2023-07-08,癸,卯,己,未,丁,卯,成,丁卯,,北,申酉子丑,門,False,False,False,True,狼藉,False,False,False,南,出遊(吉),,下吉,False,子丑,成
2023-07-09,癸,卯,己,未,戊,辰,收,戊辰,,北,申酉子丑,門,False,True,False,False,滅門,False,False,True,南,出遊(吉),,,False,子丑,收
2023-07-10,癸,卯,己,未,己,巳,開,己巳,,北,申酉子丑,門,False,True,False,False,,False,False,False,南,出遊(吉),,,True,子丑,開
2023-07-11,癸,卯,己,未,庚,午,閉,庚午,,北,申酉子丑,門,False,False,False,False,,False,False,False,南,出遊(吉),大土(凶),下吉,False,子丑,閉
2023-07-12,癸,卯,己,未,辛,未,建,辛未,,北,申酉子丑,門,False,False,False,False,,False,False,False,西南,出遊(吉),大土(凶),中吉,False,子丑,建
2023-07-13,癸,卯,己,未,壬,申,除,壬申,,北,申酉子丑,門,False,False,False,False,,False,False,False,西南,出遊(吉),大土(凶),,False,子丑,除
2023-07-14,癸,卯,己,未,癸,酉,滿,癸酉,,北,申酉子丑,門,False,False,True,False,,False,False,False,西南,出遊(吉),大土(凶),中吉,False,子丑,滿
2023-07-15,癸,卯,己,未,甲,戌,平,甲戌,,北,申酉子丑,門,False,False,False,False,大禍,False,False,False,西南,出遊(吉),大土(凶),,False,戌亥,平
2023-07-16,癸,卯,己,未,乙,亥,定,乙亥,,北,申酉子丑,門,False,False,False,False,,False,False,False,西南,出遊(吉),大土(凶),,True,戌亥,定
2023-07-17,癸,卯,己,未,丙,子,執,丙子,,北,申酉子丑,門,False,False,False,False,,False,False,False,西南,出遊(吉),大土(凶),,False,戌亥,執
2023-07-18,癸,卯,己,未,丁,丑,破,丁丑,,北,申酉子丑,門,False,False,False,False,,False,False,False,西,出遊(吉),,下吉,False,戌亥,破
2023-07-19,癸,卯,己,未,戊,寅,危,戊寅,,北,申酉子丑,門,False,True,False,False,,False,False,False,西,出遊(吉),,下吉,False,戌亥,危
2023-07-20,癸,卯,己,未,己,卯,成,己卯,,北,申酉子丑,門,False,True,False,True,狼藉,False,False,False,西,出遊(吉),,,False,戌亥,成
2023-07-21,癸,卯,己,未,庚,辰,收,庚辰,,北,申酉子丑,門,False,False,False,False,滅門,False,False,False,西,出遊(吉),,下吉,False,戌亥,收
2023-07-22,癸,卯,己,未,辛,巳,開,辛巳,,北,申酉子丑,門,False,False,False,False,,False,False,False,西,出遊(吉),,下吉,True,戌亥,開
2023-07-23,癸,卯,己,未,壬,午,閉,壬午,,北,申酉子丑,門,False,False,False,False,,False,False,False,西北,出遊(吉),,上吉,False,戌亥,閉
2023-07-24,癸,卯,己,未,癸,未,建,癸未,,北,申酉子丑,門,False,False,False,False,,False,False,False,西北,出遊(吉),,下吉,False,戌亥,建
2023-07-25,癸,卯,己,未,甲,申,除,甲申,十方暮,北,申酉子丑,門,False,False,False,False,,True,False,False,西北,出遊(吉),,上吉,False,申酉,除
2023-07-26,癸,卯,己,未,乙,酉,滿,乙酉,十方暮,北,申酉子丑,門,False,False,True,False,,True,False,False,西北,出遊(吉),,下吉,False,申酉,滿
2023-07-27,癸,卯,己,未,丙,戌,平,丙戌,十方暮,北,申酉子丑,門,False,False,False,False,大禍,True,False,True,西北,出遊(吉),,,False,申酉,平
2023-07-28,癸,卯,己,未,丁,亥,定,丁亥,十方暮,北,申酉子丑,門,False,False,False,False,,True,False,False,西北,出遊(吉),,,True,申酉,定
2023-07-29,癸,卯,己,未,戊,子,執,戊子,十方暮,北,申酉子丑,門,False,True,False,False,,True,False,False,北,出遊(吉),,,False,申酉,執
2023-07-30,癸,卯,己,未,己,丑,破,己丑,十方暮,北,申酉子丑,門,False,True,False,False,,True,False,False,北,出遊(吉),,,False,申酉,破
2023-07-31,癸,卯,己,未,庚,寅,危,庚寅,十方暮,北,申酉子丑,門,False,False,False,False,,True,False,False,北,出遊(吉),,上吉,False,申酉,危
2023-08-01,癸,卯,己,未,辛,卯,成,辛卯,十方暮,北,申酉子丑,門,False,False,False,True,狼藉,True,False,False,北,出遊(吉),,,False,申酉,成
2023-08-02,癸,卯,己,未,壬,辰,收,壬辰,十方暮,北,申酉子丑,門,False,False,False,False,滅門,True,False,True,北,出遊(吉),,,False,申酉,收
2023-08-03,癸,卯,己,未,癸,巳,開,癸巳,天一天上,北,申酉子丑,門,False,False,False,False,,True,False,False,天一天上,北宮(凶),,下吉,True,申酉,開
2023-08-04,癸,卯,己,未,甲,午,閉,甲午,天一天上,北,申酉子丑,門,True,False,False,False,,False,False,False,天一天上,北宮(凶),,,False,午未,閉
2023-08-05,癸,卯,己,未,乙,未,建,乙未,天一天上,北,申酉子丑,門,False,False,False,False,,False,False,True,天一天上,北宮(凶),,,False,午未,建
2023-08-06,癸,卯,己,未,丙,申,除,丙申,天一天上,北,申酉子丑,門,False,False,False,False,,False,False,False,天一天上,北宮(凶),,,False,午未,除
2023-08-07,癸,卯,己,未,丁,酉,滿,丁酉,天一天上,北,申酉子丑,門,False,False,True,False,,False,False,False,天一天上,北宮(凶),,上吉,False,午未,滿
2023-08-08,癸,卯,庚,申,戊,戌,滿,戊戌,天一天上,北,申酉子丑,井,False,False,False,False,,False,False,False,天一天上,南宮(凶),,,False,午未,滿
2023-08-09,癸,卯,庚,申,己,亥,平,己亥,天一天上,北,申酉子丑,井,False,False,False,False,滅門,False,False,False,天一天上,南宮(凶),,,True,午未,平
2023-08-10,癸,卯,庚,申,庚,子,定,庚子,天一天上,北,申酉子丑,井,False,True,False,False,,False,False,False,天一天上,南宮(凶),,中吉,False,午未,定
2023-08-11,癸,卯,庚,申,辛,丑,執,辛丑,天一天上,北,申酉子丑,井,False,False,False,False,,False,False,True,天一天上,南宮(凶),,下吉,False,午未,執
2023-08-12,癸,卯,庚,申,壬,寅,破,壬寅,天一天上,北,申酉子丑,井,False,False,False,False,,False,False,False,天一天上,南宮(凶),,中吉,False,午未,破
2023-08-13,癸,卯,庚,申,癸,卯,危,癸卯,天一天上,北,申酉子丑,井,False,False,False,False,,False,False,False,天一天上,西宮(凶),,下吉,False,午未,危
2023-08-14,癸,卯,庚,申,甲,辰,成,甲辰,天一天上,北,申酉子丑,井,False,True,True,False,,False,False,False,天一天上,東宮(凶),,中吉,False,辰巳,成
2023-08-15,癸,卯,庚,申,乙,巳,收,乙巳,天一天上,北,申酉子丑,井,False,False,False,False,大禍,False,False,False,天一天上,東宮(凶),,,True,辰巳,收
2023-08-16,癸,卯,庚,申,丙,午,開,丙午,天一天上,北,申酉子丑,井,False,False,False,True,,False,False,False,天一天上,東宮(凶),,下吉,False,辰巳,開
2023-08-17,癸,卯,庚,申,丁,未,閉,丁未,天一天上,北,申酉子丑,井,False,False,False,False,,False,False,False,天一天上,東宮(凶),,下吉,False,辰巳,閉
2023-08-18,癸,卯,庚,申,戊,申,建,戊申,天一天上,北,申酉子丑,井,True,False,False,False,,False,False,False,天一天上,東宮(凶),小土(凶),下吉,False,辰巳,建
2023-08-19,癸,卯,庚,申,己,酉,除,己酉,,北,申酉子丑,井,False,False,False,False,狼藉,False,False,False,東北,出遊(吉),小土(凶),上吉,False,辰巳,除
2023-08-20,癸,卯,庚,申,庚,戌,滿,庚戌,,北,申酉子丑,井,False,True,False,False,,False,False,False,東北,出遊(吉),小土(凶),,False,辰巳,滿
2023-08-21,癸,卯,庚,申,辛,亥,平,辛亥,,北,申酉子丑,井,False,False,False,False,滅門,False,False,False,東北,出遊(吉),小土(凶),下吉,True,辰巳,平
2023-08-22,癸,卯,庚,申,壬,子,定,壬子,八專,北,申酉子丑,井,False,False,False,False,,False,True,False,東北,出遊(吉),小土(凶),,False,辰巳,定
2023-08-23,癸,卯,庚,申,癸,丑,執,癸丑,八專,北,申酉子丑,井,False,False,False,False,,False,False,False,東北,出遊(吉),小土(凶),下吉,False,辰巳,執
2023-08-24,癸,卯,庚,申,甲,寅,破,甲寅,八專,北,申酉子丑,井,False,True,False,False,,False,True,False,東北,出遊(吉),小土(凶),下吉,False,寅卯,破
2023-08-25,癸,卯,庚,申,乙,卯,危,乙卯,八專,北,申酉子丑,井,False,False,False,False,,False,True,False,東,出遊(吉),,下吉,False,寅卯,危
2023-08-26,癸,卯,庚,申,丙,辰,成,丙辰,八專,北,申酉子丑,井,False,False,True,False,,False,False,False,東,出遊(吉),,,False,寅卯,成
2023-08-27,癸,卯,庚,申,丁,巳,收,丁巳,八專,北,申酉子丑,井,False,False,False,False,大禍,False,True,False,東,出遊(吉),,下吉,True,寅卯,收
2023-08-28,癸,卯,庚,申,戊,午,開,戊午,八專,北,申酉子丑,井,False,False,False,True,,False,True,False,東,出遊(吉),,,False,寅卯,開
2023-08-29,癸,卯,庚,申,己,未,閉,己未,八專,北,申酉子丑,井,False,False,False,False,,False,False,False,東,出遊(吉),,下吉,False,寅卯,閉
2023-08-30,癸,卯,庚,申,庚,申,建,庚申,八專,北,申酉子丑,井,False,True,False,False,,False,True,False,東南,出遊(吉),,,False,寅卯,建
2023-08-31,癸,卯,庚,申,辛,酉,除,辛酉,八專,北,申酉子丑,井,False,False,False,False,狼藉,False,True,False,東南,出遊(吉),,下吉,False,寅卯,除
2023-09-01,癸,卯,庚,申,壬,戌,滿,壬戌,八專,北,申酉子丑,井,False,False,False,False,,False,False,False,東南,出遊(吉),,,False,寅卯,滿
2023-09-02,癸,卯,庚,申,癸,亥,平,癸亥,八專,北,申酉子丑,井,False,False,False,False,滅門,False,True,False,東南,出遊(吉),,,True,寅卯,平
2023-09-03,癸,卯,庚,申,甲,子,定,甲子,,北,申酉子丑,井,False,True,False,False,,False,False,False,東南,出遊(吉),,,False,子丑,定
2023-09-04,癸,卯,庚,申,乙,丑,執,乙丑,,北,申酉子丑,井,False,False,False,False,,False,False,False,東南,出遊(吉),,,False,子丑,執
2023-09-05,癸,卯,庚,申,丙,寅,破,丙寅,,北,申酉子丑,井,False,False,False,False,,False,False,False,南,出遊(吉),,下吉,False,子丑,破
2023-09-06,癸,卯,庚,申,丁,卯,危,丁卯,,北,申酉子丑,井,False,False,False,False,,False,False,False,南,出遊(吉),,下吉,False,子丑,危
2023-09-07,癸,卯,庚,申,戊,辰,成,戊辰,,北,申酉子丑,井,False,False,True,False,,False,False,True,南,出遊(吉),,,False,子丑,成
2023-09-08,癸,卯,辛,酉,己,巳,成,己巳,,北,申酉子丑,井,False,False,False,False,,False,False,False,南,出遊(吉),,,True,子丑,成
2023-09-09,癸,卯,辛,酉,庚,午,收,庚午,,北,申酉子丑,井,False,False,False,False,滅門,False,False,False,南,出遊(吉),大土(凶),下吉,False,子丑,收
2023-09-10,癸,卯,辛,酉,辛,未,開,辛未,,北,申酉子丑,井,False,True,False,False,,False,False,False,西南,出遊(吉),大土(凶),中吉,False,子丑,開
2023-09-11,癸,卯,辛,酉,壬,申,閉,壬申,,北,申酉子丑,井,False,False,False,False,,False,False,False,西南,出遊(吉),大土(凶),,False,子丑,閉
2023-09-12,癸,卯,辛,酉,癸,酉,建,癸酉,,北,申酉子丑,井,False,False,False,True,狼藉,False,False,False,西南,出遊(吉),大土(凶),中吉,False,子丑,建
2023-09-13,癸,卯,辛,酉,甲,戌,除,甲戌,,北,申酉子丑,井,False,False,True,False,,False,False,False,西南,出遊(吉),大土(凶),,False,戌亥,除
2023-09-14,癸,卯,辛,酉,乙,亥,滿,乙亥,,北,申酉子丑,井,False,True,False,False,,False,False,False,西南,出遊(吉),大土(凶),,True,戌亥,滿
2023-09-15,癸,卯,辛,酉,丙,子,平,丙子,,北,申酉子丑,井,False,False,False,False,大禍,False,False,False,西南,出遊(吉),大土(凶),,False,戌亥,平
2023-09-16,癸,卯,辛,酉,丁,丑,定,丁丑,,北,申酉子丑,井,False,False,False,False,,False,False,False,西,出遊(吉),,下吉,False,戌亥,定
2023-09-17,癸,卯,辛,酉,戊,寅,執,戊寅,,北,申酉子丑,井,False,False,False,False,,False,False,False,西,出遊(吉),,下吉,False,戌亥,執
2023-09-18,癸,卯,辛,酉,己,卯,破,己卯,,北,申酉子丑,井,False,False,False,False,,False,False,False,西,出遊(吉),,,False,戌亥,破
2023-09-19,癸,卯,辛,酉,庚,辰,危,庚辰,,北,申酉子丑,井,False,False,False,False,,False,False,False,西,出遊(吉),,下吉,False,戌亥,危
2023-09-20,癸,卯,辛,酉,辛,巳,成,辛巳,,北,申酉子丑,井,False,True,False,False,,False,False,False,西,出遊(吉),,下吉,True,戌亥,成
2023-09-21,癸,卯,辛,酉,壬,午,收,壬午,,北,申酉子丑,井,False,False,False,False,滅門,False,False,False,西北,出遊(吉),,上吉,False,戌亥,收
2023-09-22,癸,卯,辛,酉,癸,未,開,癸未,,北,申酉子丑,井,False,False,False,False,,False,False,False,西北,出遊(吉),,下吉,False,戌亥,開
2023-09-23,癸,卯,辛,酉,甲,申,閉,甲申,十方暮,北,申酉子丑,井,False,False,False,False,,True,False,False,西北,出遊(吉),,上吉,False,申酉,閉
2023-09-24,癸,卯,辛,酉,乙,酉,建,乙酉,十方暮,北,申酉子丑,井,False,True,False,True,狼藉,True,False,False,西北,出遊(吉),,下吉,False,申酉,建
2023-09-25,癸,卯,辛,酉,丙,戌,除,丙戌,十方暮,北,申酉子丑,井,False,False,True,False,,True,False,True,西北,出遊(吉),,,False,申酉,除
2023-09-26,癸,卯,辛,酉,丁,亥,滿,丁亥,十方暮,北,申酉子丑,井,False,False,False,False,,True,False,False,西北,出遊(吉),,,True,申酉,滿
2023-09-27,癸,卯,辛,酉,戊,子,平,戊子,十方暮,北,申酉子丑,井,False,False,False,False,大禍,True,False,False,北,出遊(吉),,,False,申酉,平
2023-09-28,癸,卯,辛,酉,己,丑,定,己丑,十方暮,北,申酉子丑,井,False,False,False,False,,True,False,False,北,出遊(吉),,,False,申酉,定
2023-09-29,癸,卯,辛,酉,庚,寅,執,庚寅,十方暮,北,申酉子丑,井,False,False,False,False,,True,False,False,北,出遊(吉),,上吉,False,申酉,執
2023-09-30,癸,卯,辛,酉,辛,卯,破,辛卯,十方暮,北,申酉子丑,井,False,True,False,False,,True,False,False,北,出遊(吉),,,False,申酉,破
2023-10-01,癸,卯,辛,酉,壬,辰,危,壬辰,十方暮,北,申酉子丑,井,False,False,False,False,,True,False,True,北,出遊(吉),,,False,申酉,危
2023-10-02,癸,卯,辛,酉,癸,巳,成,癸巳,天一天上,北,申酉子丑,井,False,False,False,False,,True,False,False,天一天上,北宮(凶),,下吉,True,申酉,成
2023-10-03,癸,卯,辛,酉,甲,午,收,甲午,天一天上,北,申酉子丑,井,False,False,False,False,滅門,False,False,False,天一天上,北宮(凶),,,False,午未,收
2023-10-04,癸,卯,辛,酉,乙,未,開,乙未,天一天上,北,申酉子丑,井,False,True,False,False,,False,False,True,天一天上,北宮(凶),,,False,午未,開
2023-10-05,癸,卯,辛,酉,丙,申,閉,丙申,天一天上,北,申酉子丑,井,False,False,False,False,,False,False,False,天一天上,北宮(凶),,,False,午未,閉
2023-10-06,癸,卯,辛,酉,丁,酉,建,丁酉,天一天上,北,申酉子丑,井,False,False,False,True,狼藉,False,False,False,天一天上,北宮(凶),,上吉,False,午未,建
2023-10-07,癸,卯,辛,酉,戊,戌,除,戊戌,天一天上,北,申酉子丑,井,False,False,True,False,,False,False,False,天一天上,南宮(凶),,,False,午未,除
2023-10-08,癸,卯,壬,戌,己,亥,除,己亥,天一天上,北,申酉子丑,井,False,True,False,False,,False,False,False,天一天上,南宮(凶),,,True,午未,除
2023-10-09,癸,卯,壬,戌,庚,子,滿,庚子,天一天上,北,申酉子丑,井,False,False,False,True,,False,False,False,天一天上,南宮(凶),,中吉,False,午未,滿
2023-10-10,癸,卯,壬,戌,辛,丑,平,辛丑,天一天上,北,申酉子丑,井,False,False,False,False,滅門,False,False,True,天一天上,南宮(凶),,下吉,False,午未,平
2023-10-11,癸,卯,壬,戌,壬,寅,定,壬寅,天一天上,北,申酉子丑,井,False,False,False,False,,False,False,False,天一天上,南宮(凶),,中吉,False,午未,定
2023-10-12,癸,卯,壬,戌,癸,卯,執,癸卯,天一天上,北,申酉子丑,井,False,False,False,False,狼藉,False,False,False,天一天上,西宮(凶),,下吉,False,午未,執
2023-10-13,癸,卯,壬,戌,甲,辰,破,甲辰,天一天上,北,申酉子丑,井,False,False,False,False,,False,False,False,天一天上,東宮(凶),,中吉,False,辰巳,破
2023-10-14,癸,卯,壬,戌,乙,巳,危,乙巳,天一天上,北,申酉子丑,井,False,False,True,False,,False,False,False,天一天上,東宮(凶),,,True,辰巳,危
2023-10-15,癸,卯,壬,戌,丙,午,成,丙午,天一天上,北,申酉子丑,井,False,False,False,False,,False,False,False,天一天上,東宮(凶),,下吉,False,辰巳,成
2023-10-16,癸,卯,壬,戌,丁,未,收,丁未,天一天上,北,申酉子丑,井,False,False,False,False,大禍,False,False,False,天一天上,東宮(凶),,下吉,False,辰巳,收
2023-10-17,癸,卯,壬,戌,戊,申,開,戊申,天一天上,北,申酉子丑,井,True,True,False,False,,False,False,False,天一天上,東宮(凶),小土(凶),下吉,False,辰巳,開
2023-10-18,癸,卯,壬,戌,己,酉,閉,己酉,,北,申酉子丑,井,False,True,False,False,,False,False,False,東北,出遊(吉),小土(凶),上吉,False,辰巳,閉
2023-10-19,癸,卯,壬,戌,庚,戌,建,庚戌,,北,申酉子丑,井,False,False,False,False,,False,False,False,東北,出遊(吉),小土(凶),,False,辰巳,建
2023-10-20,癸,卯,壬,戌,辛,亥,除,辛亥,,北,申酉子丑,井,False,False,False,False,,False,False,False,東北,出遊(吉),小土(凶),下吉,True,辰巳,除
2023-10-21,癸,卯,壬,戌,壬,子,滿,壬子,八專,北,申酉子丑,井,False,False,False,True,,False,True,False,東北,出遊(吉),小土(凶),,False,辰巳,滿
2023-10-22,癸,卯,壬,戌,癸,丑,平,癸丑,八專,北,申酉子丑,井,False,False,False,False,滅門,False,False,False,東北,出遊(吉),小土(凶),下吉,False,辰巳,平
2023-10-23,癸,卯,壬,戌,甲,寅,定,甲寅,八專,北,申酉子丑,井,False,False,False,False,,False,True,False,東北,出遊(吉),小土(凶),下吉,False,寅卯,定
2023-10-24,癸,卯,壬,戌,乙,卯,執,乙卯,八專,北,申酉子丑,井,False,False,False,False,狼藉,False,True,False,東,出遊(吉),,下吉,False,寅卯,執
2023-10-25,癸,卯,壬,戌,丙,辰,破,丙辰,八專,北,申酉子丑,井,False,False,False,False,,False,False,False,東,出遊(吉),,,False,寅卯,破
2023-10-26,癸,卯,壬,戌,丁,巳,危,丁巳,八專,北,申酉子丑,井,False,False,True,False,,False,True,False,東,出遊(吉),,下吉,True,寅卯,危
2023-10-27,癸,卯,壬,戌,戊,午,成,戊午,八專,北,申酉子丑,井,False,True,False,False,,False,True,False,東,出遊(吉),,,False,寅卯,成
2023-10-28,癸,卯,壬,戌,己,未,收,己未,八專,北,申酉子丑,井,False,True,False,False,大禍,False,False,False,東,出遊(吉),,下吉,False,寅卯,收
2023-10-29,癸,卯,壬,戌,庚,申,開,庚申,八專,北,申酉子丑,井,False,False,False,False,,False,True,False,東南,出遊(吉),,,False,寅卯,開
2023-10-30,癸,卯,壬,戌,辛,酉,閉,辛酉,八專,北,申酉子丑,井,False,False,False,False,,False,True,False,東南,出遊(吉),,下吉,False,寅卯,閉
2023-10-31,癸,卯,壬,戌,壬,戌,建,壬戌,八專,北,申酉子丑,井,False,False,False,False,,False,False,False,東南,出遊(吉),,,False,寅卯,建
2023-11-01,癸,卯,壬,戌,癸,亥,除,癸亥,八專,北,申酉子丑,井,False,False,False,False,,False,True,False,東南,出遊(吉),,,True,寅卯,除
2023-11-02,癸,卯,壬,戌,甲,子,滿,甲子,,北,申酉子丑,井,False,False,False,True,,False,False,False,東南,出遊(吉),,,False,子丑,滿
2023-11-03,癸,卯,壬,戌,乙,丑,平,乙丑,,北,申酉子丑,井,False,False,False,False,滅門,False,False,False,東南,出遊(吉),,,False,子丑,平
2023-11-04,癸,卯,壬,戌,丙,寅,定,丙寅,,北,申酉子丑,井,False,False,False,False,,False,False,False,南,出遊(吉),,下吉,False,子丑,定
2023-11-05,癸,卯,壬,戌,丁,卯,執,丁卯,,北,申酉子丑,井,False,False,False,False,狼藉,False,False,False,南,出遊(吉),,下吉,False,子丑,執
2023-11-06,癸,卯,壬,戌,戊,辰,破,戊辰,,北,申酉子丑,井,False,True,False,False,,False,False,True,南,出遊(吉),,,False,子丑,破
2023-11-07,癸,卯,壬,戌,己,巳,危,己巳,,北,申酉子丑,井,False,True,True,False,,False,False,False,南,出遊(吉),,,True,子丑,危
2023-11-08,癸,卯,癸,亥,庚,午,危,庚午,,北,申酉子丑,庭,False,False,False,False,,False,False,False,南,出遊(吉),大土(凶),下吉,False,子丑,危
2023-11-09,癸,卯,癸,亥,辛,未,成,辛未,,北,申酉子丑,庭,False,False,False,False,,False,False,False,西南,出遊(吉),大土(凶),中吉,False,子丑,成
2023-11-10,癸,卯,癸,亥,壬,申,收,壬申,,北,申酉子丑,庭,False,True,False,False,滅門,False,False,False,西南,出遊(吉),大土(凶),,False,子丑,收
2023-11-11,癸,卯,癸,亥,癸,酉,開,癸酉,,北,申酉子丑,庭,False,False,False,False,,False,False,False,西南,出遊(吉),大土(凶),中吉,False,子丑,開
2023-11-12,癸,卯,癸,亥,甲,戌,閉,甲戌,,北,申酉子丑,庭,False,False,False,False,,False,False,False,西南,出遊(吉),大土(凶),,False,戌亥,閉
2023-11-13,癸,卯,癸,亥,乙,亥,建,乙亥,,北,申酉子丑,庭,False,False,True,False,,False,False,False,西南,出遊(吉),大土(凶),,True,戌亥,建
2023-11-14,癸,卯,癸,亥,丙,子,除,丙子,,北,申酉子丑,庭,False,True,False,False,,False,False,False,西南,出遊(吉),大土(凶),,False,戌亥,除
2023-11-15,癸,卯,癸,亥,丁,丑,滿,丁丑,,北,申酉子丑,庭,False,False,False,False,,False,False,False,西,出遊(吉),,下吉,False,戌亥,滿
2023-11-16,癸,卯,癸,亥,戊,寅,平,戊寅,,北,申酉子丑,庭,False,False,False,False,大禍,False,False,False,西,出遊(吉),,下吉,False,戌亥,平
2023-11-17,癸,卯,癸,亥,己,卯,定,己卯,,北,申酉子丑,庭,False,False,False,True,狼藉,False,False,False,西,出遊(吉),,,False,戌亥,定
2023-11-18,癸,卯,癸,亥,庚,辰,執,庚辰,,北,申酉子丑,庭,False,False,False,False,,False,False,False,西,出遊(吉),,下吉,False,戌亥,執
2023-11-19,癸,卯,癸,亥,辛,巳,破,辛巳,,北,申酉子丑,庭,False,False,False,False,,False,False,False,西,出遊(吉),,下吉,True,戌亥,破
2023-11-20,癸,卯,癸,亥,壬,午,危,壬午,,北,申酉子丑,庭,False,True,False,False,,False,False,False,西北,出遊(吉),,上吉,False,戌亥,危
2023-11-21,癸,卯,癸,亥,癸,未,成,癸未,,北,申酉子丑,庭,False,False,False,False,,False,False,False,西北,出遊(吉),,下吉,False,戌亥,成
2023-11-22,癸,卯,癸,亥,甲,申,收,甲申,十方暮,北,申酉子丑,庭,False,False,False,False,滅門,True,False,False,西北,出遊(吉),,上吉,False,申酉,收
2023-11-23,癸,卯,癸,亥,乙,酉,開,乙酉,十方暮,北,申酉子丑,庭,False,False,False,False,,True,False,False,西北,出遊(吉),,下吉,False,申酉,開
2023-11-24,癸,卯,癸,亥,丙,戌,閉,丙戌,十方暮,北,申酉子丑,庭,False,True,False,False,,True,False,True,西北,出遊(吉),,,False,申酉,閉
2023-11-25,癸,卯,癸,亥,丁,亥,建,丁亥,十方暮,北,申酉子丑,庭,False,False,True,False,,True,False,False,西北,出遊(吉),,,True,申酉,建
2023-11-26,癸,卯,癸,亥,戊,子,除,戊子,十方暮,北,申酉子丑,庭,False,False,False,False,,True,False,False,北,出遊(吉),,,False,申酉,除
2023-11-27,癸,卯,癸,亥,己,丑,滿,己丑,十方暮,北,申酉子丑,庭,False,False,False,False,,True,False,False,北,出遊(吉),,,False,申酉,滿
2023-11-28,癸,卯,癸,亥,庚,寅,平,庚寅,十方暮,北,申酉子丑,庭,False,False,False,False,大禍,True,False,False,北,出遊(吉),,上吉,False,申酉,平
2023-11-29,癸,卯,癸,亥,辛,卯,定,辛卯,十方暮,北,申酉子丑,庭,False,False,False,True,狼藉,True,False,False,北,出遊(吉),,,False,申酉,定
2023-11-30,癸,卯,癸,亥,壬,辰,執,壬辰,十方暮,北,申酉子丑,庭,False,True,False,False,,True,False,True,北,出遊(吉),,,False,申酉,執
2023-12-01,癸,卯,癸,亥,癸,巳,破,癸巳,天一天上,北,申酉子丑,庭,False,False,False,False,,True,False,False,天一天上,北宮(凶),,下吉,True,申酉,破
2023-12-02,癸,卯,癸,亥,甲,午,危,甲午,天一天上,北,申酉子丑,庭,False,False,False,False,,False,False,False,天一天上,北宮(凶),,,False,午未,危
2023-12-03,癸,卯,癸,亥,乙,未,成,乙未,天一天上,北,申酉子丑,庭,False,False,False,False,,False,False,True,天一天上,北宮(凶),,,False,午未,成
2023-12-04,癸,卯,癸,亥,丙,申,收,丙申,天一天上,北,申酉子丑,庭,False,True,False,False,滅門,False,False,False,天一天上,北宮(凶),,,False,午未,收
2023-12-05,癸,卯,癸,亥,丁,酉,開,丁酉,天一天上,北,申酉子丑,庭,False,False,False,False,,False,False,False,天一天上,北宮(凶),,上吉,False,午未,開
2023-12-06,癸,卯,癸,亥,戊,戌,閉,戊戌,天一天上,北,申酉子丑,庭,False,False,False,False,,False,False,False,天一天上,南宮(凶),,,False,午未,閉
2023-12-07,癸,卯,甲,子,己,亥,閉,己亥,天一天上,北,申酉子丑,庭,False,False,False,False,,False,False,False,天一天上,南宮(凶),,,True,午未,閉
2023-12-08,癸,卯,甲,子,庚,子,建,庚子,天一天上,北,申酉子丑,庭,False,False,False,False,,False,False,False,天一天上,南宮(凶),,中吉,False,午未,建
2023-12-09,癸,卯,甲,子,辛,丑,除,辛丑,天一天上,北,申酉子丑,庭,False,False,False,False,,False,False,True,天一天上,南宮(凶),,下吉,False,午未,除
2023-12-10,癸,卯,甲,子,壬,寅,滿,壬寅,天一天上,北,申酉子丑,庭,False,False,False,False,,False,False,False,天一天上,南宮(凶),,中吉,False,午未,滿
2023-12-11,癸,卯,甲,子,癸,卯,平,癸卯,天一天上,北,申酉子丑,庭,False,True,False,False,滅門,False,False,False,天一天上,西宮(凶),,下吉,False,午未,平
2023-12-12,癸,卯,甲,子,甲,辰,定,甲辰,天一天上,北,申酉子丑,庭,False,False,False,False,,False,False,False,天一天上,東宮(凶),,中吉,False,辰巳,定
2023-12-13,癸,卯,甲,子,乙,巳,執,乙巳,天一天上,北,申酉子丑,庭,False,False,False,False,,False,False,False,天一天上,東宮(凶),,,True,辰巳,執
2023-12-14,癸,卯,甲,子,丙,午,破,丙午,天一天上,北,申酉子丑,庭,False,False,True,True,狼藉,False,False,False,天一天上,東宮(凶),,下吉,False,辰巳,破
2023-12-15,癸,卯,甲,子,丁,未,危,丁未,天一天上,北,申酉子丑,庭,False,True,False,False,,False,False,False,天一天上,東宮(凶),,下吉,False,辰巳,危
2023-12-16,癸,卯,甲,子,戊,申,成,戊申,天一天上,北,申酉子丑,庭,False,False,False,False,,False,False,False,天一天上,東宮(凶),小土(凶),下吉,False,辰巳,成
2023-12-17,癸,卯,甲,子,己,酉,收,己酉,,北,申酉子丑,庭,False,False,False,False,大禍,False,False,False,東北,出遊(吉),小土(凶),上吉,False,辰巳,收
2023-12-18,癸,卯,甲,子,庚,戌,開,庚戌,,北,申酉子丑,庭,False,False,False,False,,False,False,False,東北,出遊(吉),小土(凶),,False,辰巳,開
2023-12-19,癸,卯,甲,子,辛,亥,閉,辛亥,,北,申酉子丑,庭,False,False,False,False,,False,False,False,東北,出遊(吉),小土(凶),下吉,True,辰巳,閉
2023-12-20,癸,卯,甲,子,壬,子,建,壬子,八專,北,申酉子丑,庭,False,False,False,False,,False,True,False,東北,出遊(吉),小土(凶),,False,辰巳,建
2023-12-21,癸,卯,甲,子,癸,丑,除,癸丑,八專,北,申酉子丑,庭,False,True,False,False,,False,False,False,東北,出遊(吉),小土(凶),下吉,False,辰巳,除
2023-12-22,癸,卯,甲,子,甲,寅,滿,甲寅,八專,北,申酉子丑,庭,False,False,False,False,,False,True,False,東北,出遊(吉),小土(凶),下吉,False,寅卯,滿
2023-12-23,癸,卯,甲,子,乙,卯,平,乙卯,八專,北,申酉子丑,庭,False,False,False,False,滅門,False,True,False,東,出遊(吉),,下吉,False,寅卯,平
2023-12-24,癸,卯,甲,子,丙,辰,定,丙辰,八專,北,申酉子丑,庭,False,False,False,False,,False,False,False,東,出遊(吉),,,False,寅卯,定
2023-12-25,癸,卯,甲,子,丁,巳,執,丁巳,八專,北,申酉子丑,庭,False,True,False,False,,False,True,False,東,出遊(吉),,下吉,True,寅卯,執
2023-12-26,癸,卯,甲,子,戊,午,破,戊午,八專,北,申酉子丑,庭,False,False,True,True,狼藉,False,True,False,東,出遊(吉),,,False,寅卯,破
2023-12-27,癸,卯,甲,子,己,未,危,己未,八專,北,申酉子丑,庭,False,False,False,False,,False,False,False,東,出遊(吉),,下吉,False,寅卯,危
2023-12-28,癸,卯,甲,子,庚,申,成,庚申,八專,北,申酉子丑,庭,False,False,False,False,,False,True,False,東南,出遊(吉),,,False,寅卯,成
2023-12-29,癸,卯,甲,子,辛,酉,收,辛酉,八專,北,申酉子丑,庭,False,False,False,False,大禍,False,True,False,東南,出遊(吉),,下吉,False,寅卯,收
2023-12-30,癸,卯,甲,子,壬,戌,開,壬戌,八專,北,申酉子丑,庭,False,False,False,False,,False,False,False,東南,出遊(吉),,,False,寅卯,開
2023-12-31,癸,卯,甲,子,癸,亥,閉,癸亥,八專,北,申酉子丑,庭,False,True,False,False,,False,True,False,東南,出遊(吉),,,True,寅卯,閉
2024-01-01,癸,卯,甲,子,甲,子,建,甲子,,北,申酉子丑,庭,True,False,False,False,,False,False,False,東南,出遊(吉),,,False,子丑,建
2024-01-02,癸,卯,甲,子,乙,丑,除,乙丑,,北,申酉子丑,庭,False,False,False,False,,False,False,False,東南,出遊(吉),,,False,子丑,除
2024-01-03,癸,卯,甲,子,丙,寅,滿,丙寅,,北,申酉子丑,庭,False,False,False,False,,False,False,False,南,出遊(吉),,下吉,False,子丑,滿
2024-01-04,癸,卯,甲,子,丁,卯,平,丁卯,,北,申酉子丑,庭,False,True,False,False,滅門,False,False,False,南,出遊(吉),,下吉,False,子丑,平
2024-01-05,癸,卯,甲,子,戊,辰,定,戊辰,,北,申酉子丑,庭,False,False,False,False,,False,False,True,南,出遊(吉),,,False,子丑,定
2024-01-06,癸,卯,乙,丑,己,巳,定,己巳,,北,申酉子丑,庭,False,True,False,False,,False,False,False,南,出遊(吉),,,True,子丑,定
2024-01-07,癸,卯,乙,丑,庚,午,執,庚午,,北,申酉子丑,庭,False,False,False,False,,False,False,False,南,出遊(吉),大土(凶),下吉,False,子丑,執
2024-01-08,癸,卯,乙,丑,辛,未,破,辛未,,北,申酉子丑,庭,False,False,False,False,,False,False,False,西南,出遊(吉),大土(凶),中吉,False,子丑,破
2024-01-09,癸,卯,乙,丑,壬,申,危,壬申,,北,申酉子丑,庭,False,False,False,False,,False,False,False,西南,出遊(吉),大土(凶),,False,子丑,危
2024-01-10,癸,卯,乙,丑,癸,酉,成,癸酉,,北,申酉子丑,庭,False,False,False,True,狼藉,False,False,False,西南,出遊(吉),大土(凶),中吉,False,子丑,成
2024-01-11,癸,卯,乙,丑,甲,戌,收,甲戌,,北,申酉子丑,庭,False,False,False,False,滅門,False,False,False,西南,出遊(吉),大土(凶),,False,戌亥,收
2024-01-12,癸,卯,乙,丑,乙,亥,開,乙亥,,北,申酉子丑,庭,False,False,False,False,,False,False,False,西南,出遊(吉),大土(凶),,True,戌亥,開
2024-01-13,癸,卯,乙,丑,丙,子,閉,丙子,,北,申酉子丑,庭,False,False,True,False,,False,False,False,西南,出遊(吉),大土(凶),,False,戌亥,閉
2024-01-14,癸,卯,乙,丑,丁,丑,建,丁丑,,北,申酉子丑,庭,False,False,False,False,,False,False,False,西,出遊(吉),,下吉,False,戌亥,建
2024-01-15,癸,卯,乙,丑,戊,寅,除,戊寅,,北,申酉子丑,庭,False,True,False,False,,False,False,False,西,出遊(吉),,下吉,False,戌亥,除
2024-01-16,癸,卯,乙,丑,己,卯,滿,己卯,,北,申酉子丑,庭,False,True,False,False,,False,False,False,西,出遊(吉),,,False,戌亥,滿
2024-01-17,癸,卯,乙,丑,庚,辰,平,庚辰,,北,申酉子丑,庭,False,False,False,False,大禍,False,False,False,西,出遊(吉),,下吉,False,戌亥,平
2024-01-18,癸,卯,乙,丑,辛,巳,定,辛巳,,北,申酉子丑,庭,False,False,False,False,,False,False,False,西,出遊(吉),,下吉,True,戌亥,定
2024-01-19,癸,卯,乙,丑,壬,午,執,壬午,,北,申酉子丑,庭,False,False,False,False,,False,False,False,西北,出遊(吉),,上吉,False,戌亥,執
2024-01-20,癸,卯,乙,丑,癸,未,破,癸未,,北,申酉子丑,庭,False,False,False,False,,False,False,False,西北,出遊(吉),,下吉,False,戌亥,破
2024-01-21,癸,卯,乙,丑,甲,申,危,甲申,十方暮,北,申酉子丑,庭,False,False,False,False,,True,False,False,西北,出遊(吉),,上吉,False,申酉,危
2024-01-22,癸,卯,乙,丑,乙,酉,成,乙酉,十方暮,北,申酉子丑,庭,False,False,False,True,狼藉,True,False,False,西北,出遊(吉),,下吉,False,申酉,成
2024-01-23,癸,卯,乙,丑,丙,戌,收,丙戌,十方暮,北,申酉子丑,庭,False,False,False,False,滅門,True,False,True,西北,出遊(吉),,,False,申酉,收
2024-01-24,癸,卯,乙,丑,丁,亥,開,丁亥,十方暮,北,申酉子丑,庭,False,False,False,False,,True,False,False,西北,出遊(吉),,,True,申酉,開
2024-01-25,癸,卯,乙,丑,戊,子,閉,戊子,十方暮,北,申酉子丑,庭,False,True,True,False,,True,False,False,北,出遊(吉),,,False,申酉,閉
2024-01-26,癸,卯,乙,丑,己,丑,建,己丑,十方暮,北,申酉子丑,庭,False,True,False,False,,True,False,False,北,出遊(吉),,,False,申酉,建
2024-01-27,癸,卯,乙,丑,庚,寅,除,庚寅,十方暮,北,申酉子丑,庭,False,False,False,False,,True,False,False,北,出遊(吉),,上吉,False,申酉,除
2024-01-28,癸,卯,乙,丑,辛,卯,滿,辛卯,十方暮,北,申酉子丑,庭,False,False,False,False,,True,False,False,北,出遊(吉),,,False,申酉,滿
2024-01-29,癸,卯,乙,丑,壬,辰,平,壬辰,十方暮,北,申酉子丑,庭,False,False,False,False,大禍,True,False,True,北,出遊(吉),,,False,申酉,平
2024-01-30,癸,卯,乙,丑,癸,巳,定,癸巳,天一天上,北,申酉子丑,庭,False,False,False,False,,True,False,False,天一天上,北宮(凶),,下吉,True,申酉,定
2024-01-31,癸,卯,乙,丑,甲,午,執,甲午,天一天上,北,申酉子丑,庭,False,False,False,False,,False,False,False,天一天上,北宮(凶),,,False,午未,執
2024-02-01,癸,卯,乙,丑,乙,未,破,乙未,天一天上,北,申酉子丑,庭,False,False,False,False,,False,False,True,天一天上,北宮(凶),,,False,午未,破
2024-02-02,癸,卯,乙,丑,丙,申,危,丙申,天一天上,北,申酉子丑,庭,False,False,False,False,,False,False,False,天一天上,北宮(凶),,,False,午未,危
2024-02-03,癸,卯,乙,丑,丁,酉,成,丁酉,天一天上,北,申酉子丑,庭,False,False,False,True,狼藉,False,False,False,天一天上,北宮(凶),,上吉,False,午未,成
2024-02-04,癸,卯,丙,寅,戊,戌,成,戊戌,天一天上,北,申酉子丑,灶,False,False,False,False,,False,False,False,天一天上,南宮(凶),,,False,午未,成
2024-02-05,癸,卯,丙,寅,己,亥,收,己亥,天一天上,北,申酉子丑,灶,False,False,False,False,大禍,False,False,False,天一天上,南宮(凶),,,True,午未,收
2024-02-06,癸,卯,丙,寅,庚,子,開,庚子,天一天上,北,申酉子丑,灶,False,True,False,True,狼藉,False,False,False,天一天上,南宮(凶),,中吉,False,午未,開
2024-02-07,癸,卯,丙,寅,辛,丑,閉,辛丑,天一天上,北,申酉子丑,灶,False,False,True,False,,False,False,True,天一天上,南宮(凶),,下吉,False,午未,閉
2024-02-08,癸,卯,丙,寅,壬,寅,建,壬寅,天一天上,北,申酉子丑,灶,False,False,False,False,,False,False,False,天一天上,南宮(凶),,中吉,False,午未,建
2024-02-09,癸,卯,丙,寅,癸,卯,除,癸卯,天一天上,北,申酉子丑,灶,False,False,False,False,,False,False,False,天一天上,西宮(凶),,下吉,False,午未,除
2024-02-10,甲,辰,丙,寅,甲,辰,滿,甲辰,天一天上,北,午未申酉,灶,False,True,False,False,,False,False,False,天一天上,東宮(凶),,中吉,False,辰巳,滿
2024-02-11,甲,辰,丙,寅,乙,巳,平,乙巳,天一天上,北,午未申酉,灶,False,False,False,False,滅門,False,False,False,天一天上,東宮(凶),,,True,辰巳,平
2024-02-12,甲,辰,丙,寅,丙,午,定,丙午,天一天上,北,午未申酉,灶,False,False,False,False,,False,False,False,天一天上,東宮(凶),,下吉,False,辰巳,定
2024-02-13,甲,辰,丙,寅,丁,未,執,丁未,天一天上,北,午未申酉,灶,False,False,False,False,,False,False,False,天一天上,東宮(凶),,下吉,False,辰巳,執
2024-02-14,甲,辰,丙,寅,戊,申,破,戊申,天一天上,北,午未申酉,灶,False,False,False,False,,False,False,False,天一天上,東宮(凶),小土(凶),下吉,False,辰巳,破
2024-02-15,甲,辰,丙,寅,己,酉,危,己酉,,北,午未申酉,灶,False,False,False,False,,False,False,False,東北,出遊(吉),小土(凶),上吉,False,辰巳,危
2024-02-16,甲,辰,丙,寅,庚,戌,成,庚戌,,北,午未申酉,灶,False,True,False,False,,False,False,False,東北,出遊(吉),小土(凶),,False,辰巳,成
2024-02-17,甲,辰,丙,寅,辛,亥,收,辛亥,,北,午未申酉,灶,False,False,False,False,大禍,False,False,False,東北,出遊(吉),小土(凶),下吉,True,辰巳,收
2024-02-18,甲,辰,丙,寅,壬,子,開,壬子,八專,北,午未申酉,灶,False,False,False,True,狼藉,False,True,False,東北,出遊(吉),小土(凶),,False,辰巳,開
2024-02-19,甲,辰,丙,寅,癸,丑,閉,癸丑,八專,北,午未申酉,灶,False,False,True,False,,False,False,False,東北,出遊(吉),小土(凶),下吉,False,辰巳,閉
2024-02-20,甲,辰,丙,寅,甲,寅,建,甲寅,八專,北,午未申酉,灶,False,True,False,False,,False,True,False,東北,出遊(吉),小土(凶),下吉,False,寅卯,建
2024-02-21,甲,辰,丙,寅,乙,卯,除,乙卯,八專,北,午未申酉,灶,False,False,False,False,,False,True,False,東,出遊(吉),,下吉,False,寅卯,除
2024-02-22,甲,辰,丙,寅,丙,辰,滿,丙辰,八專,北,午未申酉,灶,False,False,False,False,,False,False,False,東,出遊(吉),,,False,寅卯,滿
2024-02-23,甲,辰,丙,寅,丁,巳,平,丁巳,八專,北,午未申酉,灶,False,False,False,False,滅門,False,True,False,東,出遊(吉),,下吉,True,寅卯,平
2024-02-24,甲,辰,丙,寅,戊,午,定,戊午,八專,北,午未申酉,灶,False,False,False,False,,False,True,False,東,出遊(吉),,,False,寅卯,定
2024-02-25,甲,辰,丙,寅,己,未,執,己未,八專,北,午未申酉,灶,False,False,False,False,,False,False,False,東,出遊(吉),,下吉,False,寅卯,執
2024-02-26,甲,辰,丙,寅,庚,申,破,庚申,八專,北,午未申酉,灶,False,True,False,False,,False,True,False,東南,出遊(吉),,,False,寅卯,破
2024-02-27,甲,辰,丙,寅,辛,酉,危,辛酉,八專,北,午未申酉,灶,False,False,False,False,,False,True,False,東南,出遊(吉),,下吉,False,寅卯,危
2024-02-28,甲,辰,丙,寅,壬,戌,成,壬戌,八專,北,午未申酉,灶,False,False,False,False,,False,False,False,東南,出遊(吉),,,False,寅卯,成
2024-02-29,甲,辰,丙,寅,癸,亥,收,癸亥,八專,北,午未申酉,灶,False,False,False,False,大禍,False,True,False,東南,出遊(吉),,,True,寅卯,收
2024-03-01,甲,辰,丙,寅,甲,子,開,甲子,,北,午未申酉,灶,False,True,False,True,狼藉,False,False,False,東南,出遊(吉),,,False,子丑,開
2024-03-02,甲,辰,丙,寅,乙,丑,閉,乙丑,,北,午未申酉,灶,False,False,True,False,,False,False,False,東南,出遊(吉),,,False,子丑,閉
2024-03-03,甲,辰,丙,寅,丙,寅,建,丙寅,,北,午未申酉,灶,False,False,False,False,,False,False,False,南,出遊(吉),,下吉,False,子丑,建
2024-03-04,甲,辰,丙,寅,丁,卯,除,丁卯,,北,午未申酉,灶,False,False,False,False,,False,False,False,南,出遊(吉),,下吉,False,子丑,除
2024-03-05,甲,辰,丁,卯,戊,辰,除,戊辰,,北,午未申酉,灶,False,False,False,False,,False,False,True,南,出遊(吉),,,False,子丑,除
2024-03-06,甲,辰,丁,卯,己,巳,滿,己巳,,北,午未申酉,灶,False,False,False,False,,False,False,False,南,出遊(吉),,,True,子丑,滿
2024-03-07,甲,辰,丁,卯,庚,午,平,庚午,,北,午未申酉,灶,False,False,False,False,大禍,False,False,False,南,出遊(吉),大土(凶),下吉,False,子丑,平
2024-03-08,甲,辰,丁,卯,辛,未,定,辛未,,北,午未申酉,灶,False,True,True,False,,False,False,False,西南,出遊(吉),大土(凶),中吉,False,子丑,定
2024-03-09,甲,辰,丁,卯,壬,申,執,壬申,,北,午未申酉,灶,False,False,False,False,,False,False,False,西南,出遊(吉),大土(凶),,False,子丑,執
2024-03-10,甲,辰,丁,卯,癸,酉,破,癸酉,,北,午未申酉,灶,False,False,False,False,,False,False,False,西南,出遊(吉),大土(凶),中吉,False,子丑,破
2024-03-11,甲,辰,丁,卯,甲,戌,危,甲戌,,北,午未申酉,灶,False,False,False,False,,False,False,False,西南,出遊(吉),大土(凶),,False,戌亥,危
2024-03-12,甲,辰,丁,卯,乙,亥,成,乙亥,,北,午未申酉,灶,False,True,False,False,,False,False,False,西南,出遊(吉),大土(凶),,True,戌亥,成
2024-03-13,甲,辰,丁,卯,丙,子,收,丙子,,北,午未申酉,灶,False,False,False,False,滅門,False,False,False,西南,出遊(吉),大土(凶),,False,戌亥,收
2024-03-14,甲,辰,丁,卯,丁,丑,開,丁丑,,北,午未申酉,灶,False,False,False,False,,False,False,False,西,出遊(吉),,下吉,False,戌亥,開
2024-03-15,甲,辰,丁,卯,戊,寅,閉,戊寅,,北,午未申酉,灶,True,False,False,False,,False,False,False,西,出遊(吉),,下吉,False,戌亥,閉
2024-03-16,甲,辰,丁,卯,己,卯,建,己卯,,北,午未申酉,灶,False,False,False,True,狼藉,False,False,False,西,出遊(吉),,,False,戌亥,建
2024-03-17,甲,辰,丁,卯,庚,辰,除,庚辰,,北,午未申酉,灶,False,False,False,False,,False,False,False,西,出遊(吉),,下吉,False,戌亥,除
2024-03-18,甲,辰,丁,卯,辛,巳,滿,辛巳,,北,午未申酉,灶,False,True,False,False,,False,False,False,西,出遊(吉),,下吉,True,戌亥,滿
2024-03-19,甲,辰,丁,卯,壬,午,平,壬午,,北,午未申酉,灶,False,False,False,False,大禍,False,False,False,西北,出遊(吉),,上吉,False,戌亥,平
2024-03-20,甲,辰,丁,卯,癸,未,定,癸未,,北,午未申酉,灶,False,False,True,False,,False,False,False,西北,出遊(吉),,下吉,False,戌亥,定
2024-03-21,甲,辰,丁,卯,甲,申,執,甲申,十方暮,北,午未申酉,灶,False,False,False,False,,True,False,False,西北,出遊(吉),,上吉,False,申酉,執
2024-03-22,甲,辰,丁,卯,乙,酉,破,乙酉,十方暮,北,午未申酉,灶,False,True,False,False,,True,False,False,西北,出遊(吉),,下吉,False,申酉,破
2024-03-23,甲,辰,丁,卯,丙,戌,危,丙戌,十方暮,北,午未申酉,灶,False,False,False,False,,True,False,True,西北,出遊(吉),,,False,申酉,危
2024-03-24,甲,辰,丁,卯,丁,亥,成,丁亥,十方暮,北,午未申酉,灶,False,False,False,False,,True,False,False,西北,出遊(吉),,,True,申酉,成
2024-03-25,甲,辰,丁,卯,戊,子,收,戊子,十方暮,北,午未申酉,灶,False,False,False,False,滅門,True,False,False,北,出遊(吉),,,False,申酉,收
2024-03-26,甲,辰,丁,卯,己,丑,開,己丑,十方暮,北,午未申酉,灶,False,False,False,False,,True,False,False,北,出遊(吉),,,False,申酉,開
2024-03-27,甲,辰,丁,卯,庚,寅,閉,庚寅,十方暮,北,午未申酉,灶,False,False,False,False,,True,False,False,北,出遊(吉),,上吉,False,申酉,閉
2024-03-28,甲,辰,丁,卯,辛,卯,建,辛卯,十方暮,北,午未申酉,灶,False,True,False,True,狼藉,True,False,False,北,出遊(吉),,,False,申酉,建
2024-03-29,甲,辰,丁,卯,壬,辰,除,壬辰,十方暮,北,午未申酉,灶,False,False,False,False,,True,False,True,北,出遊(吉),,,False,申酉,除
2024-03-30,甲,辰,丁,卯,癸,巳,滿,癸巳,天一天上,北,午未申酉,灶,False,False,False,False,,True,False,False,天一天上,北宮(凶),,下吉,True,申酉,滿
2024-03-31,甲,辰,丁,卯,甲,午,平,甲午,天一天上,北,午未申酉,灶,False,False,False,False,大禍,False,False,False,天一天上,北宮(凶),,,False,午未,平
2024-04-01,甲,辰,丁,卯,乙,未,定,乙未,天一天上,北,午未申酉,灶,False,True,True,False,,False,False,True,天一天上,北宮(凶),,,False,午未,定
2024-04-02,甲,辰,丁,卯,丙,申,執,丙申,天一天上,北,午未申酉,灶,False,False,False,False,,False,False,False,天一天上,北宮(凶),,,False,午未,執
2024-04-03,甲,辰,丁,卯,丁,酉,破,丁酉,天一天上,北,午未申酉,灶,False,False,False,False,,False,False,False,天一天上,北宮(凶),,上吉,False,午未,破
2024-04-04,甲,辰,戊,辰,戊,戌,破,戊戌,天一天上,北,午未申酉,灶,False,True,False,False,,False,False,False,天一天上,南宮(凶),,,False,午未,破
2024-04-05,甲,辰,戊,辰,己,亥,危,己亥,天一天上,北,午未申酉,灶,False,True,False,False,,False,False,False,天一天上,南宮(凶),,,True,午未,危
2024-04-06,甲,辰,戊,辰,庚,子,成,庚子,天一天上,北,午未申酉,灶,False,False,False,False,,False,False,False,天一天上,南宮(凶),,中吉,False,午未,成
2024-04-07,甲,辰,戊,辰,辛,丑,收,辛丑,天一天上,北,午未申酉,灶,False,False,False,False,大禍,False,False,True,天一天上,南宮(凶),,下吉,False,午未,收
2024-04-08,甲,辰,戊,辰,壬,寅,開,壬寅,天一天上,北,午未申酉,灶,False,False,True,False,,False,False,False,天一天上,南宮(凶),,中吉,False,午未,開
2024-04-09,甲,辰,戊,辰,癸,卯,閉,癸卯,天一天上,北,午未申酉,灶,False,False,False,False,,False,False,False,天一天上,西宮(凶),,下吉,False,午未,閉
2024-04-10,甲,辰,戊,辰,甲,辰,建,甲辰,天一天上,北,午未申酉,灶,False,False,False,False,,False,False,False,天一天上,東宮(凶),,中吉,False,辰巳,建
2024-04-11,甲,辰,戊,辰,乙,巳,除,乙巳,天一天上,北,午未申酉,灶,False,False,False,False,,False,False,False,天一天上,東宮(凶),,,True,辰巳,除
2024-04-12,甲,辰,戊,辰,丙,午,滿,丙午,天一天上,北,午未申酉,灶,False,False,False,True,狼藉,False,False,False,天一天上,東宮(凶),,下吉,False,辰巳,滿
2024-04-13,甲,辰,戊,辰,丁,未,平,丁未,天一天上,北,午未申酉,灶,False,False,False,False,滅門,False,False,False,天一天上,東宮(凶),,下吉,False,辰巳,平
2024-04-14,甲,辰,戊,辰,戊,申,定,戊申,天一天上,北,午未申酉,灶,False,True,False,False,,False,False,False,天一天上,東宮(凶),小土(凶),下吉,False,辰巳,定
2024-04-15,甲,辰,戊,辰,己,酉,執,己酉,,北,午未申酉,灶,False,True,False,False,,False,False,False,東北,出遊(吉),小土(凶),上吉,False,辰巳,執
2024-04-16,甲,辰,戊,辰,庚,戌,破,庚戌,,北,午未申酉,灶,False,False,False,False,,False,False,False,東北,出遊(吉),小土(凶),,False,辰巳,破
2024-04-17,甲,辰,戊,辰,辛,亥,危,辛亥,,北,午未申酉,灶,False,False,False,False,,False,False,False,東北,出遊(吉),小土(凶),下吉,True,辰巳,危
2024-04-18,甲,辰,戊,辰,壬,子,成,壬子,八專,北,午未申酉,灶,False,False,False,False,,False,True,False,東北,出遊(吉),小土(凶),,False,辰巳,成
2024-04-19,甲,辰,戊,辰,癸,丑,收,癸丑,八專,北,午未申酉,灶,False,False,False,False,大禍,False,False,False,東北,出遊(吉),小土(凶),下吉,False,辰巳,收
2024-04-20,甲,辰,戊,辰,甲,寅,開,甲寅,八專,北,午未申酉,灶,False,False,True,False,,False,True,False,東北,出遊(吉),小土(凶),下吉,False,寅卯,開
2024-04-21,甲,辰,戊,辰,乙,卯,閉,乙卯,八專,北,午未申酉,灶,False,False,False,False,,False,True,False,東,出遊(吉),,下吉,False,寅卯,閉
2024-04-22,甲,辰,戊,辰,丙,辰,建,丙辰,八專,北,午未申酉,灶,False,False,False,False,,False,False,False,東,出遊(吉),,,False,寅卯,建
2024-04-23,甲,辰,戊,辰,丁,巳,除,丁巳,八專,北,午未申酉,灶,False,False,False,False,,False,True,False,東,出遊(吉),,下吉,True,寅卯,除
2024-04-24,甲,辰,戊,辰,戊,午,滿,戊午,八專,北,午未申酉,灶,False,True,False,True,狼藉,False,True,False,東,出遊(吉),,,False,寅卯,滿
2024-04-25,甲,辰,戊,辰,己,未,平,己未,八專,北,午未申酉,灶,False,True,False,False,滅門,False,False,False,東,出遊(吉),,下吉,False,寅卯,平
2024-04-26,甲,辰,戊,辰,庚,申,定,庚申,八專,北,午未申酉,灶,False,False,False,False,,False,True,False,東南,出遊(吉),,,False,寅卯,定
2024-04-27,甲,辰,戊,辰,辛,酉,執,辛酉,八專,北,午未申酉,灶,False,False,False,False,,False,True,False,東南,出遊(吉),,下吉,False,寅卯,執
2024-04-28,甲,辰,戊,辰,壬,戌,破,壬戌,八專,北,午未申酉,灶,False,False,False,False,,False,False,False,東南,出遊(吉),,,False,寅卯,破
2024-04-29,甲,辰,戊,辰,癸,亥,危,癸亥,八專,北,午未申酉,灶,False,False,False,False,,False,True,False,東南,出遊(吉),,,True,寅卯,危
2024-04-30,甲,辰,戊,辰,甲,子,成,甲子,,北,午未申酉,灶,False,False,False,False,,False,False,False,東南,出遊(吉),,,False,子丑,成
2024-05-01,甲,辰,戊,辰,乙,丑,收,乙丑,,北,午未申酉,灶,False,False,False,False,大禍,False,False,False,東南,出遊(吉),,,False,子丑,收
2024-05-02,甲,辰,戊,辰,丙,寅,開,丙寅,,北,午未申酉,灶,False,False,True,False,,False,False,False,南,出遊(吉),,下吉,False,子丑,開
2024-05-03,甲,辰,戊,辰,丁,卯,閉,丁卯,,北,午未申酉,灶,False,False,False,False,,False,False,False,南,出遊(吉),,下吉,False,子丑,閉
2024-05-04,甲,辰,戊,辰,戊,辰,建,戊辰,,北,午未申酉,灶,False,True,False,False,,False,False,True,南,出遊(吉),,,False,子丑,建
2024-05-05,甲,辰,己,巳,己,巳,建,己巳,,北,午未申酉,門,False,False,False,False,,False,False,False,南,出遊(吉),,,True,子丑,建
2024-05-06,甲,辰,己,巳,庚,午,除,庚午,,北,午未申酉,門,False,False,False,False,狼藉,False,False,False,南,出遊(吉),大土(凶),下吉,False,子丑,除
2024-05-07,甲,辰,己,巳,辛,未,滿,辛未,,北,午未申酉,門,False,False,False,False,,False,False,False,西南,出遊(吉),大土(凶),中吉,False,子丑,滿
2024-05-08,甲,辰,己,巳,壬,申,平,壬申,,北,午未申酉,門,False,True,True,False,大禍,False,False,False,西南,出遊(吉),大土(凶),,False,子丑,平
2024-05-09,甲,辰,己,巳,癸,酉,定,癸酉,,北,午未申酉,門,False,False,False,True,,False,False,False,西南,出遊(吉),大土(凶),中吉,False,子丑,定
2024-05-10,甲,辰,己,巳,甲,戌,執,甲戌,,北,午未申酉,門,False,False,False,False,,False,False,False,西南,出遊(吉),大土(凶),,False,戌亥,執
2024-05-11,甲,辰,己,巳,乙,亥,破,乙亥,,北,午未申酉,門,False,False,False,False,,False,False,False,西南,出遊(吉),大土(凶),,True,戌亥,破
2024-05-12,甲,辰,己,巳,丙,子,危,丙子,,北,午未申酉,門,False,True,False,False,,False,False,False,西南,出遊(吉),大土(凶),,False,戌亥,危
2024-05-13,甲,辰,己,巳,丁,丑,成,丁丑,,北,午未申酉,門,False,False,False,False,,False,False,False,西,出遊(吉),,下吉,False,戌亥,成
2024-05-14,甲,辰,己,巳,戊,寅,收,戊寅,,北,午未申酉,門,False,False,False,False,滅門,False,False,False,西,出遊(吉),,下吉,False,戌亥,收
2024-05-15,甲,辰,己,巳,己,卯,開,己卯,,北,午未申酉,門,False,False,False,False,,False,False,False,西,出遊(吉),,,False,戌亥,開
2024-05-16,甲,辰,己,巳,庚,辰,閉,庚辰,,北,午未申酉,門,False,False,False,False,,False,False,False,西,出遊(吉),,下吉,False,戌亥,閉
2024-05-17,甲,辰,己,巳,辛,巳,建,辛巳,,北,午未申酉,門,False,False,False,False,,False,False,False,西,出遊(吉),,下吉,True,戌亥,建
2024-05-18,甲,辰,己,巳,壬,午,除,壬午,,北,午未申酉,門,False,True,False,False,狼藉,False,False,False,西北,出遊(吉),,上吉,False,戌亥,除
2024-05-19,甲,辰,己,巳,癸,未,滿,癸未,,北,午未申酉,門,False,False,False,False,,False,False,False,西北,出遊(吉),,下吉,False,戌亥,滿
2024-05-20,甲,辰,己,巳,甲,申,平,甲申,十方暮,北,午未申酉,門,False,False,True,False,大禍,True,False,False,西北,出遊(吉),,上吉,False,申酉,平
2024-05-21,甲,辰,己,巳,乙,酉,定,乙酉,十方暮,北,午未申酉,門,False,False,False,True,,True,False,False,西北,出遊(吉),,下吉,False,申酉,定
2024-05-22,甲,辰,己,巳,丙,戌,執,丙戌,十方暮,北,午未申酉,門,False,True,False,False,,True,False,True,西北,出遊(吉),,,False,申酉,執
2024-05-23,甲,辰,己,巳,丁,亥,破,丁亥,十方暮,北,午未申酉,門,False,False,False,False,,True,False,False,西北,出遊(吉),,,True,申酉,破
2024-05-24,甲,辰,己,巳,戊,子,危,戊子,十方暮,北,午未申酉,門,False,False,False,False,,True,False,False,北,出遊(吉),,,False,申酉,危
2024-05-25,甲,辰,己,巳,己,丑,成,己丑,十方暮,北,午未申酉,門,False,False,False,False,,True,False,False,北,出遊(吉),,,False,申酉,成
2024-05-26,甲,辰,己,巳,庚,寅,收,庚寅,十方暮,北,午未申酉,門,False,False,False,False,滅門,True,False,False,北,出遊(吉),,上吉,False,申酉,收
2024-05-27,甲,辰,己,巳,辛,卯,開,辛卯,十方暮,北,午未申酉,門,False,False,False,False,,True,False,False,北,出遊(吉),,,False,申酉,開
2024-05-28,甲,辰,己,巳,壬,辰,閉,壬辰,十方暮,北,午未申酉,門,False,True,False,False,,True,False,True,北,出遊(吉),,,False,申酉,閉
2024-05-29,甲,辰,己,巳,癸,巳,建,癸巳,天一天上,北,午未申酉,門,False,False,False,False,,True,False,False,天一天上,北宮(凶),,下吉,True,申酉,建
2024-05-30,甲,辰,己,巳,甲,午,除,甲午,天一天上,北,午未申酉,門,True,False,False,False,狼藉,False,False,False,天一天上,北宮(凶),,,False,午未,除
2024-05-31,甲,辰,己,巳,乙,未,滿,乙未,天一天上,北,午未申酉,門,False,False,False,False,,False,False,True,天一天上,北宮(凶),,,False,午未,滿
2024-06-01,甲,辰,己,巳,丙,申,平,丙申,天一天上,北,午未申酉,門,False,True,True,False,大禍,False,False,False,天一天上,北宮(凶),,,False,午未,平
2024-06-02,甲,辰,己,巳,丁,酉,定,丁酉,天一天上,北,午未申酉,門,False,False,False,True,,False,False,False,天一天上,北宮(凶),,上吉,False,午未,定
2024-06-03,甲,辰,己,巳,戊,戌,執,戊戌,天一天上,北,午未申酉,門,False,False,False,False,,False,False,False,天一天上,南宮(凶),,,False,午未,執
2024-06-04,甲,辰,己,巳,己,亥,破,己亥,天一天上,北,午未申酉,門,False,False,False,False,,False,False,False,天一天上,南宮(凶),,,True,午未,破
2024-06-05,甲,辰,庚,午,庚,子,破,庚子,天一天上,北,午未申酉,門,False,False,False,True,狼藉,False,False,False,天一天上,南宮(凶),,中吉,False,午未,破
2024-06-06,甲,辰,庚,午,辛,丑,危,辛丑,天一天上,北,午未申酉,門,False,False,False,False,,False,False,True,天一天上,南宮(凶),,下吉,False,午未,危
2024-06-07,甲,辰,庚,午,壬,寅,成,壬寅,天一天上,北,午未申酉,門,False,False,False,False,,False,False,False,天一天上,南宮(凶),,中吉,False,午未,成
2024-06-08,甲,辰,庚,午,癸,卯,收,癸卯,天一天上,北,午未申酉,門,False,True,True,False,大禍,False,False,False,天一天上,西宮(凶),,下吉,False,午未,收
2024-06-09,甲,辰,庚,午,甲,辰,開,甲辰,天一天上,北,午未申酉,門,False,False,False,False,,False,False,False,天一天上,東宮(凶),,中吉,False,辰巳,開
2024-06-10,甲,辰,庚,午,乙,巳,閉,乙巳,天一天上,北,午未申酉,門,False,False,False,False,,False,False,False,天一天上,東宮(凶),,,True,辰巳,閉
2024-06-11,甲,辰,庚,午,丙,午,建,丙午,天一天上,北,午未申酉,門,False,False,False,False,,False,False,False,天一天上,東宮(凶),,下吉,False,辰巳,建
2024-06-12,甲,辰,庚,午,丁,未,除,丁未,天一天上,北,午未申酉,門,False,True,False,False,,False,False,False,天一天上,東宮(凶),,下吉,False,辰巳,除
2024-06-13,甲,辰,庚,午,戊,申,滿,戊申,天一天上,北,午未申酉,門,False,False,False,False,,False,False,False,天一天上,東宮(凶),小土(凶),下吉,False,辰巳,滿
2024-06-14,甲,辰,庚,午,己,酉,平,己酉,,北,午未申酉,門,False,False,False,False,滅門,False,False,False,東北,出遊(吉),小土(凶),上吉,False,辰巳,平
2024-06-15,甲,辰,庚,午,庚,戌,定,庚戌,,北,午未申酉,門,False,False,False,False,,False,False,False,東北,出遊(吉),小土(凶),,False,辰巳,定
2024-06-16,甲,辰,庚,午,辛,亥,執,辛亥,,北,午未申酉,門,False,False,False,False,,False,False,False,東北,出遊(吉),小土(凶),下吉,True,辰巳,執
2024-06-17,甲,辰,庚,午,壬,子,破,壬子,八專,北,午未申酉,門,False,False,False,True,狼藉,False,True,False,東北,出遊(吉),小土(凶),,False,辰巳,破
2024-06-18,甲,辰,庚,午,癸,丑,危,癸丑,八專,北,午未申酉,門,False,True,False,False,,False,False,False,東北,出遊(吉),小土(凶),下吉,False,辰巳,危
2024-06-19,甲,辰,庚,午,甲,寅,成,甲寅,八專,北,午未申酉,門,False,False,False,False,,False,True,False,東北,出遊(吉),小土(凶),下吉,False,寅卯,成
2024-06-20,甲,辰,庚,午,乙,卯,收,乙卯,八專,北,午未申酉,門,False,False,True,False,大禍,False,True,False,東,出遊(吉),,下吉,False,寅卯,收
2024-06-21,甲,辰,庚,午,丙,辰,開,丙辰,八專,北,午未申酉,門,False,False,False,False,,False,False,False,東,出遊(吉),,,False,寅卯,開
2024-06-22,甲,辰,庚,午,丁,巳,閉,丁巳,八專,北,午未申酉,門,False,True,False,False,,False,True,False,東,出遊(吉),,下吉,True,寅卯,閉
2024-06-23,甲,辰,庚,午,戊,午,建,戊午,八專,北,午未申酉,門,False,False,False,False,,False,True,False,東,出遊(吉),,,False,寅卯,建
2024-06-24,甲,辰,庚,午,己,未,除,己未,八專,北,午未申酉,門,False,False,False,False,,False,False,False,東,出遊(吉),,下吉,False,寅卯,除
2024-06-25,甲,辰,庚,午,庚,申,滿,庚申,八專,北,午未申酉,門,False,False,False,False,,False,True,False,東南,出遊(吉),,,False,寅卯,滿
2024-06-26,甲,辰,庚,午,辛,酉,平,辛酉,八專,北,午未申酉,門,False,False,False,False,滅門,False,True,False,東南,出遊(吉),,下吉,False,寅卯,平
2024-06-27,甲,辰,庚,午,壬,戌,定,壬戌,八專,北,午未申酉,門,False,False,False,False,,False,False,False,東南,出遊(吉),,,False,寅卯,定
2024-06-28,甲,辰,庚,午,癸,亥,執,癸亥,八專,北,午未申酉,門,False,True,False,False,,False,True,False,東南,出遊(吉),,,True,寅卯,執
2024-06-29,甲,辰,庚,午,甲,子,破,甲子,,北,午未申酉,門,False,False,False,True,狼藉,False,False,False,東南,出遊(吉),,,False,子丑,破
2024-06-30,甲,辰,庚,午,乙,丑,危,乙丑,,北,午未申酉,門,False,False,False,False,,False,False,False,東南,出遊(吉),,,False,子丑,危
2024-07-01,甲,辰,庚,午,丙,寅,成,丙寅,,北,午未申酉,門,False,False,False,False,,False,False,False,南,出遊(吉),,下吉,False,子丑,成
2024-07-02,甲,辰,庚,午,丁,卯,收,丁卯,,北,午未申酉,門,False,True,True,False,大禍,False,False,False,南,出遊(吉),,下吉,False,子丑,收
2024-07-03,甲,辰,庚,午,戊,辰,開,戊辰,,北,午未申酉,門,False,False,False,False,,False,False,True,南,出遊(吉),,,False,子丑,開
2024-07-04,甲,辰,庚,午,己,巳,閉,己巳,,北,午未申酉,門,False,False,False,False,,False,False,False,南,出遊(吉),,,True,子丑,閉
2024-07-05,甲,辰,庚,午,庚,午,建,庚午,,北,午未申酉,門,False,False,False,False,,False,False,False,南,出遊(吉),大土(凶),下吉,False,子丑,建
2024-07-06,甲,辰,辛,未,辛,未,建,辛未,,北,午未申酉,門,False,False,False,False,,False,False,False,西南,出遊(吉),大土(凶),中吉,False,子丑,建
2024-07-07,甲,辰,辛,未,壬,申,除,壬申,,北,午未申酉,門,False,False,False,False,,False,False,False,西南,出遊(吉),大土(凶),,False,子丑,除
2024-07-08,甲,辰,辛,未,癸,酉,滿,癸酉,,北,午未申酉,門,False,False,True,False,,False,False,False,西南,出遊(吉),大土(凶),中吉,False,子丑,滿
2024-07-09,甲,辰,辛,未,甲,戌,平,甲戌,,北,午未申酉,門,False,False,False,False,大禍,False,False,False,西南,出遊(吉),大土(凶),,False,戌亥,平
2024-07-10,甲,辰,辛,未,乙,亥,定,乙亥,,北,午未申酉,門,False,False,False,False,,False,False,False,西南,出遊(吉),大土(凶),,True,戌亥,定
2024-07-11,甲,辰,辛,未,丙,子,執,丙子,,北,午未申酉,門,False,False,False,False,,False,False,False,西南,出遊(吉),大土(凶),,False,戌亥,執
2024-07-12,甲,辰,辛,未,丁,丑,破,丁丑,,北,午未申酉,門,False,False,False,False,,False,False,False,西,出遊(吉),,下吉,False,戌亥,破
2024-07-13,甲,辰,辛,未,戊,寅,危,戊寅,,北,午未申酉,門,False,True,False,False,,False,False,False,西,出遊(吉),,下吉,False,戌亥,危
2024-07-14,甲,辰,辛,未,己,卯,成,己卯,,北,午未申酉,門,False,True,False,True,狼藉,False,False,False,西,出遊(吉),,,False,戌亥,成
2024-07-15,甲,辰,辛,未,庚,辰,收,庚辰,,北,午未申酉,門,False,False,False,False,滅門,False,False,False,西,出遊(吉),,下吉,False,戌亥,收
2024-07-16,甲,辰,辛,未,辛,巳,開,辛巳,,北,午未申酉,門,False,False,False,False,,False,False,False,西,出遊(吉),,下吉,True,戌亥,開
2024-07-17,甲,辰,辛,未,壬,午,閉,壬午,,北,午未申酉,門,False,False,False,False,,False,False,False,西北,出遊(吉),,上吉,False,戌亥,閉
2024-07-18,甲,辰,辛,未,癸,未,建,癸未,,北,午未申酉,門,False,False,False,False,,False,False,False,西北,出遊(吉),,下吉,False,戌亥,建
2024-07-19,甲,辰,辛,未,甲,申,除,甲申,十方暮,北,午未申酉,門,False,False,False,False,,True,False,False,西北,出遊(吉),,上吉,False,申酉,除
2024-07-20,甲,辰,辛,未,乙,酉,滿,乙酉,十方暮,北,午未申酉,門,False,False,True,False,,True,False,False,西北,出遊(吉),,下吉,False,申酉,滿
2024-07-21,甲,辰,辛,未,丙,戌,平,丙戌,十方暮,北,午未申酉,門,False,False,False,False,大禍,True,False,True,西北,出遊(吉),,,False,申酉,平
2024-07-22,甲,辰,辛,未,丁,亥,定,丁亥,十方暮,北,午未申酉,門,False,False,False,False,,True,False,False,西北,出遊(吉),,,True,申酉,定
2024-07-23,甲,辰,辛,未,戊,子,執,戊子,十方暮,北,午未申酉,門,False,True,False,False,,True,False,False,北,出遊(吉),,,False,申酉,執
2024-07-24,甲,辰,辛,未,己,丑,破,己丑,十方暮,北,午未申酉,門,False,True,False,False,,True,False,False,北,出遊(吉),,,False,申酉,破
2024-07-25,甲,辰,辛,未,庚,寅,危,庚寅,十方暮,北,午未申酉,門,False,False,False,False,,True,False,False,北,出遊(吉),,上吉,False,申酉,危
2024-07-26,甲,辰,辛,未,辛,卯,成,辛卯,十方暮,北,午未申酉,門,False,False,False,True,狼藉,True,False,False,北,出遊(吉),,,False,申酉,成
2024-07-27,甲,辰,辛,未,壬,辰,收,壬辰,十方暮,北,午未申酉,門,False,False,False,False,滅門,True,False,True,北,出遊(吉),,,False,申酉,收
2024-07-28,甲,辰,辛,未,癸,巳,開,癸巳,天一天上,北,午未申酉,門,False,False,False,False,,True,False,False,天一天上,北宮(凶),,下吉,True,申酉,開
2024-07-29,甲,辰,辛,未,甲,午,閉,甲午,天一天上,北,午未申酉,門,True,False,False,False,,False,False,False,天一天上,北宮(凶),,,False,午未,閉
2024-07-30,甲,辰,辛,未,乙,未,建,乙未,天一天上,北,午未申酉,門,False,False,False,False,,False,False,True,天一天上,北宮(凶),,,False,午未,建
2024-07-31,甲,辰,辛,未,丙,申,除,丙申,天一天上,北,午未申酉,門,False,False,False,False,,False,False,False,天一天上,北宮(凶),,,False,午未,除
2024-08-01,甲,辰,辛,未,丁,酉,滿,丁酉,天一天上,北,午未申酉,門,False,False,True,False,,False,False,False,天一天上,北宮(凶),,上吉,False,午未,滿
2024-08-02,甲,辰,辛,未,戊,戌,平,戊戌,天一天上,北,午未申酉,門,False,True,False,False,大禍,False,False,False,天一天上,南宮(凶),,,False,午未,平
2024-08-03,甲,辰,辛,未,己,亥,定,己亥,天一天上,北,午未申酉,門,False,True,False,False,,False,False,False,天一天上,南宮(凶),,,True,午未,定
2024-08-04,甲,辰,辛,未,庚,子,執,庚子,天一天上,北,午未申酉,門,False,False,False,False,,False,False,False,天一天上,南宮(凶),,中吉,False,午未,執
2024-08-05,甲,辰,辛,未,辛,丑,破,辛丑,天一天上,北,午未申酉,門,False,False,False,False,,False,False,True,天一天上,南宮(凶),,下吉,False,午未,破
2024-08-06,甲,辰,辛,未,壬,寅,危,壬寅,天一天上,北,午未申酉,門,False,False,False,False,,False,False,False,天一天上,南宮(凶),,中吉,False,午未,危
2024-08-07,甲,辰,壬,申,癸,卯,危,癸卯,天一天上,北,午未申酉,井,False,False,False,False,,False,False,False,天一天上,西宮(凶),,下吉,False,午未,危
2024-08-08,甲,辰,壬,申,甲,辰,成,甲辰,天一天上,北,午未申酉,井,False,True,True,False,,False,False,False,天一天上,東宮(凶),,中吉,False,辰巳,成
2024-08-09,甲,辰,壬,申,乙,巳,收,乙巳,天一天上,北,午未申酉,井,False,False,False,False,大禍,False,False,False,天一天上,東宮(凶),,,True,辰巳,收
2024-08-10,甲,辰,壬,申,丙,午,開,丙午,天一天上,北,午未申酉,井,False,False,False,True,,False,False,False,天一天上,東宮(凶),,下吉,False,辰巳,開
2024-08-11,甲,辰,壬,申,丁,未,閉,丁未,天一天上,北,午未申酉,井,False,False,False,False,,False,False,False,天一天上,東宮(凶),,下吉,False,辰巳,閉
2024-08-12,甲,辰,壬,申,戊,申,建,戊申,天一天上,北,午未申酉,井,True,False,False,False,,False,False,False,天一天上,東宮(凶),小土(凶),下吉,False,辰巳,建
2024-08-13,甲,辰,壬,申,己,酉,除,己酉,,北,午未申酉,井,False,False,False,False,狼藉,False,False,False,東北,出遊(吉),小土(凶),上吉,False,辰巳,除
2024-08-14,甲,辰,壬,申,庚,戌,滿,庚戌,,北,午未申酉,井,False,True,False,False,,False,False,False,東北,出遊(吉),小土(凶),,False,辰巳,滿
2024-08-15,甲,辰,壬,申,辛,亥,平,辛亥,,北,午未申酉,井,False,False,False,False,滅門,False,False,False,東北,出遊(吉),小土(凶),下吉,True,辰巳,平
2024-08-16,甲,辰,壬,申,壬,子,定,壬子,八專,北,午未申酉,井,False,False,False,False,,False,True,False,東北,出遊(吉),小土(凶),,False,辰巳,定
2024-08-17,甲,辰,壬,申,癸,丑,執,癸丑,八專,北,午未申酉,井,False,False,False,False,,False,False,False,東北,出遊(吉),小土(凶),下吉,False,辰巳,執
2024-08-18,甲,辰,壬,申,甲,寅,破,甲寅,八專,北,午未申酉,井,False,True,False,False,,False,True,False,東北,出遊(吉),小土(凶),下吉,False,寅卯,破
2024-08-19,甲,辰,壬,申,乙,卯,危,乙卯,八專,北,午未申酉,井,False,False,False,False,,False,True,False,東,出遊(吉),,下吉,False,寅卯,危
2024-08-20,甲,辰,壬,申,丙,辰,成,丙辰,八專,北,午未申酉,井,False,False,True,False,,False,False,False,東,出遊(吉),,,False,寅卯,成
2024-08-21,甲,辰,壬,申,丁,巳,收,丁巳,八專,北,午未申酉,井,False,False,False,False,大禍,False,True,False,東,出遊(吉),,下吉,True,寅卯,收
2024-08-22,甲,辰,壬,申,戊,午,開,戊午,八專,北,午未申酉,井,False,False,False,True,,False,True,False,東,出遊(吉),,,False,寅卯,開
2024-08-23,甲,辰,壬,申,己,未,閉,己未,八專,北,午未申酉,井,False,False,False,False,,False,False,False,東,出遊(吉),,下吉,False,寅卯,閉
2024-08-24,甲,辰,壬,申,庚,申,建,庚申,八專,北,午未申酉,井,False,True,False,False,,False,True,False,東南,出遊(吉),,,False,寅卯,建
2024-08-25,甲,辰,壬,申,辛,酉,除,辛酉,八專,北,午未申酉,井,False,False,False,False,狼藉,False,True,False,東南,出遊(吉),,下吉,False,寅卯,除
2024-08-26,甲,辰,壬,申,壬,戌,滿,壬戌,八專,北,午未申酉,井,False,False,False,False,,False,False,False,東南,出遊(吉),,,False,寅卯,滿
2024-08-27,甲,辰,壬,申,癸,亥,平,癸亥,八專,北,午未申酉,井,False,False,False,False,滅門,False,True,False,東南,出遊(吉),,,True,寅卯,平
2024-08-28,甲,辰,壬,申,甲,子,定,甲子,,北,午未申酉,井,False,True,False,False,,False,False,False,東南,出遊(吉),,,False,子丑,定
2024-08-29,甲,辰,壬,申,乙,丑,執,乙丑,,北,午未申酉,井,False,False,False,False,,False,False,False,東南,出遊(吉),,,False,子丑,執
2024-08-30,甲,辰,壬,申,丙,寅,破,丙寅,,北,午未申酉,井,False,False,False,False,,False,False,False,南,出遊(吉),,下吉,False,子丑,破
2024-08-31,甲,辰,壬,申,丁,卯,危,丁卯,,北,午未申酉,井,False,False,False,False,,False,False,False,南,出遊(吉),,下吉,False,子丑,危
2024-09-01,甲,辰,壬,申,戊,辰,成,戊辰,,北,午未申酉,井,False,False,True,False,,False,False,True,南,出遊(吉),,,False,子丑,成
2024-09-02,甲,辰,壬,申,己,巳,收,己巳,,北,午未申酉,井,False,False,False,False,大禍,False,False,False,南,出遊(吉),,,True,子丑,收
2024-09-03,甲,辰,壬,申,庚,午,開,庚午,,北,午未申酉,井,False,True,False,True,,False,False,False,南,出遊(吉),大土(凶),下吉,False,子丑,開
2024-09-04,甲,辰,壬,申,辛,未,閉,辛未,,北,午未申酉,井,False,False,False,False,,False,False,False,西南,出遊(吉),大土(凶),中吉,False,子丑,閉
2024-09-05,甲,辰,壬,申,壬,申,建,壬申,,北,午未申酉,井,False,False,False,False,,False,False,False,西南,出遊(吉),大土(凶),,False,子丑,建
2024-09-06,甲,辰,壬,申,癸,酉,除,癸酉,,北,午未申酉,井,False,False,False,False,狼藉,False,False,False,西南,出遊(吉),大土(凶),中吉,False,子丑,除
2024-09-07,甲,辰,癸,酉,甲,戌,除,甲戌,,北,午未申酉,井,False,False,True,False,,False,False,False,西南,出遊(吉),大土(凶),,False,戌亥,除
2024-09-08,甲,辰,癸,酉,乙,亥,滿,乙亥,,北,午未申酉,井,False,True,False,False,,False,False,False,西南,出遊(吉),大土(凶),,True,戌亥,滿
2024-09-09,甲,辰,癸,酉,丙,子,平,丙子,,北,午未申酉,井,False,False,False,False,大禍,False,False,False,西南,出遊(吉),大土(凶),,False,戌亥,平
2024-09-10,甲,辰,癸,酉,丁,丑,定,丁丑,,北,午未申酉,井,False,False,False,False,,False,False,False,西,出遊(吉),,下吉,False,戌亥,定
2024-09-11,甲,辰,癸,酉,戊,寅,執,戊寅,,北,午未申酉,井,False,False,False,False,,False,False,False,西,出遊(吉),,下吉,False,戌亥,執
2024-09-12,甲,辰,癸,酉,己,卯,破,己卯,,北,午未申酉,井,False,False,False,False,,False,False,False,西,出遊(吉),,,False,戌亥,破
2024-09-13,甲,辰,癸,酉,庚,辰,危,庚辰,,北,午未申酉,井,False,False,False,False,,False,False,False,西,出遊(吉),,下吉,False,戌亥,危
2024-09-14,甲,辰,癸,酉,辛,巳,成,辛巳,,北,午未申酉,井,False,True,False,False,,False,False,False,西,出遊(吉),,下吉,True,戌亥,成
2024-09-15,甲,辰,癸,酉,壬,午,收,壬午,,北,午未申酉,井,False,False,False,False,滅門,False,False,False,西北,出遊(吉),,上吉,False,戌亥,收
2024-09-16,甲,辰,癸,酉,癸,未,開,癸未,,北,午未申酉,井,False,False,False,False,,False,False,False,西北,出遊(吉),,下吉,False,戌亥,開
2024-09-17,甲,辰,癸,酉,甲,申,閉,甲申,十方暮,北,午未申酉,井,False,False,False,False,,True,False,False,西北,出遊(吉),,上吉,False,申酉,閉
2024-09-18,甲,辰,癸,酉,乙,酉,建,乙酉,十方暮,北,午未申酉,井,False,True,False,True,狼藉,True,False,False,西北,出遊(吉),,下吉,False,申酉,建
2024-09-19,甲,辰,癸,酉,丙,戌,除,丙戌,十方暮,北,午未申酉,井,False,False,True,False,,True,False,True,西北,出遊(吉),,,False,申酉,除
2024-09-20,甲,辰,癸,酉,丁,亥,滿,丁亥,十方暮,北,午未申酉,井,False,False,False,False,,True,False,False,西北,出遊(吉),,,True,申酉,滿
2024-09-21,甲,辰,癸,酉,戊,子,平,戊子,十方暮,北,午未申酉,井,False,False,False,False,大禍,True,False,False,北,出遊(吉),,,False,申酉,平
2024-09-22,甲,辰,癸,酉,己,丑,定,己丑,十方暮,北,午未申酉,井,False,False,False,False,,True,False,False,北,出遊(吉),,,False,申酉,定
2024-09-23,甲,辰,癸,酉,庚,寅,執,庚寅,十方暮,北,午未申酉,井,False,False,False,False,,True,False,False,北,出遊(吉),,上吉,False,申酉,執
2024-09-24,甲,辰,癸,酉,辛,卯,破,辛卯,十方暮,北,午未申酉,井,False,True,False,False,,True,False,False,北,出遊(吉),,,False,申酉,破
2024-09-25,甲,辰,癸,酉,壬,辰,危,壬辰,十方暮,北,午未申酉,井,False,False,False,False,,True,False,True,北,出遊(吉),,,False,申酉,危
2024-09-26,甲,辰,癸,酉,癸,巳,成,癸巳,天一天上,北,午未申酉,井,False,False,False,False,,True,False,False,天一天上,北宮(凶),,下吉,True,申酉,成
2024-09-27,甲,辰,癸,酉,甲,午,收,甲午,天一天上,北,午未申酉,井,False,False,False,False,滅門,False,False,False,天一天上,北宮(凶),,,False,午未,收
2024-09-28,甲,辰,癸,酉,乙,未,開,乙未,天一天上,北,午未申酉,井,False,True,False,False,,False,False,True,天一天上,北宮(凶),,,False,午未,開
2024-09-29,甲,辰,癸,酉,丙,申,閉,丙申,天一天上,北,午未申酉,井,False,False,False,False,,False,False,False,天一天上,北宮(凶),,,False,午未,閉
2024-09-30,甲,辰,癸,酉,丁,酉,建,丁酉,天一天上,北,午未申酉,井,False,False,False,True,狼藉,False,False,False,天一天上,北宮(凶),,上吉,False,午未,建
2024-10-01,甲,辰,癸,酉,戊,戌,除,戊戌,天一天上,北,午未申酉,井,False,False,True,False,,False,False,False,天一天上,南宮(凶),,,False,午未,除
2024-10-02,甲,辰,癸,酉,己,亥,滿,己亥,天一天上,北,午未申酉,井,False,False,False,False,,False,False,False,天一天上,南宮(凶),,,True,午未,滿
2024-10-03,甲,辰,癸,酉,庚,子,平,庚子,天一天上,北,午未申酉,井,False,False,False,False,大禍,False,False,False,天一天上,南宮(凶),,中吉,False,午未,平
2024-10-04,甲,辰,癸,酉,辛,丑,定,辛丑,天一天上,北,午未申酉,井,False,True,False,False,,False,False,True,天一天上,南宮(凶),,下吉,False,午未,定
2024-10-05,甲,辰,癸,酉,壬,寅,執,壬寅,天一天上,北,午未申酉,井,False,False,False,False,,False,False,False,天一天上,南宮(凶),,中吉,False,午未,執
2024-10-06,甲,辰,癸,酉,癸,卯,破,癸卯,天一天上,北,午未申酉,井,False,False,False,False,,False,False,False,天一天上,西宮(凶),,下吉,False,午未,破
2024-10-07,甲,辰,癸,酉,甲,辰,危,甲辰,天一天上,北,午未申酉,井,False,False,False,False,,False,False,False,天一天上,東宮(凶),,中吉,False,辰巳,危
2024-10-08,甲,辰,甲,戌,乙,巳,危,乙巳,天一天上,北,午未申酉,井,False,False,True,False,,False,False,False,天一天上,東宮(凶),,,True,辰巳,危
2024-10-09,甲,辰,甲,戌,丙,午,成,丙午,天一天上,北,午未申酉,井,False,False,False,False,,False,False,False,天一天上,東宮(凶),,下吉,False,辰巳,成
2024-10-10,甲,辰,甲,戌,丁,未,收,丁未,天一天上,北,午未申酉,井,False,False,False,False,大禍,False,False,False,天一天上,東宮(凶),,下吉,False,辰巳,收
2024-10-11,甲,辰,甲,戌,戊,申,開,戊申,天一天上,北,午未申酉,井,True,True,False,False,,False,False,False,天一天上,東宮(凶),小土(凶),下吉,False,辰巳,開
2024-10-12,甲,辰,甲,戌,己,酉,閉,己酉,,北,午未申酉,井,False,True,False,False,,False,False,False,東北,出遊(吉),小土(凶),上吉,False,辰巳,閉
2024-10-13,甲,辰,甲,戌,庚,戌,建,庚戌,,北,午未申酉,井,False,False,False,False,,False,False,False,東北,出遊(吉),小土(凶),,False,辰巳,建
2024-10-14,甲,辰,甲,戌,辛,亥,除,辛亥,,北,午未申酉,井,False,False,False,False,,False,False,False,東北,出遊(吉),小土(凶),下吉,True,辰巳,除
2024-10-15,甲,辰,甲,戌,壬,子,滿,壬子,八專,北,午未申酉,井,False,False,False,True,,False,True,False,東北,出遊(吉),小土(凶),,False,辰巳,滿
2024-10-16,甲,辰,甲,戌,癸,丑,平,癸丑,八專,北,午未申酉,井,False,False,False,False,滅門,False,False,False,東北,出遊(吉),小土(凶),下吉,False,辰巳,平
2024-10-17,甲,辰,甲,戌,甲,寅,定,甲寅,八專,北,午未申酉,井,False,False,False,False,,False,True,False,東北,出遊(吉),小土(凶),下吉,False,寅卯,定
2024-10-18,甲,辰,甲,戌,乙,卯,執,乙卯,八專,北,午未申酉,井,False,False,False,False,狼藉,False,True,False,東,出遊(吉),,下吉,False,寅卯,執
2024-10-19,甲,辰,甲,戌,丙,辰,破,丙辰,八專,北,午未申酉,井,False,False,False,False,,False,False,False,東,出遊(吉),,,False,寅卯,破
2024-10-20,甲,辰,甲,戌,丁,巳,危,丁巳,八專,北,午未申酉,井,False,False,True,False,,False,True,False,東,出遊(吉),,下吉,True,寅卯,危
2024-10-21,甲,辰,甲,戌,戊,午,成,戊午,八專,北,午未申酉,井,False,True,False,False,,False,True,False,東,出遊(吉),,,False,寅卯,成
2024-10-22,甲,辰,甲,戌,己,未,收,己未,八專,北,午未申酉,井,False,True,False,False,大禍,False,False,False,東,出遊(吉),,下吉,False,寅卯,收
2024-10-23,甲,辰,甲,戌,庚,申,開,庚申,八專,北,午未申酉,井,False,False,False,False,,False,True,False,東南,出遊(吉),,,False,寅卯,開
2024-10-24,甲,辰,甲,戌,辛,酉,閉,辛酉,八專,北,午未申酉,井,False,False,False,False,,False,True,False,東南,出遊(吉),,下吉,False,寅卯,閉
2024-10-25,甲,辰,甲,戌,壬,戌,建,壬戌,八專,北,午未申酉,井,False,False,False,False,,False,False,False,東南,出遊(吉),,,False,寅卯,建
2024-10-26,甲,辰,甲,戌,癸,亥,除,癸亥,八專,北,午未申酉,井,False,False,False,False,,False,True,False,東南,出遊(吉),,,True,寅卯,除
2024-10-27,甲,辰,甲,戌,甲,子,滿,甲子,,北,午未申酉,井,False,False,False,True,,False,False,False,東南,出遊(吉),,,False,子丑,滿
2024-10-28,甲,辰,甲,戌,乙,丑,平,乙丑,,北,午未申酉,井,False,False,False,False,滅門,False,False,False,東南,出遊(吉),,,False,子丑,平
2024-10-29,甲,辰,甲,戌,丙,寅,定,丙寅,,北,午未申酉,井,False,False,False,False,,False,False,False,南,出遊(吉),,下吉,False,子丑,定
2024-10-30,甲,辰,甲,戌,丁,卯,執,丁卯,,北,午未申酉,井,False,False,False,False,狼藉,False,False,False,南,出遊(吉),,下吉,False,子丑,執
2024-10-31,甲,辰,甲,戌,戊,辰,破,戊辰,,北,午未申酉,井,False,True,False,False,,False,False,True,南,出遊(吉),,,False,子丑,破
2024-11-01,甲,辰,甲,戌,己,巳,危,己巳,,北,午未申酉,井,False,True,True,False,,False,False,False,南,出遊(吉),,,True,子丑,危
2024-11-02,甲,辰,甲,戌,庚,午,成,庚午,,北,午未申酉,井,False,False,False,False,,False,False,False,南,出遊(吉),大土(凶),下吉,False,子丑,成
2024-11-03,甲,辰,甲,戌,辛,未,收,辛未,,北,午未申酉,井,False,False,False,False,大禍,False,False,False,西南,出遊(吉),大土(凶),中吉,False,子丑,收
2024-11-04,甲,辰,甲,戌,壬,申,開,壬申,,北,午未申酉,井,False,False,False,False,,False,False,False,西南,出遊(吉),大土(凶),,False,子丑,開
2024-11-05,甲,辰,甲,戌,癸,酉,閉,癸酉,,北,午未申酉,井,False,False,False,False,,False,False,False,西南,出遊(吉),大土(凶),中吉,False,子丑,閉
2024-11-06,甲,辰,甲,戌,甲,戌,建,甲戌,,北,午未申酉,井,False,False,False,False,,False,False,False,西南,出遊(吉),大土(凶),,False,戌亥,建
2024-11-07,甲,辰,乙,亥,乙,亥,建,乙亥,,北,午未申酉,庭,False,False,True,False,,False,False,False,西南,出遊(吉),大土(凶),,True,戌亥,建
2024-11-08,甲,辰,乙,亥,丙,子,除,丙子,,北,午未申酉,庭,False,True,False,False,,False,False,False,西南,出遊(吉),大土(凶),,False,戌亥,除
2024-11-09,甲,辰,乙,亥,丁,丑,滿,丁丑,,北,午未申酉,庭,False,False,False,False,,False,False,False,西,出遊(吉),,下吉,False,戌亥,滿
2024-11-10,甲,辰,乙,亥,戊,寅,平,戊寅,,北,午未申酉,庭,False,False,False,False,大禍,False,False,False,西,出遊(吉),,下吉,False,戌亥,平
2024-11-11,甲,辰,乙,亥,己,卯,定,己卯,,北,午未申酉,庭,False,False,False,True,狼藉,False,False,False,西,出遊(吉),,,False,戌亥,定
2024-11-12,甲,辰,乙,亥,庚,辰,執,庚辰,,北,午未申酉,庭,False,False,False,False,,False,False,False,西,出遊(吉),,下吉,False,戌亥,執
2024-11-13,甲,辰,乙,亥,辛,巳,破,辛巳,,北,午未申酉,庭,False,False,False,False,,False,False,False,西,出遊(吉),,下吉,True,戌亥,破
2024-11-14,甲,辰,乙,亥,壬,午,危,壬午,,北,午未申酉,庭,False,True,False,False,,False,False,False,西北,出遊(吉),,上吉,False,戌亥,危
2024-11-15,甲,辰,乙,亥,癸,未,成,癸未,,北,午未申酉,庭,False,False,False,False,,False,False,False,西北,出遊(吉),,下吉,False,戌亥,成
2024-11-16,甲,辰,乙,亥,甲,申,收,甲申,十方暮,北,午未申酉,庭,False,False,False,False,滅門,True,False,False,西北,出遊(吉),,上吉,False,申酉,收
2024-11-17,甲,辰,乙,亥,乙,酉,開,乙酉,十方暮,北,午未申酉,庭,False,False,False,False,,True,False,False,西北,出遊(吉),,下吉,False,申酉,開
2024-11-18,甲,辰,乙,亥,丙,戌,閉,丙戌,十方暮,北,午未申酉,庭,False,True,False,False,,True,False,True,西北,出遊(吉),,,False,申酉,閉
2024-11-19,甲,辰,乙,亥,丁,亥,建,丁亥,十方暮,北,午未申酉,庭,False,False,True,False,,True,False,False,西北,出遊(吉),,,True,申酉,建
2024-11-20,甲,辰,乙,亥,戊,子,除,戊子,十方暮,北,午未申酉,庭,False,False,False,False,,True,False,False,北,出遊(吉),,,False,申酉,除
2024-11-21,甲,辰,乙,亥,己,丑,滿,己丑,十方暮,北,午未申酉,庭,False,False,False,False,,True,False,False,北,出遊(吉),,,False,申酉,滿
2024-11-22,甲,辰,乙,亥,庚,寅,平,庚寅,十方暮,北,午未申酉,庭,False,False,False,False,大禍,True,False,False,北,出遊(吉),,上吉,False,申酉,平
2024-11-23,甲,辰,乙,亥,辛,卯,定,辛卯,十方暮,北,午未申酉,庭,False,False,False,True,狼藉,True,False,False,北,出遊(吉),,,False,申酉,定
2024-11-24,甲,辰,乙,亥,壬,辰,執,壬辰,十方暮,北,午未申酉,庭,False,True,False,False,,True,False,True,北,出遊(吉),,,False,申酉,執
2024-11-25,甲,辰,乙,亥,癸,巳,破,癸巳,天一天上,北,午未申酉,庭,False,False,False,False,,True,False,False,天一天上,北宮(凶),,下吉,True,申酉,破
2024-11-26,甲,辰,乙,亥,甲,午,危,甲午,天一天上,北,午未申酉,庭,False,False,False,False,,False,False,False,天一天上,北宮(凶),,,False,午未,危
2024-11-27,甲,辰,乙,亥,乙,未,成,乙未,天一天上,北,午未申酉,庭,False,False,False,False,,False,False,True,天一天上,北宮(凶),,,False,午未,成
2024-11-28,甲,辰,乙,亥,丙,申,收,丙申,天一天上,北,午未申酉,庭,False,True,False,False,滅門,False,False,False,天一天上,北宮(凶),,,False,午未,收
2024-11-29,甲,辰,乙,亥,丁,酉,開,丁酉,天一天上,北,午未申酉,庭,False,False,False,False,,False,False,False,天一天上,北宮(凶),,上吉,False,午未,開
2024-11-30,甲,辰,乙,亥,戊,戌,閉,戊戌,天一天上,北,午未申酉,庭,False,False,False,False,,False,False,False,天一天上,南宮(凶),,,False,午未,閉
2024-12-01,甲,辰,乙,亥,己,亥,建,己亥,天一天上,北,午未申酉,庭,False,False,True,False,,False,False,False,天一天上,南宮(凶),,,True,午未,建
2024-12-02,甲,辰,乙,亥,庚,子,除,庚子,天一天上,北,午未申酉,庭,False,False,False,False,,False,False,False,天一天上,南宮(凶),,中吉,False,午未,除
2024-12-03,甲,辰,乙,亥,辛,丑,滿,辛丑,天一天上,北,午未申酉,庭,False,False,False,False,,False,False,True,天一天上,南宮(凶),,下吉,False,午未,滿
2024-12-04,甲,辰,乙,亥,壬,寅,平,壬寅,天一天上,北,午未申酉,庭,False,True,False,False,大禍,False,False,False,天一天上,南宮(凶),,中吉,False,午未,平
2024-12-05,甲,辰,乙,亥,癸,卯,定,癸卯,天一天上,北,午未申酉,庭,False,False,False,True,狼藉,False,False,False,天一天上,西宮(凶),,下吉,False,午未,定
2024-12-06,甲,辰,丙,子,甲,辰,定,甲辰,天一天上,北,午未申酉,庭,False,False,False,False,,False,False,False,天一天上,東宮(凶),,中吉,False,辰巳,定
2024-12-07,甲,辰,丙,子,乙,巳,執,乙巳,天一天上,北,午未申酉,庭,False,False,False,False,,False,False,False,天一天上,東宮(凶),,,True,辰巳,執
2024-12-08,甲,辰,丙,子,丙,午,破,丙午,天一天上,北,午未申酉,庭,False,False,True,True,狼藉,False,False,False,天一天上,東宮(凶),,下吉,False,辰巳,破
2024-12-09,甲,辰,丙,子,丁,未,危,丁未,天一天上,北,午未申酉,庭,False,True,False,False,,False,False,False,天一天上,東宮(凶),,下吉,False,辰巳,危
2024-12-10,甲,辰,丙,子,戊,申,成,戊申,天一天上,北,午未申酉,庭,False,False,False,False,,False,False,False,天一天上,東宮(凶),小土(凶),下吉,False,辰巳,成
2024-12-11,甲,辰,丙,子,己,酉,收,己酉,,北,午未申酉,庭,False,False,False,False,大禍,False,False,False,東北,出遊(吉),小土(凶),上吉,False,辰巳,收
2024-12-12,甲,辰,丙,子,庚,戌,開,庚戌,,北,午未申酉,庭,False,False,False,False,,False,False,False,東北,出遊(吉),小土(凶),,False,辰巳,開
2024-12-13,甲,辰,丙,子,辛,亥,閉,辛亥,,北,午未申酉,庭,False,False,False,False,,False,False,False,東北,出遊(吉),小土(凶),下吉,True,辰巳,閉
2024-12-14,甲,辰,丙,子,壬,子,建,壬子,八專,北,午未申酉,庭,False,False,False,False,,False,True,False,東北,出遊(吉),小土(凶),,False,辰巳,建
2024-12-15,甲,辰,丙,子,癸,丑,除,癸丑,八專,北,午未申酉,庭,False,True,False,False,,False,False,False,東北,出遊(吉),小土(凶),下吉,False,辰巳,除
2024-12-16,甲,辰,丙,子,甲,寅,滿,甲寅,八專,北,午未申酉,庭,False,False,False,False,,False,True,False,東北,出遊(吉),小土(凶),下吉,False,寅卯,滿
2024-12-17,甲,辰,丙,子,乙,卯,平,乙卯,八專,北,午未申酉,庭,False,False,False,False,滅門,False,True,False,東,出遊(吉),,下吉,False,寅卯,平
2024-12-18,甲,辰,丙,子,丙,辰,定,丙辰,八專,北,午未申酉,庭,False,False,False,False,,False,False,False,東,出遊(吉),,,False,寅卯,定
2024-12-19,甲,辰,丙,子,丁,巳,執,丁巳,八專,北,午未申酉,庭,False,True,False,False,,False,True,False,東,出遊(吉),,下吉,True,寅卯,執
2024-12-20,甲,辰,丙,子,戊,午,破,戊午,八專,北,午未申酉,庭,False,False,True,True,狼藉,False,True,False,東,出遊(吉),,,False,寅卯,破
2024-12-21,甲,辰,丙,子,己,未,危,己未,八專,北,午未申酉,庭,False,False,False,False,,False,False,False,東,出遊(吉),,下吉,False,寅卯,危
2024-12-22,甲,辰,丙,子,庚,申,成,庚申,八專,北,午未申酉,庭,False,False,False,False,,False,True,False,東南,出遊(吉),,,False,寅卯,成
2024-12-23,甲,辰,丙,子,辛,酉,收,辛酉,八專,北,午未申酉,庭,False,False,False,False,大禍,False,True,False,東南,出遊(吉),,下吉,False,寅卯,收
2024-12-24,甲,辰,丙,子,壬,戌,開,壬戌,八專,北,午未申酉,庭,False,False,False,False,,False,False,False,東南,出遊(吉),,,False,寅卯,開
2024-12-25,甲,辰,丙,子,癸,亥,閉,癸亥,八專,北,午未申酉,庭,False,True,False,False,,False,True,False,東南,出遊(吉),,,True,寅卯,閉
2024-12-26,甲,辰,丙,子,甲,子,建,甲子,,北,午未申酉,庭,True,False,False,False,,False,False,False,東南,出遊(吉),,,False,子丑,建
2024-12-27,甲,辰,丙,子,乙,丑,除,乙丑,,北,午未申酉,庭,False,False,False,False,,False,False,False,東南,出遊(吉),,,False,子丑,除
2024-12-28,甲,辰,丙,子,丙,寅,滿,丙寅,,北,午未申酉,庭,False,False,False,False,,False,False,False,南,出遊(吉),,下吉,False,子丑,滿
2024-12-29,甲,辰,丙,子,丁,卯,平,丁卯,,北,午未申酉,庭,False,True,False,False,滅門,False,False,False,南,出遊(吉),,下吉,False,子丑,平
2024-12-30,甲,辰,丙,子,戊,辰,定,戊辰,,北,午未申酉,庭,False,False,False,False,,False,False,True,南,出遊(吉),,,False,子丑,定
2024-12-31,甲,辰,丙,子,己,巳,執,己巳,,北,午未申酉,庭,False,False,False,False,,False,False,False,南,出遊(吉),,,True,子丑,執
2025-01-01,甲,辰,丙,子,庚,午,破,庚午,,北,午未申酉,庭,False,False,True,True,狼藉,False,False,False,南,出遊(吉),大土(凶),下吉,False,子丑,破
2025-01-02,甲,辰,丙,子,辛,未,危,辛未,,北,午未申酉,庭,False,False,False,False,,False,False,False,西南,出遊(吉),大土(凶),中吉,False,子丑,危
2025-01-03,甲,辰,丙,子,壬,申,成,壬申,,北,午未申酉,庭,False,False,False,False,,False,False,False,西南,出遊(吉),大土(凶),,False,子丑,成
2025-01-04,甲,辰,丙,子,癸,酉,收,癸酉,,北,午未申酉,庭,False,True,False,False,大禍,False,False,False,西南,出遊(吉),大土(凶),中吉,False,子丑,收
2025-01-05,甲,辰,丁,丑,甲,戌,收,甲戌,,北,午未申酉,庭,False,False,False,False,滅門,False,False,False,西南,出遊(吉),大土(凶),,False,戌亥,收
2025-01-06,甲,辰,丁,丑,乙,亥,開,乙亥,,北,午未申酉,庭,False,False,False,False,,False,False,False,西南,出遊(吉),大土(凶),,True,戌亥,開
2025-01-07,甲,辰,丁,丑,丙,子,閉,丙子,,北,午未申酉,庭,False,False,True,False,,False,False,False,西南,出遊(吉),大土(凶),,False,戌亥,閉
2025-01-08,甲,辰,丁,丑,丁,丑,建,丁丑,,北,午未申酉,庭,False,False,False,False,,False,False,False,西,出遊(吉),,下吉,False,戌亥,建
2025-01-09,甲,辰,丁,丑,戊,寅,除,戊寅,,北,午未申酉,庭,False,True,False,False,,False,False,False,西,出遊(吉),,下吉,False,戌亥,除
2025-01-10,甲,辰,丁,丑,己,卯,滿,己卯,,北,午未申酉,庭,False,True,False,False,,False,False,False,西,出遊(吉),,,False,戌亥,滿
2025-01-11,甲,辰,丁,丑,庚,辰,平,庚辰,,北,午未申酉,庭,False,False,False,False,大禍,False,False,False,西,出遊(吉),,下吉,False,戌亥,平
2025-01-12,甲,辰,丁,丑,辛,巳,定,辛巳,,北,午未申酉,庭,False,False,False,False,,False,False,False,西,出遊(吉),,下吉,True,戌亥,定
2025-01-13,甲,辰,丁,丑,壬,午,執,壬午,,北,午未申酉,庭,False,False,False,False,,False,False,False,西北,出遊(吉),,上吉,False,戌亥,執
2025-01-14,甲,辰,丁,丑,癸,未,破,癸未,,北,午未申酉,庭,False,False,False,False,,False,False,False,西北,出遊(吉),,下吉,False,戌亥,破
2025-01-15,甲,辰,丁,丑,甲,申,危,甲申,十方暮,北,午未申酉,庭,False,False,False,False,,True,False,False,西北,出遊(吉),,上吉,False,申酉,危
2025-01-16,甲,辰,丁,丑,乙,酉,成,乙酉,十方暮,北,午未申酉,庭,False,False,False,True,狼藉,True,False,False,西北,出遊(吉),,下吉,False,申酉,成
2025-01-17,甲,辰,丁,丑,丙,戌,收,丙戌,十方暮,北,午未申酉,庭,False,False,False,False,滅門,True,False,True,西北,出遊(吉),,,False,申酉,收
2025-01-18,甲,辰,丁,丑,丁,亥,開,丁亥,十方暮,北,午未申酉,庭,False,False,False,False,,True,False,False,西北,出遊(吉),,,True,申酉,開
2025-01-19,甲,辰,丁,丑,戊,子,閉,戊子,十方暮,北,午未申酉,庭,False,True,True,False,,True,False,False,北,出遊(吉),,,False,申酉,閉
2025-01-20,甲,辰,丁,丑,己,丑,建,己丑,十方暮,北,午未申酉,庭,False,True,False,False,,True,False,False,北,出遊(吉),,,False,申酉,建
2025-01-21,甲,辰,丁,丑,庚,寅,除,庚寅,十方暮,北,午未申酉,庭,False,False,False,False,,True,False,False,北,出遊(吉),,上吉,False,申酉,除
2025-01-22,甲,辰,丁,丑,辛,卯,滿,辛卯,十方暮,北,午未申酉,庭,False,False,False,False,,True,False,False,北,出遊(吉),,,False,申酉,滿
2025-01-23,甲,辰,丁,丑,壬,辰,平,壬辰,十方暮,北,午未申酉,庭,False,False,False,False,大禍,True,False,True,北,出遊(吉),,,False,申酉,平
2025-01-24,甲,辰,丁,丑,癸,巳,定,癸巳,天一天上,北,午未申酉,庭,False,False,False,False,,True,False,False,天一天上,北宮(凶),,下吉,True,申酉,定
2025-01-25,甲,辰,丁,丑,甲,午,執,甲午,天一天上,北,午未申酉,庭,False,False,False,False,,False,False,False,天一天上,北宮(凶),,,False,午未,執
2025-01-26,甲,辰,丁,丑,乙,未,破,乙未,天一天上,北,午未申酉,庭,False,False,False,False,,False,False,True,天一天上,北宮(凶),,,False,午未,破
2025-01-27,甲,辰,丁,丑,丙,申,危,丙申,天一天上,北,午未申酉,庭,False,False,False,False,,False,False,False,天一天上,北宮(凶),,,False,午未,危
2025-01-28,甲,辰,丁,丑,丁,酉,成,丁酉,天一天上,北,午未申酉,庭,False,False,False,True,狼藉,False,False,False,天一天上,北宮(凶),,上吉,False,午未,成
2025-01-29,乙,巳,丁,丑,戊,戌,收,戊戌,天一天上,東,辰巳,庭,False,True,False,False,滅門,False,False,False,天一天上,南宮(凶),,,False,午未,收
2025-01-30,乙,巳,丁,丑,己,亥,開,己亥,天一天上,東,辰巳,庭,False,True,False,False,,False,False,False,天一天上,南宮(凶),,,True,午未,開
2025-01-31,乙,巳,丁,丑,庚,子,閉,庚子,天一天上,東,辰巳,庭,False,False,True,False,,False,False,False,天一天上,南宮(凶),,中吉,False,午未,閉
2025-02-01,乙,巳,丁,丑,辛,丑,建,辛丑,天一天上,東,辰巳,庭,False,False,False,False,,False,False,True,天一天上,南宮(凶),,下吉,False,午未,建
2025-02-02,乙,巳,丁,丑,壬,寅,除,壬寅,天一天上,東,辰巳,庭,False,False,False,False,,False,False,False,天一天上,南宮(凶),,中吉,False,午未,除
2025-02-03,乙,巳,戊,寅,癸,卯,除,癸卯,天一天上,東,辰巳,灶,False,False,False,False,,False,False,False,天一天上,西宮(凶),,下吉,False,午未,除
2025-02-04,乙,巳,戊,寅,甲,辰,滿,甲辰,天一天上,東,辰巳,灶,False,True,False,False,,False,False,False,天一天上,東宮(凶),,中吉,False,辰巳,滿
2025-02-05,乙,巳,戊,寅,乙,巳,平,乙巳,天一天上,東,辰巳,灶,False,False,False,False,滅門,False,False,False,天一天上,東宮(凶),,,True,辰巳,平
2025-02-06,乙,巳,戊,寅,丙,午,定,丙午,天一天上,東,辰巳,灶,False,False,False,False,,False,False,False,天一天上,東宮(凶),,下吉,False,辰巳,定
2025-02-07,乙,巳,戊,寅,丁,未,執,丁未,天一天上,東,辰巳,灶,False,False,False,False,,False,False,False,天一天上,東宮(凶),,下吉,False,辰巳,執
2025-02-08,乙,巳,戊,寅,戊,申,破,戊申,天一天上,東,辰巳,灶,False,False,False,False,,False,False,False,天一天上,東宮(凶),小土(凶),下吉,False,辰巳,破
2025-02-09,乙,巳,戊,寅,己,酉,危,己酉,,東,辰巳,灶,False,False,False,False,,False,False,False,東北,出遊(吉),小土(凶),上吉,False,辰巳,危
2025-02-10,乙,巳,戊,寅,庚,戌,成,庚戌,,東,辰巳,灶,False,True,False,False,,False,False,False,東北,出遊(吉),小土(凶),,False,辰巳,成
2025-02-11,乙,巳,戊,寅,辛,亥,收,辛亥,,東,辰巳,灶,False,False,False,False,大禍,False,False,False,東北,出遊(吉),小土(凶),下吉,True,辰巳,收
2025-02-12,乙,巳,戊,寅,壬,子,開,壬子,八專,東,辰巳,灶,False,False,False,True,狼藉,False,True,False,東北,出遊(吉),小土(凶),,False,辰巳,開
2025-02-13,乙,巳,戊,寅,癸,丑,閉,癸丑,八專,東,辰巳,灶,False,False,True,False,,False,False,False,東北,出遊(吉),小土(凶),下吉,False,辰巳,閉
2025-02-14,乙,巳,戊,寅,甲,寅,建,甲寅,八專,東,辰巳,灶,False,True,False,False,,False,True,False,東北,出遊(吉),小土(凶),下吉,False,寅卯,建
2025-02-15,乙,巳,戊,寅,乙,卯,除,乙卯,八專,東,辰巳,灶,False,False,False,False,,False,True,False,東,出遊(吉),,下吉,False,寅卯,除
2025-02-16,乙,巳,戊,寅,丙,辰,滿,丙辰,八專,東,辰巳,灶,False,False,False,False,,False,False,False,東,出遊(吉),,,False,寅卯,滿
2025-02-17,乙,巳,戊,寅,丁,巳,平,丁巳,八專,東,辰巳,灶,False,False,False,False,滅門,False,True,False,東,出遊(吉),,下吉,True,寅卯,平
2025-02-18,乙,巳,戊,寅,戊,午,定,戊午,八專,東,辰巳,灶,False,False,False,False,,False,True,False,東,出遊(吉),,,False,寅卯,定
2025-02-19,乙,巳,戊,寅,己,未,執,己未,八專,東,辰巳,灶,False,False,False,False,,False,False,False,東,出遊(吉),,下吉,False,寅卯,執
2025-02-20,乙,巳,戊,寅,庚,申,破,庚申,八專,東,辰巳,灶,False,True,False,False,,False,True,False,東南,出遊(吉),,,False,寅卯,破
2025-02-21,乙,巳,戊,寅,辛,酉,危,辛酉,八專,東,辰巳,灶,False,False,False,False,,False,True,False,東南,出遊(吉),,下吉,False,寅卯,危
2025-02-22,乙,巳,戊,寅,壬,戌,成,壬戌,八專,東,辰巳,灶,False,False,False,False,,False,False,False,東南,出遊(吉),,,False,寅卯,成
2025-02-23,乙,巳,戊,寅,癸,亥,收,癸亥,八專,東,辰巳,灶,False,False,False,False,大禍,False,True,False,東南,出遊(吉),,,True,寅卯,收
2025-02-24,乙,巳,戊,寅,甲,子,開,甲子,,東,辰巳,灶,False,True,False,True,狼藉,False,False,False,東南,出遊(吉),,,False,子丑,開
2025-02-25,乙,巳,戊,寅,乙,丑,閉,乙丑,,東,辰巳,灶,False,False,True,False,,False,False,False,東南,出遊(吉),,,False,子丑,閉
2025-02-26,乙,巳,戊,寅,丙,寅,建,丙寅,,東,辰巳,灶,False,False,False,False,,False,False,False,南,出遊(吉),,下吉,False,子丑,建
2025-02-27,乙,巳,戊,寅,丁,卯,除,丁卯,,東,辰巳,灶,False,False,False,False,,False,False,False,南,出遊(吉),,下吉,False,子丑,除
2025-02-28,乙,巳,戊,寅,戊,辰,滿,戊辰,,東,辰巳,灶,False,False,False,False,,False,False,True,南,出遊(吉),,,False,子丑,滿
2025-03-01,乙,巳,戊,寅,己,巳,平,己巳,,東,辰巳,灶,False,False,False,False,滅門,False,False,False,南,出遊(吉),,,True,子丑,平
2025-03-02,乙,巳,戊,寅,庚,午,定,庚午,,東,辰巳,灶,False,True,False,False,,False,False,False,南,出遊(吉),大土(凶),下吉,False,子丑,定
2025-03-03,乙,巳,戊,寅,辛,未,執,辛未,,東,辰巳,灶,False,False,False,False,,False,False,False,西南,出遊(吉),大土(凶),中吉,False,子丑,執
2025-03-04,乙,巳,戊,寅,壬,申,破,壬申,,東,辰巳,灶,False,False,False,False,,False,False,False,西南,出遊(吉),大土(凶),,False,子丑,破
2025-03-05,乙,巳,己,卯,癸,酉,破,癸酉,,東,辰巳,灶,False,False,False,False,,False,False,False,西南,出遊(吉),大土(凶),中吉,False,子丑,破
2025-03-06,乙,巳,己,卯,甲,戌,危,甲戌,,東,辰巳,灶,False,False,False,False,,False,False,False,西南,出遊(吉),大土(凶),,False,戌亥,危
2025-03-07,乙,巳,己,卯,乙,亥,成,乙亥,,東,辰巳,灶,False,True,False,False,,False,False,False,西南,出遊(吉),大土(凶),,True,戌亥,成
2025-03-08,乙,巳,己,卯,丙,子,收,丙子,,東,辰巳,灶,False,False,False,False,滅門,False,False,False,西南,出遊(吉),大土(凶),,False,戌亥,收
2025-03-09,乙,巳,己,卯,丁,丑,開,丁丑,,東,辰巳,灶,False,False,False,False,,False,False,False,西,出遊(吉),,下吉,False,戌亥,開
2025-03-10,乙,巳,己,卯,戊,寅,閉,戊寅,,東,辰巳,灶,True,False,False,False,,False,False,False,西,出遊(吉),,下吉,False,戌亥,閉
2025-03-11,乙,巳,己,卯,己,卯,建,己卯,,東,辰巳,灶,False,False,False,True,狼藉,False,False,False,西,出遊(吉),,,False,戌亥,建
2025-03-12,乙,巳,己,卯,庚,辰,除,庚辰,,東,辰巳,灶,False,False,False,False,,False,False,False,西,出遊(吉),,下吉,False,戌亥,除
2025-03-13,乙,巳,己,卯,辛,巳,滿,辛巳,,東,辰巳,灶,False,True,False,False,,False,False,False,西,出遊(吉),,下吉,True,戌亥,滿
2025-03-14,乙,巳,己,卯,壬,午,平,壬午,,東,辰巳,灶,False,False,False,False,大禍,False,False,False,西北,出遊(吉),,上吉,False,戌亥,平
2025-03-15,乙,巳,己,卯,癸,未,定,癸未,,東,辰巳,灶,False,False,True,False,,False,False,False,西北,出遊(吉),,下吉,False,戌亥,定
2025-03-16,乙,巳,己,卯,甲,申,執,甲申,十方暮,東,辰巳,灶,False,False,False,False,,True,False,False,西北,出遊(吉),,上吉,False,申酉,執
2025-03-17,乙,巳,己,卯,乙,酉,破,乙酉,十方暮,東,辰巳,灶,False,True,False,False,,True,False,False,西北,出遊(吉),,下吉,False,申酉,破
2025-03-18,乙,巳,己,卯,丙,戌,危,丙戌,十方暮,東,辰巳,灶,False,False,False,False,,True,False,True,西北,出遊(吉),,,False,申酉,危
2025-03-19,乙,巳,己,卯,丁,亥,成,丁亥,十方暮,東,辰巳,灶,False,False,False,False,,True,False,False,西北,出遊(吉),,,True,申酉,成
2025-03-20,乙,巳,己,卯,戊,子,收,戊子,十方暮,東,辰巳,灶,False,False,False,False,滅門,True,False,False,北,出遊(吉),,,False,申酉,收
2025-03-21,乙,巳,己,卯,己,丑,開,己丑,十方暮,東,辰巳,灶,False,False,False,False,,True,False,False,北,出遊(吉),,,False,申酉,開
2025-03-22,乙,巳,己,卯,庚,寅,閉,庚寅,十方暮,東,辰巳,灶,False,False,False,False,,True,False,False,北,出遊(吉),,上吉,False,申酉,閉
2025-03-23,乙,巳,己,卯,辛,卯,建,辛卯,十方暮,東,辰巳,灶,False,True,False,True,狼藉,True,False,False,北,出遊(吉),,,False,申酉,建
2025-03-24,乙,巳,己,卯,壬,辰,除,壬辰,十方暮,東,辰巳,灶,False,False,False,False,,True,False,True,北,出遊(吉),,,False,申酉,除
2025-03-25,乙,巳,己,卯,癸,巳,滿,癸巳,天一天上,東,辰巳,灶,False,False,False,False,,True,False,False,天一天上,北宮(凶),,下吉,True,申酉,滿
2025-03-26,乙,巳,己,卯,甲,午,平,甲午,天一天上,東,辰巳,灶,False,False,False,False,大禍,False,False,False,天一天上,北宮(凶),,,False,午未,平
2025-03-27,乙,巳,己,卯,乙,未,定,乙未,天一天上,東,辰巳,灶,False,True,True,False,,False,False,True,天一天上,北宮(凶),,,False,午未,定
2025-03-28,乙,巳,己,卯,丙,申,執,丙申,天一天上,東,辰巳,灶,False,False,False,False,,False,False,False,天一天上,北宮(凶),,,False,午未,執
2025-03-29,乙,巳,己,卯,丁,酉,破,丁酉,天一天上,東,辰巳,灶,False,False,False,False,,False,False,False,天一天上,北宮(凶),,上吉,False,午未,破
2025-03-30,乙,巳,己,卯,戊,戌,危,戊戌,天一天上,東,辰巳,灶,False,False,False,False,,False,False,False,天一天上,南宮(凶),,,False,午未,危
2025-03-31,乙,巳,己,卯,己,亥,成,己亥,天一天上,東,辰巳,灶,False,False,False,False,,False,False,False,天一天上,南宮(凶),,,True,午未,成
2025-04-01,乙,巳,己,卯,庚,子,收,庚子,天一天上,東,辰巳,灶,False,False,False,False,滅門,False,False,False,天一天上,南宮(凶),,中吉,False,午未,收
2025-04-02,乙,巳,己,卯,辛,丑,開,辛丑,天一天上,東,辰巳,灶,False,True,False,False,,False,False,True,天一天上,南宮(凶),,下吉,False,午未,開
2025-04-03,乙,巳,己,卯,壬,寅,閉,壬寅,天一天上,東,辰巳,灶,False,False,False,False,,False,False,False,天一天上,南宮(凶),,中吉,False,午未,閉
2025-04-04,乙,巳,庚,辰,癸,卯,閉,癸卯,天一天上,東,辰巳,灶,False,False,False,False,,False,False,False,天一天上,西宮(凶),,下吉,False,午未,閉
2025-04-05,乙,巳,庚,辰,甲,辰,建,甲辰,天一天上,東,辰巳,灶,False,False,False,False,,False,False,False,天一天上,東宮(凶),,中吉,False,辰巳,建
2025-04-06,乙,巳,庚,辰,乙,巳,除,乙巳,天一天上,東,辰巳,灶,False,False,False,False,,False,False,False,天一天上,東宮(凶),,,True,辰巳,除
2025-04-07,乙,巳,庚,辰,丙,午,滿,丙午,天一天上,東,辰巳,灶,False,False,False,True,狼藉,False,False,False,天一天上,東宮(凶),,下吉,False,辰巳,滿
2025-04-08,乙,巳,庚,辰,丁,未,平,丁未,天一天上,東,辰巳,灶,False,False,False,False,滅門,False,False,False,天一天上,東宮(凶),,下吉,False,辰巳,平
2025-04-09,乙,巳,庚,辰,戊,申,定,戊申,天一天上,東,辰巳,灶,False,True,False,False,,False,False,False,天一天上,東宮(凶),小土(凶),下吉,False,辰巳,定
2025-04-10,乙,巳,庚,辰,己,酉,執,己酉,,東,辰巳,灶,False,True,False,False,,False,False,False,東北,出遊(吉),小土(凶),上吉,False,辰巳,執
2025-04-11,乙,巳,庚,辰,庚,戌,破,庚戌,,東,辰巳,灶,False,False,False,False,,False,False,False,東北,出遊(吉),小土(凶),,False,辰巳,破
2025-04-12,乙,巳,庚,辰,辛,亥,危,辛亥,,東,辰巳,灶,False,False,False,False,,False,False,False,東北,出遊(吉),小土(凶),下吉,True,辰巳,危
2025-04-13,乙,巳,庚,辰,壬,子,成,壬子,八專,東,辰巳,灶,False,False,False,False,,False,True,False,東北,出遊(吉),小土(凶),,False,辰巳,成
2025-04-14,乙,巳,庚,辰,癸,丑,收,癸丑,八專,東,辰巳,灶,False,False,False,False,大禍,False,False,False,東北,出遊(吉),小土(凶),下吉,False,辰巳,收
2025-04-15,乙,巳,庚,辰,甲,寅,開,甲寅,八專,東,辰巳,灶,False,False,True,False,,False,True,False,東北,出遊(吉),小土(凶),下吉,False,寅卯,開
2025-04-16,乙,巳,庚,辰,乙,卯,閉,乙卯,八專,東,辰巳,灶,False,False,False,False,,False,True,False,東,出遊(吉),,下吉,False,寅卯,閉
2025-04-17,乙,巳,庚,辰,丙,辰,建,丙辰,八專,東,辰巳,灶,False,False,False,False,,False,False,False,東,出遊(吉),,,False,寅卯,建
2025-04-18,乙,巳,庚,辰,丁,巳,除,丁巳,八專,東,辰巳,灶,False,False,False,False,,False,True,False,東,出遊(吉),,下吉,True,寅卯,除
2025-04-19,乙,巳,庚,辰,戊,午,滿,戊午,八專,東,辰巳,灶,False,True,False,True,狼藉,False,True,False,東,出遊(吉),,,False,寅卯,滿
2025-04-20,乙,巳,庚,辰,己,未,平,己未,八專,東,辰巳,灶,False,True,False,False,滅門,False,False,False,東,出遊(吉),,下吉,False,寅卯,平
2025-04-21,乙,巳,庚,辰,庚,申,定,庚申,八專,東,辰巳,灶,False,False,False,False,,False,True,False,東南,出遊(吉),,,False,寅卯,定
2025-04-22,乙,巳,庚,辰,辛,酉,執,辛酉,八專,東,辰巳,灶,False,False,False,False,,False,True,False,東南,出遊(吉),,下吉,False,寅卯,執
2025-04-23,乙,巳,庚,辰,壬,戌,破,壬戌,八專,東,辰巳,灶,False,False,False,False,,False,False,False,東南,出遊(吉),,,False,寅卯,破
2025-04-24,乙,巳,庚,辰,癸,亥,危,癸亥,八專,東,辰巳,灶,False,False,False,False,,False,True,False,東南,出遊(吉),,,True,寅卯,危
2025-04-25,乙,巳,庚,辰,甲,子,成,甲子,,東,辰巳,灶,False,False,False,False,,False,False,False,東南,出遊(吉),,,False,子丑,成
2025-04-26,乙,巳,庚,辰,乙,丑,收,乙丑,,東,辰巳,灶,False,False,False,False,大禍,False,False,False,東南,出遊(吉),,,False,子丑,收
2025-04-27,乙,巳,庚,辰,丙,寅,開,丙寅,,東,辰巳,灶,False,False,True,False,,False,False,False,南,出遊(吉),,下吉,False,子丑,開
2025-04-28,乙,巳,庚,辰,丁,卯,閉,丁卯,,東,辰巳,灶,False,False,False,False,,False,False,False,南,出遊(吉),,下吉,False,子丑,閉
2025-04-29,乙,巳,庚,辰,戊,辰,建,戊辰,,東,辰巳,灶,False,True,False,False,,False,False,True,南,出遊(吉),,,False,子丑,建
2025-04-30,乙,巳,庚,辰,己,巳,除,己巳,,東,辰巳,灶,False,True,False,False,,False,False,False,南,出遊(吉),,,True,子丑,除
2025-05-01,乙,巳,庚,辰,庚,午,滿,庚午,,東,辰巳,灶,False,False,False,True,狼藉,False,False,False,南,出遊(吉),大土(凶),下吉,False,子丑,滿
2025-05-02,乙,巳,庚,辰,辛,未,平,辛未,,東,辰巳,灶,False,False,False,False,滅門,False,False,False,西南,出遊(吉),大土(凶),中吉,False,子丑,平
2025-05-03,乙,巳,庚,辰,壬,申,定,壬申,,東,辰巳,灶,False,False,False,False,,False,False,False,西南,出遊(吉),大土(凶),,False,子丑,定
2025-05-04,乙,巳,庚,辰,癸,酉,執,癸酉,,東,辰巳,灶,False,False,False,False,,False,False,False,西南,出遊(吉),大土(凶),中吉,False,子丑,執
2025-05-05,乙,巳,辛,巳,甲,戌,執,甲戌,,東,辰巳,門,False,False,False,False,,False,False,False,西南,出遊(吉),大土(凶),,False,戌亥,執
2025-05-06,乙,巳,辛,巳,乙,亥,破,乙亥,,東,辰巳,門,False,False,False,False,,False,False,False,西南,出遊(吉),大土(凶),,True,戌亥,破
2025-05-07,乙,巳,辛,巳,丙,子,危,丙子,,東,辰巳,門,False,True,False,False,,False,False,False,西南,出遊(吉),大土(凶),,False,戌亥,危
2025-05-08,乙,巳,辛,巳,丁,丑,成,丁丑,,東,辰巳,門,False,False,False,False,,False,False,False,西,出遊(吉),,下吉,False,戌亥,成
2025-05-09,乙,巳,辛,巳,戊,寅,收,戊寅,,東,辰巳,門,False,False,False,False,滅門,False,False,False,西,出遊(吉),,下吉,False,戌亥,收
2025-05-10,乙,巳,辛,巳,己,卯,開,己卯,,東,辰巳,門,False,False,False,False,,False,False,False,西,出遊(吉),,,False,戌亥,開
2025-05-11,乙,巳,辛,巳,庚,辰,閉,庚辰,,東,辰巳,門,False,False,False,False,,False,False,False,西,出遊(吉),,下吉,False,戌亥,閉
2025-05-12,乙,巳,辛,巳,辛,巳,建,辛巳,,東,辰巳,門,False,False,False,False,,False,False,False,西,出遊(吉),,下吉,True,戌亥,建
2025-05-13,乙,巳,辛,巳,壬,午,除,壬午,,東,辰巳,門,False,True,False,False,狼藉,False,False,False,西北,出遊(吉),,上吉,False,戌亥,除
2025-05-14,乙,巳,辛,巳,癸,未,滿,癸未,,東,辰巳,門,False,False,False,False,,False,False,False,西北,出遊(吉),,下吉,False,戌亥,滿
2025-05-15,乙,巳,辛,巳,甲,申,平,甲申,十方暮,東,辰巳,門,False,False,True,False,大禍,True,False,False,西北,出遊(吉),,上吉,False,申酉,平
2025-05-16,乙,巳,辛,巳,乙,酉,定,乙酉,十方暮,東,辰巳,門,False,False,False,True,,True,False,False,西北,出遊(吉),,下吉,False,申酉,定
2025-05-17,乙,巳,辛,巳,丙,戌,執,丙戌,十方暮,東,辰巳,門,False,True,False,False,,True,False,True,西北,出遊(吉),,,False,申酉,執
2025-05-18,乙,巳,辛,巳,丁,亥,破,丁亥,十方暮,東,辰巳,門,False,False,False,False,,True,False,False,西北,出遊(吉),,,True,申酉,破
2025-05-19,乙,巳,辛,巳,戊,子,危,戊子,十方暮,東,辰巳,門,False,False,False,False,,True,False,False,北,出遊(吉),,,False,申酉,危
2025-05-20,乙,巳,辛,巳,己,丑,成,己丑,十方暮,東,辰巳,門,False,False,False,False,,True,False,False,北,出遊(吉),,,False,申酉,成
2025-05-21,乙,巳,辛,巳,庚,寅,收,庚寅,十方暮,東,辰巳,門,False,False,False,False,滅門,True,False,False,北,出遊(吉),,上吉,False,申酉,收
2025-05-22,乙,巳,辛,巳,辛,卯,開,辛卯,十方暮,東,辰巳,門,False,False,False,False,,True,False,False,北,出遊(吉),,,False,申酉,開
2025-05-23,乙,巳,辛,巳,壬,辰,閉,壬辰,十方暮,東,辰巳,門,False,True,False,False,,True,False,True,北,出遊(吉),,,False,申酉,閉
2025-05-24,乙,巳,辛,巳,癸,巳,建,癸巳,天一天上,東,辰巳,門,False,False,False,False,,True,False,False,天一天上,北宮(凶),,下吉,True,申酉,建
2025-05-25,乙,巳,辛,巳,甲,午,除,甲午,天一天上,東,辰巳,門,True,False,False,False,狼藉,False,False,False,天一天上,北宮(凶),,,False,午未,除
2025-05-26,乙,巳,辛,巳,乙,未,滿,乙未,天一天上,東,辰巳,門,False,False,False,False,,False,False,True,天一天上,北宮(凶),,,False,午未,滿
2025-05-27,乙,巳,辛,巳,丙,申,平,丙申,天一天上,東,辰巳,門,False,True,True,False,大禍,False,False,False,天一天上,北宮(凶),,,False,午未,平
2025-05-28,乙,巳,辛,巳,丁,酉,定,丁酉,天一天上,東,辰巳,門,False,False,False,True,,False,False,False,天一天上,北宮(凶),,上吉,False,午未,定
2025-05-29,乙,巳,辛,巳,戊,戌,執,戊戌,天一天上,東,辰巳,門,False,False,False,False,,False,False,False,天一天上,南宮(凶),,,False,午未,執
2025-05-30,乙,巳,辛,巳,己,亥,破,己亥,天一天上,東,辰巳,門,False,False,False,False,,False,False,False,天一天上,南宮(凶),,,True,午未,破
2025-05-31,乙,巳,辛,巳,庚,子,危,庚子,天一天上,東,辰巳,門,False,False,False,False,,False,False,False,天一天上,南宮(凶),,中吉,False,午未,危
2025-06-01,乙,巳,辛,巳,辛,丑,成,辛丑,天一天上,東,辰巳,門,False,False,False,False,,False,False,True,天一天上,南宮(凶),,下吉,False,午未,成
2025-06-02,乙,巳,辛,巳,壬,寅,收,壬寅,天一天上,東,辰巳,門,False,True,False,False,滅門,False,False,False,天一天上,南宮(凶),,中吉,False,午未,收
2025-06-03,乙,巳,辛,巳,癸,卯,開,癸卯,天一天上,東,辰巳,門,False,False,False,False,,False,False,False,天一天上,西宮(凶),,下吉,False,午未,開
2025-06-04,乙,巳,辛,巳,甲,辰,閉,甲辰,天一天上,東,辰巳,門,False,False,False,False,,False,False,False,天一天上,東宮(凶),,中吉,False,辰巳,閉
2025-06-05,乙,巳,壬,午,乙,巳,閉,乙巳,天一天上,東,辰巳,門,False,False,False,False,,False,False,False,天一天上,東宮(凶),,,True,辰巳,閉
2025-06-06,乙,巳,壬,午,丙,午,建,丙午,天一天上,東,辰巳,門,False,False,False,False,,False,False,False,天一天上,東宮(凶),,下吉,False,辰巳,建
2025-06-07,乙,巳,壬,午,丁,未,除,丁未,天一天上,東,辰巳,門,False,True,False,False,,False,False,False,天一天上,東宮(凶),,下吉,False,辰巳,除
2025-06-08,乙,巳,壬,午,戊,申,滿,戊申,天一天上,東,辰巳,門,False,False,False,False,,False,False,False,天一天上,東宮(凶),小土(凶),下吉,False,辰巳,滿
2025-06-09,乙,巳,壬,午,己,酉,平,己酉,,東,辰巳,門,False,False,False,False,滅門,False,False,False,東北,出遊(吉),小土(凶),上吉,False,辰巳,平
2025-06-10,乙,巳,壬,午,庚,戌,定,庚戌,,東,辰巳,門,False,False,False,False,,False,False,False,東北,出遊(吉),小土(凶),,False,辰巳,定
2025-06-11,乙,巳,壬,午,辛,亥,執,辛亥,,東,辰巳,門,False,False,False,False,,False,False,False,東北,出遊(吉),小土(凶),下吉,True,辰巳,執
2025-06-12,乙,巳,壬,午,壬,子,破,壬子,八專,東,辰巳,門,False,False,False,True,狼藉,False,True,False,東北,出遊(吉),小土(凶),,False,辰巳,破
2025-06-13,乙,巳,壬,午,癸,丑,危,癸丑,八專,東,辰巳,門,False,True,False,False,,False,False,False,東北,出遊(吉),小土(凶),下吉,False,辰巳,危
2025-06-14,乙,巳,壬,午,甲,寅,成,甲寅,八專,東,辰巳,門,False,False,False,False,,False,True,False,東北,出遊(吉),小土(凶),下吉,False,寅卯,成
2025-06-15,乙,巳,壬,午,乙,卯,收,乙卯,八專,東,辰巳,門,False,False,True,False,大禍,False,True,False,東,出遊(吉),,下吉,False,寅卯,收
2025-06-16,乙,巳,壬,午,丙,辰,開,丙辰,八專,東,辰巳,門,False,False,False,False,,False,False,False,東,出遊(吉),,,False,寅卯,開
2025-06-17,乙,巳,壬,午,丁,巳,閉,丁巳,八專,東,辰巳,門,False,True,False,False,,False,True,False,東,出遊(吉),,下吉,True,寅卯,閉
2025-06-18,乙,巳,壬,午,戊,午,建,戊午,八專,東,辰巳,門,False,False,False,False,,False,True,False,東,出遊(吉),,,False,寅卯,建
2025-06-19,乙,巳,壬,午,己,未,除,己未,八專,東,辰巳,門,False,False,False,False,,False,False,False,東,出遊(吉),,下吉,False,寅卯,除
2025-06-20,乙,巳,壬,午,庚,申,滿,庚申,八專,東,辰巳,門,False,False,False,False,,False,True,False,東南,出遊(吉),,,False,寅卯,滿
2025-06-21,乙,巳,壬,午,辛,酉,平,辛酉,八專,東,辰巳,門,False,False,False,False,滅門,False,True,False,東南,出遊(吉),,下吉,False,寅卯,平
2025-06-22,乙,巳,壬,午,壬,戌,定,壬戌,八專,東,辰巳,門,False,False,False,False,,False,False,False,東南,出遊(吉),,,False,寅卯,定
2025-06-23,乙,巳,壬,午,癸,亥,執,癸亥,八專,東,辰巳,門,False,True,False,False,,False,True,False,東南,出遊(吉),,,True,寅卯,執
2025-06-24,乙,巳,壬,午,甲,子,破,甲子,,東,辰巳,門,False,False,False,True,狼藉,False,False,False,東南,出遊(吉),,,False,子丑,破
2025-06-25,乙,巳,壬,午,乙,丑,危,乙丑,,東,辰巳,門,False,False,False,False,,False,False,False,東南,出遊(吉),,,False,子丑,危
2025-06-26,乙,巳,壬,午,丙,寅,成,丙寅,,東,辰巳,門,False,False,False,False,,False,False,False,南,出遊(吉),,下吉,False,子丑,成
2025-06-27,乙,巳,壬,午,丁,卯,收,丁卯,,東,辰巳,門,False,True,True,False,大禍,False,False,False,南,出遊(吉),,下吉,False,子丑,收
2025-06-28,乙,巳,壬,午,戊,辰,開,戊辰,,東,辰巳,門,False,False,False,False,,False,False,True,南,出遊(吉),,,False,子丑,開
2025-06-29,乙,巳,壬,午,己,巳,閉,己巳,,東,辰巳,門,False,False,False,False,,False,False,False,南,出遊(吉),,,True,子丑,閉
2025-06-30,乙,巳,壬,午,庚,午,建,庚午,,東,辰巳,門,False,False,False,False,,False,False,False,南,出遊(吉),大土(凶),下吉,False,子丑,建
2025-07-01,乙,巳,壬,午,辛,未,除,辛未,,東,辰巳,門,False,False,False,False,,False,False,False,西南,出遊(吉),大土(凶),中吉,False,子丑,除
2025-07-02,乙,巳,壬,午,壬,申,滿,壬申,,東,辰巳,門,False,False,False,False,,False,False,False,西南,出遊(吉),大土(凶),,False,子丑,滿
2025-07-03,乙,巳,壬,午,癸,酉,平,癸酉,,東,辰巳,門,False,True,False,False,滅門,False,False,False,西南,出遊(吉),大土(凶),中吉,False,子丑,平
2025-07-04,乙,巳,壬,午,甲,戌,定,甲戌,,東,辰巳,門,False,False,False,False,,False,False,False,西南,出遊(吉),大土(凶),,False,戌亥,定
2025-07-05,乙,巳,壬,午,乙,亥,執,乙亥,,東,辰巳,門,False,False,False,False,,False,False,False,西南,出遊(吉),大土(凶),,True,戌亥,執
2025-07-06,乙,巳,壬,午,丙,子,破,丙子,,東,辰巳,門,False,False,False,True,狼藉,False,False,False,西南,出遊(吉),大土(凶),,False,戌亥,破
2025-07-07,乙,巳,癸,未,丁,丑,破,丁丑,,東,辰巳,門,False,False,False,False,,False,False,False,西,出遊(吉),,下吉,False,戌亥,破
2025-07-08,乙,巳,癸,未,戊,寅,危,戊寅,,東,辰巳,門,False,True,False,False,,False,False,False,西,出遊(吉),,下吉,False,戌亥,危
2025-07-09,乙,巳,癸,未,己,卯,成,己卯,,東,辰巳,門,False,True,False,True,狼藉,False,False,False,西,出遊(吉),,,False,戌亥,成
2025-07-10,乙,巳,癸,未,庚,辰,收,庚辰,,東,辰巳,門,False,False,False,False,滅門,False,False,False,西,出遊(吉),,下吉,False,戌亥,收
2025-07-11,乙,巳,癸,未,辛,巳,開,辛巳,,東,辰巳,門,False,False,False,False,,False,False,False,西,出遊(吉),,下吉,True,戌亥,開
2025-07-12,乙,巳,癸,未,壬,午,閉,壬午,,東,辰巳,門,False,False,False,False,,False,False,False,西北,出遊(吉),,上吉,False,戌亥,閉
2025-07-13,乙,巳,癸,未,癸,未,建,癸未,,東,辰巳,門,False,False,False,False,,False,False,False,西北,出遊(吉),,下吉,False,戌亥,建
2025-07-14,乙,巳,癸,未,甲,申,除,甲申,十方暮,東,辰巳,門,False,False,False,False,,True,False,False,西北,出遊(吉),,上吉,False,申酉,除
2025-07-15,乙,巳,癸,未,乙,酉,滿,乙酉,十方暮,東,辰巳,門,False,False,True,False,,True,False,False,西北,出遊(吉),,下吉,False,申酉,滿
2025-07-16,乙,巳,癸,未,丙,戌,平,丙戌,十方暮,東,辰巳,門,False,False,False,False,大禍,True,False,True,西北,出遊(吉),,,False,申酉,平
2025-07-17,乙,巳,癸,未,丁,亥,定,丁亥,十方暮,東,辰巳,門,False,False,False,False,,True,False,False,西北,出遊(吉),,,True,申酉,定
2025-07-18,乙,巳,癸,未,戊,子,執,戊子,十方暮,東,辰巳,門,False,True,False,False,,True,False,False,北,出遊(吉),,,False,申酉,執
2025-07-19,乙,巳,癸,未,己,丑,破,己丑,十方暮,東,辰巳,門,False,True,False,False,,True,False,False,北,出遊(吉),,,False,申酉,破
2025-07-20,乙,巳,癸,未,庚,寅,危,庚寅,十方暮,東,辰巳,門,False,False,False,False,,True,False,False,北,出遊(吉),,上吉,False,申酉,危
2025-07-21,乙,巳,癸,未,辛,卯,成,辛卯,十方暮,東,辰巳,門,False,False,False,True,狼藉,True,False,False,北,出遊(吉),,,False,申酉,成
2025-07-22,乙,巳,癸,未,壬,辰,收,壬辰,十方暮,東,辰巳,門,False,False,False,False,滅門,True,False,True,北,出遊(吉),,,False,申酉,收
2025-07-23,乙,巳,癸,未,癸,巳,開,癸巳,天一天上,東,辰巳,門,False,False,False,False,,True,False,False,天一天上,北宮(凶),,下吉,True,申酉,開
2025-07-24,乙,巳,癸,未,甲,午,閉,甲午,天一天上,東,辰巳,門,True,False,False,False,,False,False,False,天一天上,北宮(凶),,,False,午未,閉
2025-07-25,乙,巳,癸,未,乙,未,建,乙未,天一天上,東,辰巳,門,False,False,False,False,,False,False,True,天一天上,北宮(凶),,,False,午未,建
2025-07-26,乙,巳,癸,未,丙,申,除,丙申,天一天上,東,辰巳,門,False,False,False,False,,False,False,False,天一天上,北宮(凶),,,False,午未,除
2025-07-27,乙,巳,癸,未,丁,酉,滿,丁酉,天一天上,東,辰巳,門,False,False,True,False,,False,False,False,天一天上,北宮(凶),,上吉,False,午未,滿
2025-07-28,乙,巳,癸,未,戊,戌,平,戊戌,天一天上,東,辰巳,門,False,True,False,False,大禍,False,False,False,天一天上,南宮(凶),,,False,午未,平
2025-07-29,乙,巳,癸,未,己,亥,定,己亥,天一天上,東,辰巳,門,False,True,False,False,,False,False,False,天一天上,南宮(凶),,,True,午未,定
2025-07-30,乙,巳,癸,未,庚,子,執,庚子,天一天上,東,辰巳,門,False,False,False,False,,False,False,False,天一天上,南宮(凶),,中吉,False,午未,執
2025-07-31,乙,巳,癸,未,辛,丑,破,辛丑,天一天上,東,辰巳,門,False,False,False,False,,False,False,True,天一天上,南宮(凶),,下吉,False,午未,破
2025-08-01,乙,巳,癸,未,壬,寅,危,壬寅,天一天上,東,辰巳,門,False,False,False,False,,False,False,False,天一天上,南宮(凶),,中吉,False,午未,危
2025-08-02,乙,巳,癸,未,癸,卯,成,癸卯,天一天上,東,辰巳,門,False,False,False,True,狼藉,False,False,False,天一天上,西宮(凶),,下吉,False,午未,成
2025-08-03,乙,巳,癸,未,甲,辰,收,甲辰,天一天上,東,辰巳,門,False,False,False,False,滅門,False,False,False,天一天上,東宮(凶),,中吉,False,辰巳,收
2025-08-04,乙,巳,癸,未,乙,巳,開,乙巳,天一天上,東,辰巳,門,False,False,False,False,,False,False,False,天一天上,東宮(凶),,,True,辰巳,開
2025-08-05,乙,巳,癸,未,丙,午,閉,丙午,天一天上,東,辰巳,門,False,False,False,False,,False,False,False,天一天上,東宮(凶),,下吉,False,辰巳,閉
2025-08-06,乙,巳,癸,未,丁,未,建,丁未,天一天上,東,辰巳,門,False,False,False,False,,False,False,False,天一天上,東宮(凶),,下吉,False,辰巳,建
2025-08-07,乙,巳,甲,申,戊,申,建,戊申,天一天上,東,辰巳,井,True,False,False,False,,False,False,False,天一天上,東宮(凶),小土(凶),下吉,False,辰巳,建
2025-08-08,乙,巳,甲,申,己,酉,除,己酉,,東,辰巳,井,False,False,False,False,狼藉,False,False,False,東北,出遊(吉),小土(凶),上吉,False,辰巳,除
2025-08-09,乙,巳,甲,申,庚,戌,滿,庚戌,,東,辰巳,井,False,True,False,False,,False,False,False,東北,出遊(吉),小土(凶),,False,辰巳,滿
2025-08-10,乙,巳,甲,申,辛,亥,平,辛亥,,東,辰巳,井,False,False,False,False,滅門,False,False,False,東北,出遊(吉),小土(凶),下吉,True,辰巳,平
2025-08-11,乙,巳,甲,申,壬,子,定,壬子,八專,東,辰巳,井,False,False,False,False,,False,True,False,東北,出遊(吉),小土(凶),,False,辰巳,定
2025-08-12,乙,巳,甲,申,癸,丑,執,癸丑,八專,東,辰巳,井,False,False,False,False,,False,False,False,東北,出遊(吉),小土(凶),下吉,False,辰巳,執
2025-08-13,乙,巳,甲,申,甲,寅,破,甲寅,八專,東,辰巳,井,False,True,False,False,,False,True,False,東北,出遊(吉),小土(凶),下吉,False,寅卯,破
2025-08-14,乙,巳,甲,申,乙,卯,危,乙卯,八專,東,辰巳,井,False,False,False,False,,False,True,False,東,出遊(吉),,下吉,False,寅卯,危
2025-08-15,乙,巳,甲,申,丙,辰,成,丙辰,八專,東,辰巳,井,False,False,True,False,,False,False,False,東,出遊(吉),,,False,寅卯,成
2025-08-16,乙,巳,甲,申,丁,巳,收,丁巳,八專,東,辰巳,井,False,False,False,False,大禍,False,True,False,東,出遊(吉),,下吉,True,寅卯,收
2025-08-17,乙,巳,甲,申,戊,午,開,戊午,八專,東,辰巳,井,False,False,False,True,,False,True,False,東,出遊(吉),,,False,寅卯,開
2025-08-18,乙,巳,甲,申,己,未,閉,己未,八專,東,辰巳,井,False,False,False,False,,False,False,False,東,出遊(吉),,下吉,False,寅卯,閉
2025-08-19,乙,巳,甲,申,庚,申,建,庚申,八專,東,辰巳,井,False,True,False,False,,False,True,False,東南,出遊(吉),,,False,寅卯,建
2025-08-20,乙,巳,甲,申,辛,酉,除,辛酉,八專,東,辰巳,井,False,False,False,False,狼藉,False,True,False,東南,出遊(吉),,下吉,False,寅卯,除
2025-08-21,乙,巳,甲,申,壬,戌,滿,壬戌,八專,東,辰巳,井,False,False,False,False,,False,False,False,東南,出遊(吉),,,False,寅卯,滿
2025-08-22,乙,巳,甲,申,癸,亥,平,癸亥,八專,東,辰巳,井,False,False,False,False,滅門,False,True,False,東南,出遊(吉),,,True,寅卯,平
2025-08-23,乙,巳,甲,申,甲,子,定,甲子,,東,辰巳,井,False,True,False,False,,False,False,False,東南,出遊(吉),,,False,子丑,定
2025-08-24,乙,巳,甲,申,乙,丑,執,乙丑,,東,辰巳,井,False,False,False,False,,False,False,False,東南,出遊(吉),,,False,子丑,執
2025-08-25,乙,巳,甲,申,丙,寅,破,丙寅,,東,辰巳,井,False,False,False,False,,False,False,False,南,出遊(吉),,下吉,False,子丑,破
2025-08-26,乙,巳,甲,申,丁,卯,危,丁卯,,東,辰巳,井,False,False,False,False,,False,False,False,南,出遊(吉),,下吉,False,子丑,危
2025-08-27,乙,巳,甲,申,戊,辰,成,戊辰,,東,辰巳,井,False,False,True,False,,False,False,True,南,出遊(吉),,,False,子丑,成
2025-08-28,乙,巳,甲,申,己,巳,收,己巳,,東,辰巳,井,False,False,False,False,大禍,False,False,False,南,出遊(吉),,,True,子丑,收
2025-08-29,乙,巳,甲,申,庚,午,開,庚午,,東,辰巳,井,False,True,False,True,,False,False,False,南,出遊(吉),大土(凶),下吉,False,子丑,開
2025-08-30,乙,巳,甲,申,辛,未,閉,辛未,,東,辰巳,井,False,False,False,False,,False,False,False,西南,出遊(吉),大土(凶),中吉,False,子丑,閉
2025-08-31,乙,巳,甲,申,壬,申,建,壬申,,東,辰巳,井,False,False,False,False,,False,False,False,西南,出遊(吉),大土(凶),,False,子丑,建
2025-09-01,乙,巳,甲,申,癸,酉,除,癸酉,,東,辰巳,井,False,False,False,False,狼藉,False,False,False,西南,出遊(吉),大土(凶),中吉,False,子丑,除
2025-09-02,乙,巳,甲,申,甲,戌,滿,甲戌,,東,辰巳,井,False,True,False,False,,False,False,False,西南,出遊(吉),大土(凶),,False,戌亥,滿
2025-09-03,乙,巳,甲,申,乙,亥,平,乙亥,,東,辰巳,井,False,False,False,False,滅門,False,False,False,西南,出遊(吉),大土(凶),,True,戌亥,平
2025-09-04,乙,巳,甲,申,丙,子,定,丙子,,東,辰巳,井,False,False,False,False,,False,False,False,西南,出遊(吉),大土(凶),,False,戌亥,定
2025-09-05,乙,巳,甲,申,丁,丑,執,丁丑,,東,辰巳,井,False,False,False,False,,False,False,False,西,出遊(吉),,下吉,False,戌亥,執
2025-09-06,乙,巳,甲,申,戊,寅,破,戊寅,,東,辰巳,井,False,False,False,False,,False,False,False,西,出遊(吉),,下吉,False,戌亥,破
2025-09-07,乙,巳,乙,酉,己,卯,破,己卯,,東,辰巳,井,False,False,False,False,,False,False,False,西,出遊(吉),,,False,戌亥,破
2025-09-08,乙,巳,乙,酉,庚,辰,危,庚辰,,東,辰巳,井,False,False,False,False,,False,False,False,西,出遊(吉),,下吉,False,戌亥,危
2025-09-09,乙,巳,乙,酉,辛,巳,成,辛巳,,東,辰巳,井,False,True,False,False,,False,False,False,西,出遊(吉),,下吉,True,戌亥,成
2025-09-10,乙,巳,乙,酉,壬,午,收,壬午,,東,辰巳,井,False,False,False,False,滅門,False,False,False,西北,出遊(吉),,上吉,False,戌亥,收
2025-09-11,乙,巳,乙,酉,癸,未,開,癸未,,東,辰巳,井,False,False,False,False,,False,False,False,西北,出遊(吉),,下吉,False,戌亥,開
2025-09-12,乙,巳,乙,酉,甲,申,閉,甲申,十方暮,東,辰巳,井,False,False,False,False,,True,False,False,西北,出遊(吉),,上吉,False,申酉,閉
2025-09-13,乙,巳,乙,酉,乙,酉,建,乙酉,十方暮,東,辰巳,井,False,True,False,True,狼藉,True,False,False,西北,出遊(吉),,下吉,False,申酉,建
2025-09-14,乙,巳,乙,酉,丙,戌,除,丙戌,十方暮,東,辰巳,井,False,False,True,False,,True,False,True,西北,出遊(吉),,,False,申酉,除
2025-09-15,乙,巳,乙,酉,丁,亥,滿,丁亥,十方暮,東,辰巳,井,False,False,False,False,,True,False,False,西北,出遊(吉),,,True,申酉,滿
2025-09-16,乙,巳,乙,酉,戊,子,平,戊子,十方暮,東,辰巳,井,False,False,False,False,大禍,True,False,False,北,出遊(吉),,,False,申酉,平
2025-09-17,乙,巳,乙,酉,己,丑,定,己丑,十方暮,東,辰巳,井,False,False,False,False,,True,False,False,北,出遊(吉),,,False,申酉,定
2025-09-18,乙,巳,乙,酉,庚,寅,執,庚寅,十方暮,東,辰巳,井,False,False,False,False,,True,False,False,北,出遊(吉),,上吉,False,申酉,執
2025-09-19,乙,巳,乙,酉,辛,卯,破,辛卯,十方暮,東,辰巳,井,False,True,False,False,,True,False,False,北,出遊(吉),,,False,申酉,破
2025-09-20,乙,巳,乙,酉,壬,辰,危,壬辰,十方暮,東,辰巳,井,False,False,False,False,,True,False,True,北,出遊(吉),,,False,申酉,危
2025-09-21,乙,巳,乙,酉,癸,巳,成,癸巳,天一天上,東,辰巳,井,False,False,False,False,,True,False,False,天一天上,北宮(凶),,下吉,True,申酉,成
2025-09-22,乙,巳,乙,酉,甲,午,收,甲午,天一天上,東,辰巳,井,False,False,False,False,滅門,False,False,False,天一天上,北宮(凶),,,False,午未,收
2025-09-23,乙,巳,乙,酉,乙,未,開,乙未,天一天上,東,辰巳,井,False,True,False,False,,False,False,True,天一天上,北宮(凶),,,False,午未,開
2025-09-24,乙,巳,乙,酉,丙,申,閉,丙申,天一天上,東,辰巳,井,False,False,False,False,,False,False,False,天一天上,北宮(凶),,,False,午未,閉
2025-09-25,乙,巳,乙,酉,丁,酉,建,丁酉,天一天上,東,辰巳,井,False,False,False,True,狼藉,False,False,False,天一天上,北宮(凶),,上吉,False,午未,建
2025-09-26,乙,巳,乙,酉,戊,戌,除,戊戌,天一天上,東,辰巳,井,False,False,True,False,,False,False,False,天一天上,南宮(凶),,,False,午未,除
2025-09-27,乙,巳,乙,酉,己,亥,滿,己亥,天一天上,東,辰巳,井,False,False,False,False,,False,False,False,天一天上,南宮(凶),,,True,午未,滿
2025-09-28,乙,巳,乙,酉,庚,子,平,庚子,天一天上,東,辰巳,井,False,False,False,False,大禍,False,False,False,天一天上,南宮(凶),,中吉,False,午未,平
2025-09-29,乙,巳,乙,酉,辛,丑,定,辛丑,天一天上,東,辰巳,井,False,True,False,False,,False,False,True,天一天上,南宮(凶),,下吉,False,午未,定
2025-09-30,乙,巳,乙,酉,壬,寅,執,壬寅,天一天上,東,辰巳,井,False,False,False,False,,False,False,False,天一天上,南宮(凶),,中吉,False,午未,執
2025-10-01,乙,巳,乙,酉,癸,卯,破,癸卯,天一天上,東,辰巳,井,False,False,False,False,,False,False,False,天一天上,西宮(凶),,下吉,False,午未,破
2025-10-02,乙,巳,乙,酉,甲,辰,危,甲辰,天一天上,東,辰巳,井,False,False,False,False,,False,False,False,天一天上,東宮(凶),,中吉,False,辰巳,危
2025-10-03,乙,巳,乙,酉,乙,巳,成,乙巳,天一天上,東,辰巳,井,False,True,False,False,,False,False,False,天一天上,東宮(凶),,,True,辰巳,成
2025-10-04,乙,巳,乙,酉,丙,午,收,丙午,天一天上,東,辰巳,井,False,False,False,False,滅門,False,False,False,天一天上,東宮(凶),,下吉,False,辰巳,收
2025-10-05,乙,巳,乙,酉,丁,未,開,丁未,天一天上,東,辰巳,井,False,False,False,False,,False,False,False,天一天上,東宮(凶),,下吉,False,辰巳,開
2025-10-06,乙,巳,乙,酉,戊,申,閉,戊申,天一天上,東,辰巳,井,True,False,False,False,,False,False,False,天一天上,東宮(凶),小土(凶),下吉,False,辰巳,閉
2025-10-07,乙,巳,乙,酉,己,酉,建,己酉,,東,辰巳,井,False,False,False,True,狼藉,False,False,False,東北,出遊(吉),小土(凶),上吉,False,辰巳,建
2025-10-08,乙,巳,丙,戌,庚,戌,建,庚戌,,東,辰巳,井,False,False,False,False,,False,False,False,東北,出遊(吉),小土(凶),,False,辰巳,建
2025-10-09,乙,巳,丙,戌,辛,亥,除,辛亥,,東,辰巳,井,False,False,False,False,,False,False,False,東北,出遊(吉),小土(凶),下吉,True,辰巳,除
2025-10-10,乙,巳,丙,戌,壬,子,滿,壬子,八專,東,辰巳,井,False,False,False,True,,False,True,False,東北,出遊(吉),小土(凶),,False,辰巳,滿
2025-10-11,乙,巳,丙,戌,癸,丑,平,癸丑,八專,東,辰巳,井,False,False,False,False,滅門,False,False,False,東北,出遊(吉),小土(凶),下吉,False,辰巳,平
2025-10-12,乙,巳,丙,戌,甲,寅,定,甲寅,八專,東,辰巳,井,False,False,False,False,,False,True,False,東北,出遊(吉),小土(凶),下吉,False,寅卯,定
2025-10-13,乙,巳,丙,戌,乙,卯,執,乙卯,八專,東,辰巳,井,False,False,False,False,狼藉,False,True,False,東,出遊(吉),,下吉,False,寅卯,執
2025-10-14,乙,巳,丙,戌,丙,辰,破,丙辰,八專,東,辰巳,井,False,False,False,False,,False,False,False,東,出遊(吉),,,False,寅卯,破
2025-10-15,乙,巳,丙,戌,丁,巳,危,丁巳,八專,東,辰巳,井,False,False,True,False,,False,True,False,東,出遊(吉),,下吉,True,寅卯,危
2025-10-16,乙,巳,丙,戌,戊,午,成,戊午,八專,東,辰巳,井,False,True,False,False,,False,True,False,東,出遊(吉),,,False,寅卯,成
2025-10-17,乙,巳,丙,戌,己,未,收,己未,八專,東,辰巳,井,False,True,False,False,大禍,False,False,False,東,出遊(吉),,下吉,False,寅卯,收
2025-10-18,乙,巳,丙,戌,庚,申,開,庚申,八專,東,辰巳,井,False,False,False,False,,False,True,False,東南,出遊(吉),,,False,寅卯,開
2025-10-19,乙,巳,丙,戌,辛,酉,閉,辛酉,八專,東,辰巳,井,False,False,False,False,,False,True,False,東南,出遊(吉),,下吉,False,寅卯,閉
2025-10-20,乙,巳,丙,戌,壬,戌,建,壬戌,八專,東,辰巳,井,False,False,False,False,,False,False,False,東南,出遊(吉),,,False,寅卯,建
2025-10-21,乙,巳,丙,戌,癸,亥,除,癸亥,八專,東,辰巳,井,False,False,False,False,,False,True,False,東南,出遊(吉),,,True,寅卯,除
2025-10-22,乙,巳,丙,戌,甲,子,滿,甲子,,東,辰巳,井,False,False,False,True,,False,False,False,東南,出遊(吉),,,False,子丑,滿
2025-10-23,乙,巳,丙,戌,乙,丑,平,乙丑,,東,辰巳,井,False,False,False,False,滅門,False,False,False,東南,出遊(吉),,,False,子丑,平
2025-10-24,乙,巳,丙,戌,丙,寅,定,丙寅,,東,辰巳,井,False,False,False,False,,False,False,False,南,出遊(吉),,下吉,False,子丑,定
2025-10-25,乙,巳,丙,戌,丁,卯,執,丁卯,,東,辰巳,井,False,False,False,False,狼藉,False,False,False,南,出遊(吉),,下吉,False,子丑,執
2025-10-26,乙,巳,丙,戌,戊,辰,破,戊辰,,東,辰巳,井,False,True,False,False,,False,False,True,南,出遊(吉),,,False,子丑,破
2025-10-27,乙,巳,丙,戌,己,巳,危,己巳,,東,辰巳,井,False,True,True,False,,False,False,False,南,出遊(吉),,,True,子丑,危
2025-10-28,乙,巳,丙,戌,庚,午,成,庚午,,東,辰巳,井,False,False,False,False,,False,False,False,南,出遊(吉),大土(凶),下吉,False,子丑,成
2025-10-29,乙,巳,丙,戌,辛,未,收,辛未,,東,辰巳,井,False,False,False,False,大禍,False,False,False,西南,出遊(吉),大土(凶),中吉,False,子丑,收
2025-10-30,乙,巳,丙,戌,壬,申,開,壬申,,東,辰巳,井,False,False,False,False,,False,False,False,西南,出遊(吉),大土(凶),,False,子丑,開
2025-10-31,乙,巳,丙,戌,癸,酉,閉,癸酉,,東,辰巳,井,False,False,False,False,,False,False,False,西南,出遊(吉),大土(凶),中吉,False,子丑,閉
2025-11-01,乙,巳,丙,戌,甲,戌,建,甲戌,,東,辰巳,井,False,False,False,False,,False,False,False,西南,出遊(吉),大土(凶),,False,戌亥,建
2025-11-02,乙,巳,丙,戌,乙,亥,除,乙亥,,東,辰巳,井,False,False,False,False,,False,False,False,西南,出遊(吉),大土(凶),,True,戌亥,除
2025-11-03,乙,巳,丙,戌,丙,子,滿,丙子,,東,辰巳,井,False,False,False,True,,False,False,False,西南,出遊(吉),大土(凶),,False,戌亥,滿
2025-11-04,乙,巳,丙,戌,丁,丑,平,丁丑,,東,辰巳,井,False,False,False,False,滅門,False,False,False,西,出遊(吉),,下吉,False,戌亥,平
2025-11-05,乙,巳,丙,戌,戊,寅,定,戊寅,,東,辰巳,井,False,True,False,False,,False,False,False,西,出遊(吉),,下吉,False,戌亥,定
2025-11-06,乙,巳,丙,戌,己,卯,執,己卯,,東,辰巳,井,False,True,False,False,狼藉,False,False,False,西,出遊(吉),,,False,戌亥,執
2025-11-07,乙,巳,丁,亥,庚,辰,執,庚辰,,東,辰巳,庭,False,False,False,False,,False,False,False,西,出遊(吉),,下吉,False,戌亥,執
2025-11-08,乙,巳,丁,亥,辛,巳,破,辛巳,,東,辰巳,庭,False,False,False,False,,False,False,False,西,出遊(吉),,下吉,True,戌亥,破
2025-11-09,乙,巳,丁,亥,壬,午,危,壬午,,東,辰巳,庭,False,True,False,False,,False,False,False,西北,出遊(吉),,上吉,False,戌亥,危
2025-11-10,乙,巳,丁,亥,癸,未,成,癸未,,東,辰巳,庭,False,False,False,False,,False,False,False,西北,出遊(吉),,下吉,False,戌亥,成
2025-11-11,乙,巳,丁,亥,甲,申,收,甲申,十方暮,東,辰巳,庭,False,False,False,False,滅門,True,False,False,西北,出遊(吉),,上吉,False,申酉,收
2025-11-12,乙,巳,丁,亥,乙,酉,開,乙酉,十方暮,東,辰巳,庭,False,False,False,False,,True,False,False,西北,出遊(吉),,下吉,False,申酉,開
2025-11-13,乙,巳,丁,亥,丙,戌,閉,丙戌,十方暮,東,辰巳,庭,False,True,False,False,,True,False,True,西北,出遊(吉),,,False,申酉,閉
2025-11-14,乙,巳,丁,亥,丁,亥,建,丁亥,十方暮,東,辰巳,庭,False,False,True,False,,True,False,False,西北,出遊(吉),,,True,申酉,建
2025-11-15,乙,巳,丁,亥,戊,子,除,戊子,十方暮,東,辰巳,庭,False,False,False,False,,True,False,False,北,出遊(吉),,,False,申酉,除
2025-11-16,乙,巳,丁,亥,己,丑,滿,己丑,十方暮,東,辰巳,庭,False,False,False,False,,True,False,False,北,出遊(吉),,,False,申酉,滿
2025-11-17,乙,巳,丁,亥,庚,寅,平,庚寅,十方暮,東,辰巳,庭,False,False,False,False,大禍,True,False,False,北,出遊(吉),,上吉,False,申酉,平
2025-11-18,乙,巳,丁,亥,辛,卯,定,辛卯,十方暮,東,辰巳,庭,False,False,False,True,狼藉,True,False,False,北,出遊(吉),,,False,申酉,定
2025-11-19,乙,巳,丁,亥,壬,辰,執,壬辰,十方暮,東,辰巳,庭,False,True,False,False,,True,False,True,北,出遊(吉),,,False,申酉,執
2025-11-20,乙,巳,丁,亥,癸,巳,破,癸巳,天一天上,東,辰巳,庭,False,False,False,False,,True,False,False,天一天上,北宮(凶),,下吉,True,申酉,破
2025-11-21,乙,巳,丁,亥,甲,午,危,甲午,天一天上,東,辰巳,庭,False,False,False,False,,False,False,False,天一天上,北宮(凶),,,False,午未,危
2025-11-22,乙,巳,丁,亥,乙,未,成,乙未,天一天上,東,辰巳,庭,False,False,False,False,,False,False,True,天一天上,北宮(凶),,,False,午未,成
2025-11-23,乙,巳,丁,亥,丙,申,收,丙申,天一天上,東,辰巳,庭,False,True,False,False,滅門,False,False,False,天一天上,北宮(凶),,,False,午未,收
2025-11-24,乙,巳,丁,亥,丁,酉,開,丁酉,天一天上,東,辰巳,庭,False,False,False,False,,False,False,False,天一天上,北宮(凶),,上吉,False,午未,開
2025-11-25,乙,巳,丁,亥,戊,戌,閉,戊戌,天一天上,東,辰巳,庭,False,False,False,False,,False,False,False,天一天上,南宮(凶),,,False,午未,閉
2025-11-26,乙,巳,丁,亥,己,亥,建,己亥,天一天上,東,辰巳,庭,False,False,True,False,,False,False,False,天一天上,南宮(凶),,,True,午未,建
2025-11-27,乙,巳,丁,亥,庚,子,除,庚子,天一天上,東,辰巳,庭,False,False,False,False,,False,False,False,天一天上,南宮(凶),,中吉,False,午未,除
2025-11-28,乙,巳,丁,亥,辛,丑,滿,辛丑,天一天上,東,辰巳,庭,False,False,False,False,,False,False,True,天一天上,南宮(凶),,下吉,False,午未,滿
2025-11-29,乙,巳,丁,亥,壬,寅,平,壬寅,天一天上,東,辰巳,庭,False,True,False,False,大禍,False,False,False,天一天上,南宮(凶),,中吉,False,午未,平
2025-11-30,乙,巳,丁,亥,癸,卯,定,癸卯,天一天上,東,辰巳,庭,False,False,False,True,狼藉,False,False,False,天一天上,西宮(凶),,下吉,False,午未,定
2025-12-01,乙,巳,丁,亥,甲,辰,執,甲辰,天一天上,東,辰巳,庭,False,False,False,False,,False,False,False,天一天上,東宮(凶),,中吉,False,辰巳,執
2025-12-02,乙,巳,丁,亥,乙,巳,破,乙巳,天一天上,東,辰巳,庭,False,False,False,False,,False,False,False,天一天上,東宮(凶),,,True,辰巳,破
2025-12-03,乙,巳,丁,亥,丙,午,危,丙午,天一天上,東,辰巳,庭,False,True,False,False,,False,False,False,天一天上,東宮(凶),,下吉,False,辰巳,危
2025-12-04,乙,巳,丁,亥,丁,未,成,丁未,天一天上,東,辰巳,庭,False,False,False,False,,False,False,False,天一天上,東宮(凶),,下吉,False,辰巳,成
2025-12-05,乙,巳,丁,亥,戊,申,收,戊申,天一天上,東,辰巳,庭,False,False,False,False,滅門,False,False,False,天一天上,東宮(凶),小土(凶),下吉,False,辰巳,收
2025-12-06,乙,巳,丁,亥,己,酉,開,己酉,,東,辰巳,庭,False,False,False,False,,False,False,False,東北,出遊(吉),小土(凶),上吉,False,辰巳,開
2025-12-07,乙,巳,戊,子,庚,戌,開,庚戌,,東,辰巳,庭,False,False,False,False,,False,False,False,東北,出遊(吉),小土(凶),,False,辰巳,開
2025-12-08,乙,巳,戊,子,辛,亥,閉,辛亥,,東,辰巳,庭,False,False,False,False,,False,False,False,東北,出遊(吉),小土(凶),下吉,True,辰巳,閉
2025-12-09,乙,巳,戊,子,壬,子,建,壬子,八專,東,辰巳,庭,False,False,False,False,,False,True,False,東北,出遊(吉),小土(凶),,False,辰巳,建
2025-12-10,乙,巳,戊,子,癸,丑,除,癸丑,八專,東,辰巳,庭,False,True,False,False,,False,False,False,東北,出遊(吉),小土(凶),下吉,False,辰巳,除
2025-12-11,乙,巳,戊,子,甲,寅,滿,甲寅,八專,東,辰巳,庭,False,False,False,False,,False,True,False,東北,出遊(吉),小土(凶),下吉,False,寅卯,滿
2025-12-12,乙,巳,戊,子,乙,卯,平,乙卯,八專,東,辰巳,庭,False,False,False,False,滅門,False,True,False,東,出遊(吉),,下吉,False,寅卯,平
2025-12-13,乙,巳,戊,子,丙,辰,定,丙辰,八專,東,辰巳,庭,False,False,False,False,,False,False,False,東,出遊(吉),,,False,寅卯,定
2025-12-14,乙,巳,戊,子,丁,巳,執,丁巳,八專,東,辰巳,庭,False,True,False,False,,False,True,False,東,出遊(吉),,下吉,True,寅卯,執
2025-12-15,乙,巳,戊,子,戊,午,破,戊午,八專,東,辰巳,庭,False,False,True,True,狼藉,False,True,False,東,出遊(吉),,,False,寅卯,破
2025-12-16,乙,巳,戊,子,己,未,危,己未,八專,東,辰巳,庭,False,False,False,False,,False,False,False,東,出遊(吉),,下吉,False,寅卯,危
2025-12-17,乙,巳,戊,子,庚,申,成,庚申,八專,東,辰巳,庭,False,False,False,False,,False,True,False,東南,出遊(吉),,,False,寅卯,成
2025-12-18,乙,巳,戊,子,辛,酉,收,辛酉,八專,東,辰巳,庭,False,False,False,False,大禍,False,True,False,東南,出遊(吉),,下吉,False,寅卯,收
2025-12-19,乙,巳,戊,子,壬,戌,開,壬戌,八專,東,辰巳,庭,False,False,False,False,,False,False,False,東南,出遊(吉),,,False,寅卯,開
2025-12-20,乙,巳,戊,子,癸,亥,閉,癸亥,八專,東,辰巳,庭,False,True,False,False,,False,True,False,東南,出遊(吉),,,True,寅卯,閉
2025-12-21,乙,巳,戊,子,甲,子,建,甲子,,東,辰巳,庭,True,False,False,False,,False,False,False,東南,出遊(吉),,,False,子丑,建
2025-12-22,乙,巳,戊,子,乙,丑,除,乙丑,,東,辰巳,庭,False,False,False,False,,False,False,False,東南,出遊(吉),,,False,子丑,除
2025-12-23,乙,巳,戊,子,丙,寅,滿,丙寅,,東,辰巳,庭,False,False,False,False,,False,False,False,南,出遊(吉),,下吉,False,子丑,滿
2025-12-24,乙,巳,戊,子,丁,卯,平,丁卯,,東,辰巳,庭,False,True,False,False,滅門,False,False,False,南,出遊(吉),,下吉,False,子丑,平
2025-12-25,乙,巳,戊,子,戊,辰,定,戊辰,,東,辰巳,庭,False,False,False,False,,False,False,True,南,出遊(吉),,,False,子丑,定
2025-12-26,乙,巳,戊,子,己,巳,執,己巳,,東,辰巳,庭,False,False,False,False,,False,False,False,南,出遊(吉),,,True,子丑,執
2025-12-27,乙,巳,戊,子,庚,午,破,庚午,,東,辰巳,庭,False,False,True,True,狼藉,False,False,False,南,出遊(吉),大土(凶),下吉,False,子丑,破
2025-12-28,乙,巳,戊,子,辛,未,危,辛未,,東,辰巳,庭,False,False,False,False,,False,False,False,西南,出遊(吉),大土(凶),中吉,False,子丑,危
2025-12-29,乙,巳,戊,子,壬,申,成,壬申,,東,辰巳,庭,False,False,False,False,,False,False,False,西南,出遊(吉),大土(凶),,False,子丑,成
2025-12-30,乙,巳,戊,子,癸,酉,收,癸酉,,東,辰巳,庭,False,True,False,False,大禍,False,False,False,西南,出遊(吉),大土(凶),中吉,False,子丑,收
2025-12-31,乙,巳,戊,子,甲,戌,開,甲戌,,東,辰巳,庭,False,False,False,False,,False,False,False,西南,出遊(吉),大土(凶),,False,戌亥,開
2026-01-01,乙,巳,戊,子,乙,亥,閉,乙亥,,東,辰巳,庭,False,False,False,False,,False,False,False,西南,出遊(吉),大土(凶),,True,戌亥,閉
2026-01-02,乙,巳,戊,子,丙,子,建,丙子,,東,辰巳,庭,False,False,False,False,,False,False,False,西南,出遊(吉),大土(凶),,False,戌亥,建
2026-01-03,乙,巳,戊,子,丁,丑,除,丁丑,,東,辰巳,庭,False,True,False,False,,False,False,False,西,出遊(吉),,下吉,False,戌亥,除
2026-01-04,乙,巳,戊,子,戊,寅,滿,戊寅,,東,辰巳,庭,False,False,False,False,,False,False,False,西,出遊(吉),,下吉,False,戌亥,滿
2026-01-05,乙,巳,己,丑,己,卯,滿,己卯,,東,辰巳,庭,False,True,False,False,,False,False,False,西,出遊(吉),,,False,戌亥,滿
2026-01-06,乙,巳,己,丑,庚,辰,平,庚辰,,東,辰巳,庭,False,False,False,False,大禍,False,False,False,西,出遊(吉),,下吉,False,戌亥,平
2026-01-07,乙,巳,己,丑,辛,巳,定,辛巳,,東,辰巳,庭,False,False,False,False,,False,False,False,西,出遊(吉),,下吉,True,戌亥,定
2026-01-08,乙,巳,己,丑,壬,午,執,壬午,,東,辰巳,庭,False,False,False,False,,False,False,False,西北,出遊(吉),,上吉,False,戌亥,執
2026-01-09,乙,巳,己,丑,癸,未,破,癸未,,東,辰巳,庭,False,False,False,False,,False,False,False,西北,出遊(吉),,下吉,False,戌亥,破
2026-01-10,乙,巳,己,丑,甲,申,危,甲申,十方暮,東,辰巳,庭,False,False,False,False,,True,False,False,西北,出遊(吉),,上吉,False,申酉,危
2026-01-11,乙,巳,己,丑,乙,酉,成,乙酉,十方暮,東,辰巳,庭,False,False,False,True,狼藉,True,False,False,西北,出遊(吉),,下吉,False,申酉,成
2026-01-12,乙,巳,己,丑,丙,戌,收,丙戌,十方暮,東,辰巳,庭,False,False,False,False,滅門,True,False,True,西北,出遊(吉),,,False,申酉,收
2026-01-13,乙,巳,己,丑,丁,亥,開,丁亥,十方暮,東,辰巳,庭,False,False,False,False,,True,False,False,西北,出遊(吉),,,True,申酉,開
2026-01-14,乙,巳,己,丑,戊,子,閉,戊子,十方暮,東,辰巳,庭,False,True,True,False,,True,False,False,北,出遊(吉),,,False,申酉,閉
2026-01-15,乙,巳,己,丑,己,丑,建,己丑,十方暮,東,辰巳,庭,False,True,False,False,,True,False,False,北,出遊(吉),,,False,申酉,建
2026-01-16,乙,巳,己,丑,庚,寅,除,庚寅,十方暮,東,辰巳,庭,False,False,False,False,,True,False,False,北,出遊(吉),,上吉,False,申酉,除
2026-01-17,乙,巳,己,丑,辛,卯,滿,辛卯,十方暮,東,辰巳,庭,False,False,False,False,,True,False,False,北,出遊(吉),,,False,申酉,滿
2026-01-18,乙,巳,己,丑,壬,辰,平,壬辰,十方暮,東,辰巳,庭,False,False,False,False,大禍,True,False,True,北,出遊(吉),,,False,申酉,平
2026-01-19,乙,巳,己,丑,癸,巳,定,癸巳,天一天上,東,辰巳,庭,False,False,False,False,,True,False,False,天一天上,北宮(凶),,下吉,True,申酉,定
2026-01-20,乙,巳,己,丑,甲,午,執,甲午,天一天上,東,辰巳,庭,False,False,False,False,,False,False,False,天一天上,北宮(凶),,,False,午未,執
2026-01-21,乙,巳,己,丑,乙,未,破,乙未,天一天上,東,辰巳,庭,False,False,False,False,,False,False,True,天一天上,北宮(凶),,,False,午未,破
2026-01-22,乙,巳,己,丑,丙,申,危,丙申,天一天上,東,辰巳,庭,False,False,False,False,,False,False,False,天一天上,北宮(凶),,,False,午未,危
2026-01-23,乙,巳,己,丑,丁,酉,成,丁酉,天一天上,東,辰巳,庭,False,False,False,True,狼藉,False,False,False,天一天上,北宮(凶),,上吉,False,午未,成
2026-01-24,乙,巳,己,丑,戊,戌,收,戊戌,天一天上,東,辰巳,庭,False,True,False,False,滅門,False,False,False,天一天上,南宮(凶),,,False,午未,收
2026-01-25,乙,巳,己,丑,己,亥,開,己亥,天一天上,東,辰巳,庭,False,True,False,False,,False,False,False,天一天上,南宮(凶),,,True,午未,開
2026-01-26,乙,巳,己,丑,庚,子,閉,庚子,天一天上,東,辰巳,庭,False,False,True,False,,False,False,False,天一天上,南宮(凶),,中吉,False,午未,閉
2026-01-27,乙,巳,己,丑,辛,丑,建,辛丑,天一天上,東,辰巳,庭,False,False,False,False,,False,False,True,天一天上,南宮(凶),,下吉,False,午未,建
2026-01-28,乙,巳,己,丑,壬,寅,除,壬寅,天一天上,東,辰巳,庭,False,False,False,False,,False,False,False,天一天上,南宮(凶),,中吉,False,午未,除
2026-01-29,乙,巳,己,丑,癸,卯,滿,癸卯,天一天上,東,辰巳,庭,False,False,False,False,,False,False,False,天一天上,西宮(凶),,下吉,False,午未,滿
2026-01-30,乙,巳,己,丑,甲,辰,平,甲辰,天一天上,東,辰巳,庭,False,False,False,False,大禍,False,False,False,天一天上,東宮(凶),,中吉,False,辰巳,平
2026-01-31,乙,巳,己,丑,乙,巳,定,乙巳,天一天上,東,辰巳,庭,False,False,False,False,,False,False,False,天一天上,東宮(凶),,,True,辰巳,定
2026-02-01,乙,巳,己,丑,丙,午,執,丙午,天一天上,東,辰巳,庭,False,False,False,False,,False,False,False,天一天上,東宮(凶),,下吉,False,辰巳,執
2026-02-02,乙,巳,己,丑,丁,未,破,丁未,天一天上,東,辰巳,庭,False,False,False,False,,False,False,False,天一天上,東宮(凶),,下吉,False,辰巳,破
2026-02-03,乙,巳,己,丑,戊,申,危,戊申,天一天上,東,辰巳,庭,False,True,False,False,,False,False,False,天一天上,東宮(凶),小土(凶),下吉,False,辰巳,危
2026-02-04,乙,巳,庚,寅,己,酉,危,己酉,,東,辰巳,灶,False,False,False,False,,False,False,False,東北,出遊(吉),小土(凶),上吉,False,辰巳,危
2026-02-05,乙,巳,庚,寅,庚,戌,成,庚戌,,東,辰巳,灶,False,True,False,False,,False,False,False,東北,出遊(吉),小土(凶),,False,辰巳,成
2026-02-06,乙,巳,庚,寅,辛,亥,收,辛亥,,東,辰巳,灶,False,False,False,False,大禍,False,False,False,東北,出遊(吉),小土(凶),下吉,True,辰巳,收
2026-02-07,乙,巳,庚,寅,壬,子,開,壬子,八專,東,辰巳,灶,False,False,False,True,狼藉,False,True,False,東北,出遊(吉),小土(凶),,False,辰巳,開
2026-02-08,乙,巳,庚,寅,癸,丑,閉,癸丑,八專,東,辰巳,灶,False,False,True,False,,False,False,False,東北,出遊(吉),小土(凶),下吉,False,辰巳,閉
2026-02-09,乙,巳,庚,寅,甲,寅,建,甲寅,八專,東,辰巳,灶,False,True,False,False,,False,True,False,東北,出遊(吉),小土(凶),下吉,False,寅卯,建
2026-02-10,乙,巳,庚,寅,乙,卯,除,乙卯,八專,東,辰巳,灶,False,False,False,False,,False,True,False,東,出遊(吉),,下吉,False,寅卯,除
2026-02-11,乙,巳,庚,寅,丙,辰,滿,丙辰,八專,東,辰巳,灶,False,False,False,False,,False,False,False,東,出遊(吉),,,False,寅卯,滿
2026-02-12,乙,巳,庚,寅,丁,巳,平,丁巳,八專,東,辰巳,灶,False,False,False,False,滅門,False,True,False,東,出遊(吉),,下吉,True,寅卯,平
2026-02-13,乙,巳,庚,寅,戊,午,定,戊午,八專,東,辰巳,灶,False,False,False,False,,False,True,False,東,出遊(吉),,,False,寅卯,定
2026-02-14,乙,巳,庚,寅,己,未,執,己未,八專,東,辰巳,灶,False,False,False,False,,False,False,False,東,出遊(吉),,下吉,False,寅卯,執
2026-02-15,乙,巳,庚,寅,庚,申,破,庚申,八專,東,辰巳,灶,False,True,False,False,,False,True,False,東南,出遊(吉),,,False,寅卯,破
2026-02-16,乙,巳,庚,寅,辛,酉,危,辛酉,八專,東,辰巳,灶,False,False,False,False,,False,True,False,東南,出遊(吉),,下吉,False,寅卯,危
2026-02-17,丙,午,庚,寅,壬,戌,成,壬戌,八專,東,子丑寅卯,灶,False,False,False,False,,False,False,False,東南,出遊(吉),,,False,寅卯,成
2026-02-18,丙,午,庚,寅,癸,亥,收,癸亥,八專,東,子丑寅卯,灶,False,False,False,False,大禍,False,True,False,東南,出遊(吉),,,True,寅卯,收
2026-02-19,丙,午,庚,寅,甲,子,開,甲子,,東,子丑寅卯,灶,False,True,False,True,狼藉,False,False,False,東南,出遊(吉),,,False,子丑,開
2026-02-20,丙,午,庚,寅,乙,丑,閉,乙丑,,東,子丑寅卯,灶,False,False,True,False,,False,False,False,東南,出遊(吉),,,False,子丑,閉
2026-02-21,丙,午,庚,寅,丙,寅,建,丙寅,,東,子丑寅卯,灶,False,False,False,False,,False,False,False,南,出遊(吉),,下吉,False,子丑,建
2026-02-22,丙,午,庚,寅,丁,卯,除,丁卯,,東,子丑寅卯,灶,False,False,False,False,,False,False,False,南,出遊(吉),,下吉,False,子丑,除
2026-02-23,丙,午,庚,寅,戊,辰,滿,戊辰,,東,子丑寅卯,灶,False,False,False,False,,False,False,True,南,出遊(吉),,,False,子丑,滿
2026-02-24,丙,午,庚,寅,己,巳,平,己巳,,東,子丑寅卯,灶,False,False,False,False,滅門,False,False,False,南,出遊(吉),,,True,子丑,平
2026-02-25,丙,午,庚,寅,庚,午,定,庚午,,東,子丑寅卯,灶,False,True,False,False,,False,False,False,南,出遊(吉),大土(凶),下吉,False,子丑,定
2026-02-26,丙,午,庚,寅,辛,未,執,辛未,,東,子丑寅卯,灶,False,False,False,False,,False,False,False,西南,出遊(吉),大土(凶),中吉,False,子丑,執
2026-02-27,丙,午,庚,寅,壬,申,破,壬申,,東,子丑寅卯,灶,False,False,False,False,,False,False,False,西南,出遊(吉),大土(凶),,False,子丑,破
2026-02-28,丙,午,庚,寅,癸,酉,危,癸酉,,東,子丑寅卯,灶,False,False,False,False,,False,False,False,西南,出遊(吉),大土(凶),中吉,False,子丑,危
2026-03-01,丙,午,庚,寅,甲,戌,成,甲戌,,東,子丑寅卯,灶,False,True,False,False,,False,False,False,西南,出遊(吉),大土(凶),,False,戌亥,成
2026-03-02,丙,午,庚,寅,乙,亥,收,乙亥,,東,子丑寅卯,灶,False,False,False,False,大禍,False,False,False,西南,出遊(吉),大土(凶),,True,戌亥,收
2026-03-03,丙,午,庚,寅,丙,子,開,丙子,,東,子丑寅卯,灶,False,False,False,True,狼藉,False,False,False,西南,出遊(吉),大土(凶),,False,戌亥,開
2026-03-04,丙,午,庚,寅,丁,丑,閉,丁丑,,東,子丑寅卯,灶,False,False,True,False,,False,False,False,西,出遊(吉),,下吉,False,戌亥,閉
2026-03-05,丙,午,辛,卯,戊,寅,閉,戊寅,,東,子丑寅卯,灶,True,False,False,False,,False,False,False,西,出遊(吉),,下吉,False,戌亥,閉
2026-03-06,丙,午,辛,卯,己,卯,建,己卯,,東,子丑寅卯,灶,False,False,False,True,狼藉,False,False,False,西,出遊(吉),,,False,戌亥,建
2026-03-07,丙,午,辛,卯,庚,辰,除,庚辰,,東,子丑寅卯,灶,False,False,False,False,,False,False,False,西,出遊(吉),,下吉,False,戌亥,除
2026-03-08,丙,午,辛,卯,辛,巳,滿,辛巳,,東,子丑寅卯,灶,False,True,False,False,,False,False,False,西,出遊(吉),,下吉,True,戌亥,滿
2026-03-09,丙,午,辛,卯,壬,午,平,壬午,,東,子丑寅卯,灶,False,False,False,False,大禍,False,False,False,西北,出遊(吉),,上吉,False,戌亥,平
2026-03-10,丙,午,辛,卯,癸,未,定,癸未,,東,子丑寅卯,灶,False,False,True,False,,False,False,False,西北,出遊(吉),,下吉,False,戌亥,定
2026-03-11,丙,午,辛,卯,甲,申,執,甲申,十方暮,東,子丑寅卯,灶,False,False,False,False,,True,False,False,西北,出遊(吉),,上吉,False,申酉,執
2026-03-12,丙,午,辛,卯,乙,酉,破,乙酉,十方暮,東,子丑寅卯,灶,False,True,False,False,,True,False,False,西北,出遊(吉),,下吉,False,申酉,破
2026-03-13,丙,午,辛,卯,丙,戌,危,丙戌,十方暮,東,子丑寅卯,灶,False,False,False,False,,True,False,True,西北,出遊(吉),,,False,申酉,危
2026-03-14,丙,午,辛,卯,丁,亥,成,丁亥,十方暮,東,子丑寅卯,灶,False,False,False,False,,True,False,False,西北,出遊(吉),,,True,申酉,成
2026-03-15,丙,午,辛,卯,戊,子,收,戊子,十方暮,東,子丑寅卯,灶,False,False,False,False,滅門,True,False,False,北,出遊(吉),,,False,申酉,收
2026-03-16,丙,午,辛,卯,己,丑,開,己丑,十方暮,東,子丑寅卯,灶,False,False,False,False,,True,False,False,北,出遊(吉),,,False,申酉,開
2026-03-17,丙,午,辛,卯,庚,寅,閉,庚寅,十方暮,東,子丑寅卯,灶,False,False,False,False,,True,False,False,北,出遊(吉),,上吉,False,申酉,閉
2026-03-18,丙,午,辛,卯,辛,卯,建,辛卯,十方暮,東,子丑寅卯,灶,False,True,False,True,狼藉,True,False,False,北,出遊(吉),,,False,申酉,建
2026-03-19,丙,午,辛,卯,壬,辰,除,壬辰,十方暮,東,子丑寅卯,灶,False,False,False,False,,True,False,True,北,出遊(吉),,,False,申酉,除
2026-03-20,丙,午,辛,卯,癸,巳,滿,癸巳,天一天上,東,子丑寅卯,灶,False,False,False,False,,True,False,False,天一天上,北宮(凶),,下吉,True,申酉,滿
2026-03-21,丙,午,辛,卯,甲,午,平,甲午,天一天上,東,子丑寅卯,灶,False,False,False,False,大禍,False,False,False,天一天上,北宮(凶),,,False,午未,平
2026-03-22,丙,午,辛,卯,乙,未,定,乙未,天一天上,東,子丑寅卯,灶,False,True,True,False,,False,False,True,天一天上,北宮(凶),,,False,午未,定
2026-03-23,丙,午,辛,卯,丙,申,執,丙申,天一天上,東,子丑寅卯,灶,False,False,False,False,,False,False,False,天一天上,北宮(凶),,,False,午未,執
2026-03-24,丙,午,辛,卯,丁,酉,破,丁酉,天一天上,東,子丑寅卯,灶,False,False,False,False,,False,False,False,天一天上,北宮(凶),,上吉,False,午未,破
2026-03-25,丙,午,辛,卯,戊,戌,危,戊戌,天一天上,東,子丑寅卯,灶,False,False,False,False,,False,False,False,天一天上,南宮(凶),,,False,午未,危
2026-03-26,丙,午,辛,卯,己,亥,成,己亥,天一天上,東,子丑寅卯,灶,False,False,False,False,,False,False,False,天一天上,南宮(凶),,,True,午未,成
2026-03-27,丙,午,辛,卯,庚,子,收,庚子,天一天上,東,子丑寅卯,灶,False,False,False,False,滅門,False,False,False,天一天上,南宮(凶),,中吉,False,午未,收
2026-03-28,丙,午,辛,卯,辛,丑,開,辛丑,天一天上,東,子丑寅卯,灶,False,True,False,False,,False,False,True,天一天上,南宮(凶),,下吉,False,午未,開
2026-03-29,丙,午,辛,卯,壬,寅,閉,壬寅,天一天上,東,子丑寅卯,灶,False,False,False,False,,False,False,False,天一天上,南宮(凶),,中吉,False,午未,閉
2026-03-30,丙,午,辛,卯,癸,卯,建,癸卯,天一天上,東,子丑寅卯,灶,False,False,False,True,狼藉,False,False,False,天一天上,西宮(凶),,下吉,False,午未,建
2026-03-31,丙,午,辛,卯,甲,辰,除,甲辰,天一天上,東,子丑寅卯,灶,False,False,False,False,,False,False,False,天一天上,東宮(凶),,中吉,False,辰巳,除
2026-04-01,丙,午,辛,卯,乙,巳,滿,乙巳,天一天上,東,子丑寅卯,灶,False,True,False,False,,False,False,False,天一天上,東宮(凶),,,True,辰巳,滿
2026-04-02,丙,午,辛,卯,丙,午,平,丙午,天一天上,東,子丑寅卯,灶,False,False,False,False,大禍,False,False,False,天一天上,東宮(凶),,下吉,False,辰巳,平
2026-04-03,丙,午,辛,卯,丁,未,定,丁未,天一天上,東,子丑寅卯,灶,False,False,True,False,,False,False,False,天一天上,東宮(凶),,下吉,False,辰巳,定
2026-04-04,丙,午,辛,卯,戊,申,執,戊申,天一天上,東,子丑寅卯,灶,False,False,False,False,,False,False,False,天一天上,東宮(凶),小土(凶),下吉,False,辰巳,執
2026-04-05,丙,午,壬,辰,己,酉,執,己酉,,東,子丑寅卯,灶,False,True,False,False,,False,False,False,東北,出遊(吉),小土(凶),上吉,False,辰巳,執
2026-04-06,丙,午,壬,辰,庚,戌,破,庚戌,,東,子丑寅卯,灶,False,False,False,False,,False,False,False,東北,出遊(吉),小土(凶),,False,辰巳,破
2026-04-07,丙,午,壬,辰,辛,亥,危,辛亥,,東,子丑寅卯,灶,False,False,False,False,,False,False,False,東北,出遊(吉),小土(凶),下吉,True,辰巳,危
2026-04-08,丙,午,壬,辰,壬,子,成,壬子,八專,東,子丑寅卯,灶,False,False,False,False,,False,True,False,東北,出遊(吉),小土(凶),,False,辰巳,成
2026-04-09,丙,午,壬,辰,癸,丑,收,癸丑,八專,東,子丑寅卯,灶,False,False,False,False,大禍,False,False,False,東北,出遊(吉),小土(凶),下吉,False,辰巳,收
2026-04-10,丙,午,壬,辰,甲,寅,開,甲寅,八專,東,子丑寅卯,灶,False,False,True,False,,False,True,False,東北,出遊(吉),小土(凶),下吉,False,寅卯,開
2026-04-11,丙,午,壬,辰,乙,卯,閉,乙卯,八專,東,子丑寅卯,灶,False,False,False,False,,False,True,False,東,出遊(吉),,下吉,False,寅卯,閉
2026-04-12,丙,午,壬,辰,丙,辰,建,丙辰,八專,東,子丑寅卯,灶,False,False,False,False,,False,False,False,東,出遊(吉),,,False,寅卯,建
2026-04-13,丙,午,壬,辰,丁,巳,除,丁巳,八專,東,子丑寅卯,灶,False,False,False,False,,False,True,False,東,出遊(吉),,下吉,True,寅卯,除
2026-04-14,丙,午,壬,辰,戊,午,滿,戊午,八專,東,子丑寅卯,灶,False,True,False,True,狼藉,False,True,False,東,出遊(吉),,,False,寅卯,滿
2026-04-15,丙,午,壬,辰,己,未,平,己未,八專,東,子丑寅卯,灶,False,True,False,False,滅門,False,False,False,東,出遊(吉),,下吉,False,寅卯,平
2026-04-16,丙,午,壬,辰,庚,申,定,庚申,八專,東,子丑寅卯,灶,False,False,False,False,,False,True,False,東南,出遊(吉),,,False,寅卯,定
2026-04-17,丙,午,壬,辰,辛,酉,執,辛酉,八專,東,子丑寅卯,灶,False,False,False,False,,False,True,False,東南,出遊(吉),,下吉,False,寅卯,執
2026-04-18,丙,午,壬,辰,壬,戌,破,壬戌,八專,東,子丑寅卯,灶,False,False,False,False,,False,False,False,東南,出遊(吉),,,False,寅卯,破
2026-04-19,丙,午,壬,辰,癸,亥,危,癸亥,八專,東,子丑寅卯,灶,False,False,False,False,,False,True,False,東南,出遊(吉),,,True,寅卯,危
2026-04-20,丙,午,壬,辰,甲,子,成,甲子,,東,子丑寅卯,灶,False,False,False,False,,False,False,False,東南,出遊(吉),,,False,子丑,成
2026-04-21,丙,午,壬,辰,乙,丑,收,乙丑,,東,子丑寅卯,灶,False,False,False,False,大禍,False,False,False,東南,出遊(吉),,,False,子丑,收
2026-04-22,丙,午,壬,辰,丙,寅,開,丙寅,,東,子丑寅卯,灶,False,False,True,False,,False,False,False,南,出遊(吉),,下吉,False,子丑,開
2026-04-23,丙,午,壬,辰,丁,卯,閉,丁卯,,東,子丑寅卯,灶,False,False,False,False,,False,False,False,南,出遊(吉),,下吉,False,子丑,閉
2026-04-24,丙,午,壬,辰,戊,辰,建,戊辰,,東,子丑寅卯,灶,False,True,False,False,,False,False,True,南,出遊(吉),,,False,子丑,建
2026-04-25,丙,午,壬,辰,己,巳,除,己巳,,東,子丑寅卯,灶,False,True,False,False,,False,False,False,南,出遊(吉),,,True,子丑,除
2026-04-26,丙,午,壬,辰,庚,午,滿,庚午,,東,子丑寅卯,灶,False,False,False,True,狼藉,False,False,False,南,出遊(吉),大土(凶),下吉,False,子丑,滿
2026-04-27,丙,午,壬,辰,辛,未,平,辛未,,東,子丑寅卯,灶,False,False,False,False,滅門,False,False,False,西南,出遊(吉),大土(凶),中吉,False,子丑,平
2026-04-28,丙,午,壬,辰,壬,申,定,壬申,,東,子丑寅卯,灶,False,False,False,False,,False,False,False,西南,出遊(吉),大土(凶),,False,子丑,定
2026-04-29,丙,午,壬,辰,癸,酉,執,癸酉,,東,子丑寅卯,灶,False,False,False,False,,False,False,False,西南,出遊(吉),大土(凶),中吉,False,子丑,執
2026-04-30,丙,午,壬,辰,甲,戌,破,甲戌,,東,子丑寅卯,灶,False,False,False,False,,False,False,False,西南,出遊(吉),大土(凶),,False,戌亥,破
2026-05-01,丙,午,壬,辰,乙,亥,危,乙亥,,東,子丑寅卯,灶,False,False,False,False,,False,False,False,西南,出遊(吉),大土(凶),,True,戌亥,危
2026-05-02,丙,午,壬,辰,丙,子,成,丙子,,東,子丑寅卯,灶,False,False,False,False,,False,False,False,西南,出遊(吉),大土(凶),,False,戌亥,成
2026-05-03,丙,午,壬,辰,丁,丑,收,丁丑,,東,子丑寅卯,灶,False,False,False,False,大禍,False,False,False,西,出遊(吉),,下吉,False,戌亥,收
2026-05-04,丙,午,壬,辰,戊,寅,開,戊寅,,東,子丑寅卯,灶,True,True,True,False,,False,False,False,西,出遊(吉),,下吉,False,戌亥,開
2026-05-05,丙,午,癸,巳,己,卯,開,己卯,,東,子丑寅卯,門,False,False,False,False,,False,False,False,西,出遊(吉),,,False,戌亥,開
2026-05-06,丙,午,癸,巳,庚,辰,閉,庚辰,,東,子丑寅卯,門,False,False,False,False,,False,False,False,西,出遊(吉),,下吉,False,戌亥,閉
2026-05-07,丙,午,癸,巳,辛,巳,建,辛巳,,東,子丑寅卯,門,False,False,False,False,,False,False,False,西,出遊(吉),,下吉,True,戌亥,建
2026-05-08,丙,午,癸,巳,壬,午,除,壬午,,東,子丑寅卯,門,False,True,False,False,狼藉,False,False,False,西北,出遊(吉),,上吉,False,戌亥,除
2026-05-09,丙,午,癸,巳,癸,未,滿,癸未,,東,子丑寅卯,門,False,False,False,False,,False,False,False,西北,出遊(吉),,下吉,False,戌亥,滿
2026-05-10,丙,午,癸,巳,甲,申,平,甲申,十方暮,東,子丑寅卯,門,False,False,True,False,大禍,True,False,False,西北,出遊(吉),,上吉,False,申酉,平
2026-05-11,丙,午,癸,巳,乙,酉,定,乙酉,十方暮,東,子丑寅卯,門,False,False,False,True,,True,False,False,西北,出遊(吉),,下吉,False,申酉,定
2026-05-12,丙,午,癸,巳,丙,戌,執,丙戌,十方暮,東,子丑寅卯,門,False,True,False,False,,True,False,True,西北,出遊(吉),,,False,申酉,執
2026-05-13,丙,午,癸,巳,丁,亥,破,丁亥,十方暮,東,子丑寅卯,門,False,False,False,False,,True,False,False,西北,出遊(吉),,,True,申酉,破
2026-05-14,丙,午,癸,巳,戊,子,危,戊子,十方暮,東,子丑寅卯,門,False,False,False,False,,True,False,False,北,出遊(吉),,,False,申酉,危
2026-05-15,丙,午,癸,巳,己,丑,成,己丑,十方暮,東,子丑寅卯,門,False,False,False,False,,True,False,False,北,出遊(吉),,,False,申酉,成
2026-05-16,丙,午,癸,巳,庚,寅,收,庚寅,十方暮,東,子丑寅卯,門,False,False,False,False,滅門,True,False,False,北,出遊(吉),,上吉,False,申酉,收
2026-05-17,丙,午,癸,巳,辛,卯,開,辛卯,十方暮,東,子丑寅卯,門,False,False,False,False,,True,False,False,北,出遊(吉),,,False,申酉,開
2026-05-18,丙,午,癸,巳,壬,辰,閉,壬辰,十方暮,東,子丑寅卯,門,False,True,False,False,,True,False,True,北,出遊(吉),,,False,申酉,閉
2026-05-19,丙,午,癸,巳,癸,巳,建,癸巳,天一天上,東,子丑寅卯,門,False,False,False,False,,True,False,False,天一天上,北宮(凶),,下吉,True,申酉,建
2026-05-20,丙,午,癸,巳,甲,午,除,甲午,天一天上,東,子丑寅卯,門,True,False,False,False,狼藉,False,False,False,天一天上,北宮(凶),,,False,午未,除
2026-05-21,丙,午,癸,巳,乙,未,滿,乙未,天一天上,東,子丑寅卯,門,False,False,False,False,,False,False,True,天一天上,北宮(凶),,,False,午未,滿
2026-05-22,丙,午,癸,巳,丙,申,平,丙申,天一天上,東,子丑寅卯,門,False,True,True,False,大禍,False,False,False,天一天上,北宮(凶),,,False,午未,平
2026-05-23,丙,午,癸,巳,丁,酉,定,丁酉,天一天上,東,子丑寅卯,門,False,False,False,True,,False,False,False,天一天上,北宮(凶),,上吉,False,午未,定
2026-05-24,丙,午,癸,巳,戊,戌,執,戊戌,天一天上,東,子丑寅卯,門,False,False,False,False,,False,False,False,天一天上,南宮(凶),,,False,午未,執
2026-05-25,丙,午,癸,巳,己,亥,破,己亥,天一天上,東,子丑寅卯,門,False,False,False,False,,False,False,False,天一天上,南宮(凶),,,True,午未,破
2026-05-26,丙,午,癸,巳,庚,子,危,庚子,天一天上,東,子丑寅卯,門,False,False,False,False,,False,False,False,天一天上,南宮(凶),,中吉,False,午未,危
2026-05-27,丙,午,癸,巳,辛,丑,成,辛丑,天一天上,東,子丑寅卯,門,False,False,False,False,,False,False,True,天一天上,南宮(凶),,下吉,False,午未,成
2026-05-28,丙,午,癸,巳,壬,寅,收,壬寅,天一天上,東,子丑寅卯,門,False,True,False,False,滅門,False,False,False,天一天上,南宮(凶),,中吉,False,午未,收
2026-05-29,丙,午,癸,巳,癸,卯,開,癸卯,天一天上,東,子丑寅卯,門,False,False,False,False,,False,False,False,天一天上,西宮(凶),,下吉,False,午未,開
2026-05-30,丙,午,癸,巳,甲,辰,閉,甲辰,天一天上,東,子丑寅卯,門,False,False,False,False,,False,False,False,天一天上,東宮(凶),,中吉,False,辰巳,閉
2026-05-31,丙,午,癸,巳,乙,巳,建,乙巳,天一天上,東,子丑寅卯,門,False,False,False,False,,False,False,False,天一天上,東宮(凶),,,True,辰巳,建
2026-06-01,丙,午,癸,巳,丙,午,除,丙午,天一天上,東,子丑寅卯,門,False,True,False,False,狼藉,False,False,False,天一天上,東宮(凶),,下吉,False,辰巳,除
2026-06-02,丙,午,癸,巳,丁,未,滿,丁未,天一天上,東,子丑寅卯,門,False,False,False,False,,False,False,False,天一天上,東宮(凶),,下吉,False,辰巳,滿
2026-06-03,丙,午,癸,巳,戊,申,平,戊申,天一天上,東,子丑寅卯,門,False,False,True,False,大禍,False,False,False,天一天上,東宮(凶),小土(凶),下吉,False,辰巳,平
2026-06-04,丙,午,癸,巳,己,酉,定,己酉,,東,子丑寅卯,門,False,False,False,True,,False,False,False,東北,出遊(吉),小土(凶),上吉,False,辰巳,定
2026-06-05,丙,午,甲,午,庚,戌,定,庚戌,,東,子丑寅卯,門,False,False,False,False,,False,False,False,東北,出遊(吉),小土(凶),,False,辰巳,定
2026-06-06,丙,午,甲,午,辛,亥,執,辛亥,,東,子丑寅卯,門,False,False,False,False,,False,False,False,東北,出遊(吉),小土(凶),下吉,True,辰巳,執
2026-06-07,丙,午,甲,午,壬,子,破,壬子,八專,東,子丑寅卯,門,False,False,False,True,狼藉,False,True,False,東北,出遊(吉),小土(凶),,False,辰巳,破
2026-06-08,丙,午,甲,午,癸,丑,危,癸丑,八專,東,子丑寅卯,門,False,True,False,False,,False,False,False,東北,出遊(吉),小土(凶),下吉,False,辰巳,危
2026-06-09,丙,午,甲,午,甲,寅,成,甲寅,八專,東,子丑寅卯,門,False,False,False,False,,False,True,False,東北,出遊(吉),小土(凶),下吉,False,寅卯,成
2026-06-10,丙,午,甲,午,乙,卯,收,乙卯,八專,東,子丑寅卯,門,False,False,True,False,大禍,False,True,False,東,出遊(吉),,下吉,False,寅卯,收
2026-06-11,丙,午,甲,午,丙,辰,開,丙辰,八專,東,子丑寅卯,門,False,False,False,False,,False,False,False,東,出遊(吉),,,False,寅卯,開
2026-06-12,丙,午,甲,午,丁,巳,閉,丁巳,八專,東,子丑寅卯,門,False,True,False,False,,False,True,False,東,出遊(吉),,下吉,True,寅卯,閉
2026-06-13,丙,午,甲,午,戊,午,建,戊午,八專,東,子丑寅卯,門,False,False,False,False,,False,True,False,東,出遊(吉),,,False,寅卯,建
2026-06-14,丙,午,甲,午,己,未,除,己未,八專,東,子丑寅卯,門,False,False,False,False,,False,False,False,東,出遊(吉),,下吉,False,寅卯,除
2026-06-15,丙,午,甲,午,庚,申,滿,庚申,八專,東,子丑寅卯,門,False,False,False,False,,False,True,False,東南,出遊(吉),,,False,寅卯,滿
2026-06-16,丙,午,甲,午,辛,酉,平,辛酉,八專,東,子丑寅卯,門,False,False,False,False,滅門,False,True,False,東南,出遊(吉),,下吉,False,寅卯,平
2026-06-17,丙,午,甲,午,壬,戌,定,壬戌,八專,東,子丑寅卯,門,False,False,False,False,,False,False,False,東南,出遊(吉),,,False,寅卯,定
2026-06-18,丙,午,甲,午,癸,亥,執,癸亥,八專,東,子丑寅卯,門,False,True,False,False,,False,True,False,東南,出遊(吉),,,True,寅卯,執
2026-06-19,丙,午,甲,午,甲,子,破,甲子,,東,子丑寅卯,門,False,False,False,True,狼藉,False,False,False,東南,出遊(吉),,,False,子丑,破
2026-06-20,丙,午,甲,午,乙,丑,危,乙丑,,東,子丑寅卯,門,False,False,False,False,,False,False,False,東南,出遊(吉),,,False,子丑,危
2026-06-21,丙,午,甲,午,丙,寅,成,丙寅,,東,子丑寅卯,門,False,False,False,False,,False,False,False,南,出遊(吉),,下吉,False,子丑,成
2026-06-22,丙,午,甲,午,丁,卯,收,丁卯,,東,子丑寅卯,門,False,True,True,False,大禍,False,False,False,南,出遊(吉),,下吉,False,子丑,收
2026-06-23,丙,午,甲,午,戊,辰,開,戊辰,,東,子丑寅卯,門,False,False,False,False,,False,False,True,南,出遊(吉),,,False,子丑,開
2026-06-24,丙,午,甲,午,己,巳,閉,己巳,,東,子丑寅卯,門,False,False,False,False,,False,False,False,南,出遊(吉),,,True,子丑,閉
2026-06-25,丙,午,甲,午,庚,午,建,庚午,,東,子丑寅卯,門,False,False,False,False,,False,False,False,南,出遊(吉),大土(凶),下吉,False,子丑,建
2026-06-26,丙,午,甲,午,辛,未,除,辛未,,東,子丑寅卯,門,False,False,False,False,,False,False,False,西南,出遊(吉),大土(凶),中吉,False,子丑,除
2026-06-27,丙,午,甲,午,壬,申,滿,壬申,,東,子丑寅卯,門,False,False,False,False,,False,False,False,西南,出遊(吉),大土(凶),,False,子丑,滿
2026-06-28,丙,午,甲,午,癸,酉,平,癸酉,,東,子丑寅卯,門,False,True,False,False,滅門,False,False,False,西南,出遊(吉),大土(凶),中吉,False,子丑,平
2026-06-29,丙,午,甲,午,甲,戌,定,甲戌,,東,子丑寅卯,門,False,False,False,False,,False,False,False,西南,出遊(吉),大土(凶),,False,戌亥,定
2026-06-30,丙,午,甲,午,乙,亥,執,乙亥,,東,子丑寅卯,門,False,False,False,False,,False,False,False,西南,出遊(吉),大土(凶),,True,戌亥,執
2026-07-01,丙,午,甲,午,丙,子,破,丙子,,東,子丑寅卯,門,False,False,False,True,狼藉,False,False,False,西南,出遊(吉),大土(凶),,False,戌亥,破
2026-07-02,丙,午,甲,午,丁,丑,危,丁丑,,東,子丑寅卯,門,False,True,False,False,,False,False,False,西,出遊(吉),,下吉,False,戌亥,危
2026-07-03,丙,午,甲,午,戊,寅,成,戊寅,,東,子丑寅卯,門,False,False,False,False,,False,False,False,西,出遊(吉),,下吉,False,戌亥,成
2026-07-04,丙,午,甲,午,己,卯,收,己卯,,東,子丑寅卯,門,False,False,True,False,大禍,False,False,False,西,出遊(吉),,,False,戌亥,收
2026-07-05,丙,午,甲,午,庚,辰,開,庚辰,,東,子丑寅卯,門,False,False,False,False,,False,False,False,西,出遊(吉),,下吉,False,戌亥,開
2026-07-06,丙,午,甲,午,辛,巳,閉,辛巳,,東,子丑寅卯,門,False,False,False,False,,False,False,False,西,出遊(吉),,下吉,True,戌亥,閉
2026-07-07,丙,午,乙,未,壬,午,閉,壬午,,東,子丑寅卯,門,False,False,False,False,,False,False,False,西北,出遊(吉),,上吉,False,戌亥,閉
2026-07-08,丙,午,乙,未,癸,未,建,癸未,,東,子丑寅卯,門,False,False,False,False,,False,False,False,西北,出遊(吉),,下吉,False,戌亥,建
2026-07-09,丙,午,乙,未,甲,申,除,甲申,十方暮,東,子丑寅卯,門,False,False,False,False,,True,False,False,西北,出遊(吉),,上吉,False,申酉,除
2026-07-10,丙,午,乙,未,乙,酉,滿,乙酉,十方暮,東,子丑寅卯,門,False,False,True,False,,True,False,False,西北,出遊(吉),,下吉,False,申酉,滿
2026-07-11,丙,午,乙,未,丙,戌,平,丙戌,十方暮,東,子丑寅卯,門,False,False,False,False,大禍,True,False,True,西北,出遊(吉),,,False,申酉,平
2026-07-12,丙,午,乙,未,丁,亥,定,丁亥,十方暮,東,子丑寅卯,門,False,False,False,False,,True,False,False,西北,出遊(吉),,,True,申酉,定
2026-07-13,丙,午,乙,未,戊,子,執,戊子,十方暮,東,子丑寅卯,門,False,True,False,False,,True,False,False,北,出遊(吉),,,False,申酉,執
2026-07-14,丙,午,乙,未,己,丑,破,己丑,十方暮,東,子丑寅卯,門,False,True,False,False,,True,False,False,北,出遊(吉),,,False,申酉,破
2026-07-15,丙,午,乙,未,庚,寅,危,庚寅,十方暮,東,子丑寅卯,門,False,False,False,False,,True,False,False,北,出遊(吉),,上吉,False,申酉,危
2026-07-16,丙,午,乙,未,辛,卯,成,辛卯,十方暮,東,子丑寅卯,門,False,False,False,True,狼藉,True,False,False,北,出遊(吉),,,False,申酉,成
2026-07-17,丙,午,乙,未,壬,辰,收,壬辰,十方暮,東,子丑寅卯,門,False,False,False,False,滅門,True,False,True,北,出遊(吉),,,False,申酉,收
2026-07-18,丙,午,乙,未,癸,巳,開,癸巳,天一天上,東,子丑寅卯,門,False,False,False,False,,True,False,False,天一天上,北宮(凶),,下吉,True,申酉,開
2026-07-19,丙,午,乙,未,甲,午,閉,甲午,天一天上,東,子丑寅卯,門,True,False,False,False,,False,False,False,天一天上,北宮(凶),,,False,午未,閉
2026-07-20,丙,午,乙,未,乙,未,建,乙未,天一天上,東,子丑寅卯,門,False,False,False,False,,False,False,True,天一天上,北宮(凶),,,False,午未,建
2026-07-21,丙,午,乙,未,丙,申,除,丙申,天一天上,東,子丑寅卯,門,False,False,False,False,,False,False,False,天一天上,北宮(凶),,,False,午未,除
2026-07-22,丙,午,乙,未,丁,酉,滿,丁酉,天一天上,東,子丑寅卯,門,False,False,True,False,,False,False,False,天一天上,北宮(凶),,上吉,False,午未,滿
2026-07-23,丙,午,乙,未,戊,戌,平,戊戌,天一天上,東,子丑寅卯,門,False,True,False,False,大禍,False,False,False,天一天上,南宮(凶),,,False,午未,平
2026-07-24,丙,午,乙,未,己,亥,定,己亥,天一天上,東,子丑寅卯,門,False,True,False,False,,False,False,False,天一天上,南宮(凶),,,True,午未,定
2026-07-25,丙,午,乙,未,庚,子,執,庚子,天一天上,東,子丑寅卯,門,False,False,False,False,,False,False,False,天一天上,南宮(凶),,中吉,False,午未,執
2026-07-26,丙,午,乙,未,辛,丑,破,辛丑,天一天上,東,子丑寅卯,門,False,False,False,False,,False,False,True,天一天上,南宮(凶),,下吉,False,午未,破
2026-07-27,丙,午,乙,未,壬,寅,危,壬寅,天一天上,東,子丑寅卯,門,False,False,False,False,,False,False,False,天一天上,南宮(凶),,中吉,False,午未,危
2026-07-28,丙,午,乙,未,癸,卯,成,癸卯,天一天上,東,子丑寅卯,門,False,False,False,True,狼藉,False,False,False,天一天上,西宮(凶),,下吉,False,午未,成
2026-07-29,丙,午,乙,未,甲,辰,收,甲辰,天一天上,東,子丑寅卯,門,False,False,False,False,滅門,False,False,False,天一天上,東宮(凶),,中吉,False,辰巳,收
2026-07-30,丙,午,乙,未,乙,巳,開,乙巳,天一天上,東,子丑寅卯,門,False,False,False,False,,False,False,False,天一天上,東宮(凶),,,True,辰巳,開
2026-07-31,丙,午,乙,未,丙,午,閉,丙午,天一天上,東,子丑寅卯,門,False,False,False,False,,False,False,False,天一天上,東宮(凶),,下吉,False,辰巳,閉
2026-08-01,丙,午,乙,未,丁,未,建,丁未,天一天上,東,子丑寅卯,門,False,False,False,False,,False,False,False,天一天上,東宮(凶),,下吉,False,辰巳,建
2026-08-02,丙,午,乙,未,戊,申,除,戊申,天一天上,東,子丑寅卯,門,False,True,False,False,,False,False,False,天一天上,東宮(凶),小土(凶),下吉,False,辰巳,除
2026-08-03,丙,午,乙,未,己,酉,滿,己酉,,東,子丑寅卯,門,False,True,True,False,,False,False,False,東北,出遊(吉),小土(凶),上吉,False,辰巳,滿
2026-08-04,丙,午,乙,未,庚,戌,平,庚戌,,東,子丑寅卯,門,False,False,False,False,大禍,False,False,False,東北,出遊(吉),小土(凶),,False,辰巳,平
2026-08-05,丙,午,乙,未,辛,亥,定,辛亥,,東,子丑寅卯,門,False,False,False,False,,False,False,False,東北,出遊(吉),小土(凶),下吉,True,辰巳,定
2026-08-06,丙,午,乙,未,壬,子,執,壬子,八專,東,子丑寅卯,門,False,False,False,False,,False,True,False,東北,出遊(吉),小土(凶),,False,辰巳,執
2026-08-07,丙,午,丙,申,癸,丑,執,癸丑,八專,東,子丑寅卯,井,False,False,False,False,,False,False,False,東北,出遊(吉),小土(凶),下吉,False,辰巳,執
2026-08-08,丙,午,丙,申,甲,寅,破,甲寅,八專,東,子丑寅卯,井,False,True,False,False,,False,True,False,東北,出遊(吉),小土(凶),下吉,False,寅卯,破
2026-08-09,丙,午,丙,申,乙,卯,危,乙卯,八專,東,子丑寅卯,井,False,False,False,False,,False,True,False,東,出遊(吉),,下吉,False,寅卯,危
2026-08-10,丙,午,丙,申,丙,辰,成,丙辰,八專,東,子丑寅卯,井,False,False,True,False,,False,False,False,東,出遊(吉),,,False,寅卯,成
2026-08-11,丙,午,丙,申,丁,巳,收,丁巳,八專,東,子丑寅卯,井,False,False,False,False,大禍,False,True,False,東,出遊(吉),,下吉,True,寅卯,收
2026-08-12,丙,午,丙,申,戊,午,開,戊午,八專,東,子丑寅卯,井,False,False,False,True,,False,True,False,東,出遊(吉),,,False,寅卯,開
2026-08-13,丙,午,丙,申,己,未,閉,己未,八專,東,子丑寅卯,井,False,False,False,False,,False,False,False,東,出遊(吉),,下吉,False,寅卯,閉
2026-08-14,丙,午,丙,申,庚,申,建,庚申,八專,東,子丑寅卯,井,False,True,False,False,,False,True,False,東南,出遊(吉),,,False,寅卯,建
2026-08-15,丙,午,丙,申,辛,酉,除,辛酉,八專,東,子丑寅卯,井,False,False,False,False,狼藉,False,True,False,東南,出遊(吉),,下吉,False,寅卯,除
2026-08-16,丙,午,丙,申,壬,戌,滿,壬戌,八專,東,子丑寅卯,井,False,False,False,False,,False,False,False,東南,出遊(吉),,,False,寅卯,滿
2026-08-17,丙,午,丙,申,癸,亥,平,癸亥,八專,東,子丑寅卯,井,False,False,False,False,滅門,False,True,False,東南,出遊(吉),,,True,寅卯,平
2026-08-18,丙,午,丙,申,甲,子,定,甲子,,東,子丑寅卯,井,False,True,False,False,,False,False,False,東南,出遊(吉),,,False,子丑,定
2026-08-19,丙,午,丙,申,乙,丑,執,乙丑,,東,子丑寅卯,井,False,False,False,False,,False,False,False,東南,出遊(吉),,,False,子丑,執
2026-08-20,丙,午,丙,申,丙,寅,破,丙寅,,東,子丑寅卯,井,False,False,False,False,,False,False,False,南,出遊(吉),,下吉,False,子丑,破
2026-08-21,丙,午,丙,申,丁,卯,危,丁卯,,東,子丑寅卯,井,False,False,False,False,,False,False,False,南,出遊(吉),,下吉,False,子丑,危
2026-08-22,丙,午,丙,申,戊,辰,成,戊辰,,東,子丑寅卯,井,False,False,True,False,,False,False,True,南,出遊(吉),,,False,子丑,成
2026-08-23,丙,午,丙,申,己,巳,收,己巳,,東,子丑寅卯,井,False,False,False,False,大禍,False,False,False,南,出遊(吉),,,True,子丑,收
2026-08-24,丙,午,丙,申,庚,午,開,庚午,,東,子丑寅卯,井,False,True,False,True,,False,False,False,南,出遊(吉),大土(凶),下吉,False,子丑,開
2026-08-25,丙,午,丙,申,辛,未,閉,辛未,,東,子丑寅卯,井,False,False,False,False,,False,False,False,西南,出遊(吉),大土(凶),中吉,False,子丑,閉
2026-08-26,丙,午,丙,申,壬,申,建,壬申,,東,子丑寅卯,井,False,False,False,False,,False,False,False,西南,出遊(吉),大土(凶),,False,子丑,建
2026-08-27,丙,午,丙,申,癸,酉,除,癸酉,,東,子丑寅卯,井,False,False,False,False,狼藉,False,False,False,西南,出遊(吉),大土(凶),中吉,False,子丑,除
2026-08-28,丙,午,丙,申,甲,戌,滿,甲戌,,東,子丑寅卯,井,False,True,False,False,,False,False,False,西南,出遊(吉),大土(凶),,False,戌亥,滿
2026-08-29,丙,午,丙,申,乙,亥,平,乙亥,,東,子丑寅卯,井,False,False,False,False,滅門,False,False,False,西南,出遊(吉),大土(凶),,True,戌亥,平
2026-08-30,丙,午,丙,申,丙,子,定,丙子,,東,子丑寅卯,井,False,False,False,False,,False,False,False,西南,出遊(吉),大土(凶),,False,戌亥,定
2026-08-31,丙,午,丙,申,丁,丑,執,丁丑,,東,子丑寅卯,井,False,False,False,False,,False,False,False,西,出遊(吉),,下吉,False,戌亥,執
2026-09-01,丙,午,丙,申,戊,寅,破,戊寅,,東,子丑寅卯,井,False,False,False,False,,False,False,False,西,出遊(吉),,下吉,False,戌亥,破
2026-09-02,丙,午,丙,申,己,卯,危,己卯,,東,子丑寅卯,井,False,False,False,False,,False,False,False,西,出遊(吉),,,False,戌亥,危
2026-09-03,丙,午,丙,申,庚,辰,成,庚辰,,東,子丑寅卯,井,False,True,True,False,,False,False,False,西,出遊(吉),,下吉,False,戌亥,成
2026-09-04,丙,午,丙,申,辛,巳,收,辛巳,,東,子丑寅卯,井,False,False,False,False,大禍,False,False,False,西,出遊(吉),,下吉,True,戌亥,收
2026-09-05,丙,午,丙,申,壬,午,開,壬午,,東,子丑寅卯,井,False,False,False,True,,False,False,False,西北,出遊(吉),,上吉,False,戌亥,開
2026-09-06,丙,午,丙,申,癸,未,閉,癸未,,東,子丑寅卯,井,False,False,False,False,,False,False,False,西北,出遊(吉),,下吉,False,戌亥,閉
2026-09-07,丙,午,丁,酉,甲,申,閉,甲申,十方暮,東,子丑寅卯,井,False,False,False,False,,True,False,False,西北,出遊(吉),,上吉,False,申酉,閉
2026-09-08,丙,午,丁,酉,乙,酉,建,乙酉,十方暮,東,子丑寅卯,井,False,True,False,True,狼藉,True,False,False,西北,出遊(吉),,下吉,False,申酉,建
2026-09-09,丙,午,丁,酉,丙,戌,除,丙戌,十方暮,東,子丑寅卯,井,False,False,True,False,,True,False,True,西北,出遊(吉),,,False,申酉,除
2026-09-10,丙,午,丁,酉,丁,亥,滿,丁亥,十方暮,東,子丑寅卯,井,False,False,False,False,,True,False,False,西北,出遊(吉),,,True,申酉,滿
2026-09-11,丙,午,丁,酉,戊,子,平,戊子,十方暮,東,子丑寅卯,井,False,False,False,False,大禍,True,False,False,北,出遊(吉),,,False,申酉,平
2026-09-12,丙,午,丁,酉,己,丑,定,己丑,十方暮,東,子丑寅卯,井,False,False,False,False,,True,False,False,北,出遊(吉),,,False,申酉,定
2026-09-13,丙,午,丁,酉,庚,寅,執,庚寅,十方暮,東,子丑寅卯,井,False,False,False,False,,True,False,False,北,出遊(吉),,上吉,False,申酉,執
2026-09-14,丙,午,丁,酉,辛,卯,破,辛卯,十方暮,東,子丑寅卯,井,False,True,False,False,,True,False,False,北,出遊(吉),,,False,申酉,破
2026-09-15,丙,午,丁,酉,壬,辰,危,壬辰,十方暮,東,子丑寅卯,井,False,False,False,False,,True,False,True,北,出遊(吉),,,False,申酉,危
2026-09-16,丙,午,丁,酉,癸,巳,成,癸巳,天一天上,東,子丑寅卯,井,False,False,False,False,,True,False,False,天一天上,北宮(凶),,下吉,True,申酉,成
2026-09-17,丙,午,丁,酉,甲,午,收,甲午,天一天上,東,子丑寅卯,井,False,False,False,False,滅門,False,False,False,天一天上,北宮(凶),,,False,午未,收
2026-09-18,丙,午,丁,酉,乙,未,開,乙未,天一天上,東,子丑寅卯,井,False,True,False,False,,False,False,True,天一天上,北宮(凶),,,False,午未,開
2026-09-19,丙,午,丁,酉,丙,申,閉,丙申,天一天上,東,子丑寅卯,井,False,False,False,False,,False,False,False,天一天上,北宮(凶),,,False,午未,閉
2026-09-20,丙,午,丁,酉,丁,酉,建,丁酉,天一天上,東,子丑寅卯,井,False,False,False,True,狼藉,False,False,False,天一天上,北宮(凶),,上吉,False,午未,建
2026-09-21,丙,午,丁,酉,戊,戌,除,戊戌,天一天上,東,子丑寅卯,井,False,False,True,False,,False,False,False,天一天上,南宮(凶),,,False,午未,除
2026-09-22,丙,午,丁,酉,己,亥,滿,己亥,天一天上,東,子丑寅卯,井,False,False,False,False,,False,False,False,天一天上,南宮(凶),,,True,午未,滿
2026-09-23,丙,午,丁,酉,庚,子,平,庚子,天一天上,東,子丑寅卯,井,False,False,False,False,大禍,False,False,False,天一天上,南宮(凶),,中吉,False,午未,平
2026-09-24,丙,午,丁,酉,辛,丑,定,辛丑,天一天上,東,子丑寅卯,井,False,True,False,False,,False,False,True,天一天上,南宮(凶),,下吉,False,午未,定
2026-09-25,丙,午,丁,酉,壬,寅,執,壬寅,天一天上,東,子丑寅卯,井,False,False,False,False,,False,False,False,天一天上,南宮(凶),,中吉,False,午未,執
2026-09-26,丙,午,丁,酉,癸,卯,破,癸卯,天一天上,東,子丑寅卯,井,False,False,False,False,,False,False,False,天一天上,西宮(凶),,下吉,False,午未,破
2026-09-27,丙,午,丁,酉,甲,辰,危,甲辰,天一天上,東,子丑寅卯,井,False,False,False,False,,False,False,False,天一天上,東宮(凶),,中吉,False,辰巳,危
2026-09-28,丙,午,丁,酉,乙,巳,成,乙巳,天一天上,東,子丑寅卯,井,False,True,False,False,,False,False,False,天一天上,東宮(凶),,,True,辰巳,成
2026-09-29,丙,午,丁,酉,丙,午,收,丙午,天一天上,東,子丑寅卯,井,False,False,False,False,滅門,False,False,False,天一天上,東宮(凶),,下吉,False,辰巳,收
2026-09-30,丙,午,丁,酉,丁,未,開,丁未,天一天上,東,子丑寅卯,井,False,False,False,False,,False,False,False,天一天上,東宮(凶),,下吉,False,辰巳,開
2026-10-01,丙,午,丁,酉,戊,申,閉,戊申,天一天上,東,子丑寅卯,井,True,False,False,False,,False,False,False,天一天上,東宮(凶),小土(凶),下吉,False,辰巳,閉
2026-10-02,丙,午,丁,酉,己,酉,建,己酉,,東,子丑寅卯,井,False,False,False,True,狼藉,False,False,False,東北,出遊(吉),小土(凶),上吉,False,辰巳,建
2026-10-03,丙,午,丁,酉,庚,戌,除,庚戌,,東,子丑寅卯,井,False,False,True,False,,False,False,False,東北,出遊(吉),小土(凶),,False,辰巳,除
2026-10-04,丙,午,丁,酉,辛,亥,滿,辛亥,,東,子丑寅卯,井,False,True,False,False,,False,False,False,東北,出遊(吉),小土(凶),下吉,True,辰巳,滿
2026-10-05,丙,午,丁,酉,壬,子,平,壬子,八專,東,子丑寅卯,井,False,False,False,False,大禍,False,True,False,東北,出遊(吉),小土(凶),,False,辰巳,平
2026-10-06,丙,午,丁,酉,癸,丑,定,癸丑,八專,東,子丑寅卯,井,False,False,False,False,,False,False,False,東北,出遊(吉),小土(凶),下吉,False,辰巳,定
2026-10-07,丙,午,丁,酉,甲,寅,執,甲寅,八專,東,子丑寅卯,井,False,False,False,False,,False,True,False,東北,出遊(吉),小土(凶),下吉,False,寅卯,執
2026-10-08,丙,午,戊,戌,乙,卯,執,乙卯,八專,東,子丑寅卯,井,False,False,False,False,狼藉,False,True,False,東,出遊(吉),,下吉,False,寅卯,執
2026-10-09,丙,午,戊,戌,丙,辰,破,丙辰,八專,東,子丑寅卯,井,False,False,False,False,,False,False,False,東,出遊(吉),,,False,寅卯,破
2026-10-10,丙,午,戊,戌,丁,巳,危,丁巳,八專,東,子丑寅卯,井,False,False,True,False,,False,True,False,東,出遊(吉),,下吉,True,寅卯,危
2026-10-11,丙,午,戊,戌,戊,午,成,戊午,八專,東,子丑寅卯,井,False,True,False,False,,False,True,False,東,出遊(吉),,,False,寅卯,成
2026-10-12,丙,午,戊,戌,己,未,收,己未,八專,東,子丑寅卯,井,False,True,False,False,大禍,False,False,False,東,出遊(吉),,下吉,False,寅卯,收
2026-10-13,丙,午,戊,戌,庚,申,開,庚申,八專,東,子丑寅卯,井,False,False,False,False,,False,True,False,東南,出遊(吉),,,False,寅卯,開
2026-10-14,丙,午,戊,戌,辛,酉,閉,辛酉,八專,東,子丑寅卯,井,False,False,False,False,,False,True,False,東南,出遊(吉),,下吉,False,寅卯,閉
2026-10-15,丙,午,戊,戌,壬,戌,建,壬戌,八專,東,子丑寅卯,井,False,False,False,False,,False,False,False,東南,出遊(吉),,,False,寅卯,建
2026-10-16,丙,午,戊,戌,癸,亥,除,癸亥,八專,東,子丑寅卯,井,False,False,False,False,,False,True,False,東南,出遊(吉),,,True,寅卯,除
2026-10-17,丙,午,戊,戌,甲,子,滿,甲子,,東,子丑寅卯,井,False,False,False,True,,False,False,False,東南,出遊(吉),,,False,子丑,滿
2026-10-18,丙,午,戊,戌,乙,丑,平,乙丑,,東,子丑寅卯,井,False,False,False,False,滅門,False,False,False,東南,出遊(吉),,,False,子丑,平
2026-10-19,丙,午,戊,戌,丙,寅,定,丙寅,,東,子丑寅卯,井,False,False,False,False,,False,False,False,南,出遊(吉),,下吉,False,子丑,定
2026-10-20,丙,午,戊,戌,丁,卯,執,丁卯,,東,子丑寅卯,井,False,False,False,False,狼藉,False,False,False,南,出遊(吉),,下吉,False,子丑,執
2026-10-21,丙,午,戊,戌,戊,辰,破,戊辰,,東,子丑寅卯,井,False,True,False,False,,False,False,True,南,出遊(吉),,,False,子丑,破
2026-10-22,丙,午,戊,戌,己,巳,危,己巳,,東,子丑寅卯,井,False,True,True,False,,False,False,False,南,出遊(吉),,,True,子丑,危
2026-10-23,丙,午,戊,戌,庚,午,成,庚午,,東,子丑寅卯,井,False,False,False,False,,False,False,False,南,出遊(吉),大土(凶),下吉,False,子丑,成
2026-10-24,丙,午,戊,戌,辛,未,收,辛未,,東,子丑寅卯,井,False,False,False,False,大禍,False,False,False,西南,出遊(吉),大土(凶),中吉,False,子丑,收
2026-10-25,丙,午,戊,戌,壬,申,開,壬申,,東,子丑寅卯,井,False,False,False,False,,False,False,False,西南,出遊(吉),大土(凶),,False,子丑,開
2026-10-26,丙,午,戊,戌,癸,酉,閉,癸酉,,東,子丑寅卯,井,False,False,False,False,,False,False,False,西南,出遊(吉),大土(凶),中吉,False,子丑,閉
2026-10-27,丙,午,戊,戌,甲,戌,建,甲戌,,東,子丑寅卯,井,False,False,False,False,,False,False,False,西南,出遊(吉),大土(凶),,False,戌亥,建
2026-10-28,丙,午,戊,戌,乙,亥,除,乙亥,,東,子丑寅卯,井,False,False,False,False,,False,False,False,西南,出遊(吉),大土(凶),,True,戌亥,除
2026-10-29,丙,午,戊,戌,丙,子,滿,丙子,,東,子丑寅卯,井,False,False,False,True,,False,False,False,西南,出遊(吉),大土(凶),,False,戌亥,滿
2026-10-30,丙,午,戊,戌,丁,丑,平,丁丑,,東,子丑寅卯,井,False,False,False,False,滅門,False,False,False,西,出遊(吉),,下吉,False,戌亥,平
2026-10-31,丙,午,戊,戌,戊,寅,定,戊寅,,東,子丑寅卯,井,False,True,False,False,,False,False,False,西,出遊(吉),,下吉,False,戌亥,定
2026-11-01,丙,午,戊,戌,己,卯,執,己卯,,東,子丑寅卯,井,False,True,False,False,狼藉,False,False,False,西,出遊(吉),,,False,戌亥,執
2026-11-02,丙,午,戊,戌,庚,辰,破,庚辰,,東,子丑寅卯,井,False,False,False,False,,False,False,False,西,出遊(吉),,下吉,False,戌亥,破
2026-11-03,丙,午,戊,戌,辛,巳,危,辛巳,,東,子丑寅卯,井,False,False,True,False,,False,False,False,西,出遊(吉),,下吉,True,戌亥,危
2026-11-04,丙,午,戊,戌,壬,午,成,壬午,,東,子丑寅卯,井,False,False,False,False,,False,False,False,西北,出遊(吉),,上吉,False,戌亥,成
2026-11-05,丙,午,戊,戌,癸,未,收,癸未,,東,子丑寅卯,井,False,False,False,False,大禍,False,False,False,西北,出遊(吉),,下吉,False,戌亥,收
2026-11-06,丙,午,戊,戌,甲,申,開,甲申,十方暮,東,子丑寅卯,井,False,False,False,False,,True,False,False,西北,出遊(吉),,上吉,False,申酉,開
2026-11-07,丙,午,己,亥,乙,酉,開,乙酉,十方暮,東,子丑寅卯,庭,False,False,False,False,,True,False,False,西北,出遊(吉),,下吉,False,申酉,開
2026-11-08,丙,午,己,亥,丙,戌,閉,丙戌,十方暮,東,子丑寅卯,庭,False,True,False,False,,True,False,True,西北,出遊(吉),,,False,申酉,閉
2026-11-09,丙,午,己,亥,丁,亥,建,丁亥,十方暮,東,子丑寅卯,庭,False,False,True,False,,True,False,False,西北,出遊(吉),,,True,申酉,建
2026-11-10,丙,午,己,亥,戊,子,除,戊子,十方暮,東,子丑寅卯,庭,False,False,False,False,,True,False,False,北,出遊(吉),,,False,申酉,除
2026-11-11,丙,午,己,亥,己,丑,滿,己丑,十方暮,東,子丑寅卯,庭,False,False,False,False,,True,False,False,北,出遊(吉),,,False,申酉,滿
2026-11-12,丙,午,己,亥,庚,寅,平,庚寅,十方暮,東,子丑寅卯,庭,False,False,False,False,大禍,True,False,False,北,出遊(吉),,上吉,False,申酉,平
2026-11-13,丙,午,己,亥,辛,卯,定,辛卯,十方暮,東,子丑寅卯,庭,False,False,False,True,狼藉,True,False,False,北,出遊(吉),,,False,申酉,定
2026-11-14,丙,午,己,亥,壬,辰,執,壬辰,十方暮,東,子丑寅卯,庭,False,True,False,False,,True,False,True,北,出遊(吉),,,False,申酉,執
2026-11-15,丙,午,己,亥,癸,巳,破,癸巳,天一天上,東,子丑寅卯,庭,False,False,False,False,,True,False,False,天一天上,北宮(凶),,下吉,True,申酉,破
2026-11-16,丙,午,己,亥,甲,午,危,甲午,天一天上,東,子丑寅卯,庭,False,False,False,False,,False,False,False,天一天上,北宮(凶),,,False,午未,危
2026-11-17,丙,午,己,亥,乙,未,成,乙未,天一天上,東,子丑寅卯,庭,False,False,False,False,,False,False,True,天一天上,北宮(凶),,,False,午未,成
2026-11-18,丙,午,己,亥,丙,申,收,丙申,天一天上,東,子丑寅卯,庭,False,True,False,False,滅門,False,False,False,天一天上,北宮(凶),,,False,午未,收
2026-11-19,丙,午,己,亥,丁,酉,開,丁酉,天一天上,東,子丑寅卯,庭,False,False,False,False,,False,False,False,天一天上,北宮(凶),,上吉,False,午未,開
2026-11-20,丙,午,己,亥,戊,戌,閉,戊戌,天一天上,東,子丑寅卯,庭,False,False,False,False,,False,False,False,天一天上,南宮(凶),,,False,午未,閉
2026-11-21,丙,午,己,亥,己,亥,建,己亥,天一天上,東,子丑寅卯,庭,False,False,True,False,,False,False,False,天一天上,南宮(凶),,,True,午未,建
2026-11-22,丙,午,己,亥,庚,子,除,庚子,天一天上,東,子丑寅卯,庭,False,False,False,False,,False,False,False,天一天上,南宮(凶),,中吉,False,午未,除
2026-11-23,丙,午,己,亥,辛,丑,滿,辛丑,天一天上,東,子丑寅卯,庭,False,False,False,False,,False,False,True,天一天上,南宮(凶),,下吉,False,午未,滿
2026-11-24,丙,午,己,亥,壬,寅,平,壬寅,天一天上,東,子丑寅卯,庭,False,True,False,False,大禍,False,False,False,天一天上,南宮(凶),,中吉,False,午未,平
2026-11-25,丙,午,己,亥,癸,卯,定,癸卯,天一天上,東,子丑寅卯,庭,False,False,False,True,狼藉,False,False,False,天一天上,西宮(凶),,下吉,False,午未,定
2026-11-26,丙,午,己,亥,甲,辰,執,甲辰,天一天上,東,子丑寅卯,庭,False,False,False,False,,False,False,False,天一天上,東宮(凶),,中吉,False,辰巳,執
2026-11-27,丙,午,己,亥,乙,巳,破,乙巳,天一天上,東,子丑寅卯,庭,False,False,False,False,,False,False,False,天一天上,東宮(凶),,,True,辰巳,破
2026-11-28,丙,午,己,亥,丙,午,危,丙午,天一天上,東,子丑寅卯,庭,False,True,False,False,,False,False,False,天一天上,東宮(凶),,下吉,False,辰巳,危
2026-11-29,丙,午,己,亥,丁,未,成,丁未,天一天上,東,子丑寅卯,庭,False,False,False,False,,False,False,False,天一天上,東宮(凶),,下吉,False,辰巳,成
2026-11-30,丙,午,己,亥,戊,申,收,戊申,天一天上,東,子丑寅卯,庭,False,False,False,False,滅門,False,False,False,天一天上,東宮(凶),小土(凶),下吉,False,辰巳,收
2026-12-01,丙,午,己,亥,己,酉,開,己酉,,東,子丑寅卯,庭,False,False,False,False,,False,False,False,東北,出遊(吉),小土(凶),上吉,False,辰巳,開
2026-12-02,丙,午,己,亥,庚,戌,閉,庚戌,,東,子丑寅卯,庭,False,False,False,False,,False,False,False,東北,出遊(吉),小土(凶),,False,辰巳,閉
2026-12-03,丙,午,己,亥,辛,亥,建,辛亥,,東,子丑寅卯,庭,False,False,True,False,,False,False,False,東北,出遊(吉),小土(凶),下吉,True,辰巳,建
2026-12-04,丙,午,己,亥,壬,子,除,壬子,八專,東,子丑寅卯,庭,False,True,False,False,,False,True,False,東北,出遊(吉),小土(凶),,False,辰巳,除
2026-12-05,丙,午,己,亥,癸,丑,滿,癸丑,八專,東,子丑寅卯,庭,False,False,False,False,,False,False,False,東北,出遊(吉),小土(凶),下吉,False,辰巳,滿
2026-12-06,丙,午,己,亥,甲,寅,平,甲寅,八專,東,子丑寅卯,庭,False,False,False,False,大禍,False,True,False,東北,出遊(吉),小土(凶),下吉,False,寅卯,平
2026-12-07,丙,午,庚,子,乙,卯,平,乙卯,八專,東,子丑寅卯,庭,False,False,False,False,滅門,False,True,False,東,出遊(吉),,下吉,False,寅卯,平
2026-12-08,丙,午,庚,子,丙,辰,定,丙辰,八專,東,子丑寅卯,庭,False,False,False,False,,False,False,False,東,出遊(吉),,,False,寅卯,定
2026-12-09,丙,午,庚,子,丁,巳,執,丁巳,八專,東,子丑寅卯,庭,False,True,False,False,,False,True,False,東,出遊(吉),,下吉,True,寅卯,執
2026-12-10,丙,午,庚,子,戊,午,破,戊午,八專,東,子丑寅卯,庭,False,False,True,True,狼藉,False,True,False,東,出遊(吉),,,False,寅卯,破
2026-12-11,丙,午,庚,子,己,未,危,己未,八專,東,子丑寅卯,庭,False,False,False,False,,False,False,False,東,出遊(吉),,下吉,False,寅卯,危
2026-12-12,丙,午,庚,子,庚,申,成,庚申,八專,東,子丑寅卯,庭,False,False,False,False,,False,True,False,東南,出遊(吉),,,False,寅卯,成
2026-12-13,丙,午,庚,子,辛,酉,收,辛酉,八專,東,子丑寅卯,庭,False,False,False,False,大禍,False,True,False,東南,出遊(吉),,下吉,False,寅卯,收
2026-12-14,丙,午,庚,子,壬,戌,開,壬戌,八專,東,子丑寅卯,庭,False,False,False,False,,False,False,False,東南,出遊(吉),,,False,寅卯,開
2026-12-15,丙,午,庚,子,癸,亥,閉,癸亥,八專,東,子丑寅卯,庭,False,True,False,False,,False,True,False,東南,出遊(吉),,,True,寅卯,閉
2026-12-16,丙,午,庚,子,甲,子,建,甲子,,東,子丑寅卯,庭,True,False,False,False,,False,False,False,東南,出遊(吉),,,False,子丑,建
2026-12-17,丙,午,庚,子,乙,丑,除,乙丑,,東,子丑寅卯,庭,False,False,False,False,,False,False,False,東南,出遊(吉),,,False,子丑,除
2026-12-18,丙,午,庚,子,丙,寅,滿,丙寅,,東,子丑寅卯,庭,False,False,False,False,,False,False,False,南,出遊(吉),,下吉,False,子丑,滿
2026-12-19,丙,午,庚,子,丁,卯,平,丁卯,,東,子丑寅卯,庭,False,True,False,False,滅門,False,False,False,南,出遊(吉),,下吉,False,子丑,平
2026-12-20,丙,午,庚,子,戊,辰,定,戊辰,,東,子丑寅卯,庭,False,False,False,False,,False,False,True,南,出遊(吉),,,False,子丑,定
2026-12-21,丙,午,庚,子,己,巳,執,己巳,,東,子丑寅卯,庭,False,False,False,False,,False,False,False,南,出遊(吉),,,True,子丑,執
2026-12-22,丙,午,庚,子,庚,午,破,庚午,,東,子丑寅卯,庭,False,False,True,True,狼藉,False,False,False,南,出遊(吉),大土(凶),下吉,False,子丑,破
2026-12-23,丙,午,庚,子,辛,未,危,辛未,,東,子丑寅卯,庭,False,False,False,False,,False,False,False,西南,出遊(吉),大土(凶),中吉,False,子丑,危
2026-12-24,丙,午,庚,子,壬,申,成,壬申,,東,子丑寅卯,庭,False,False,False,False,,False,False,False,西南,出遊(吉),大土(凶),,False,子丑,成
2026-12-25,丙,午,庚,子,癸,酉,收,癸酉,,東,子丑寅卯,庭,False,True,False,False,大禍,False,False,False,西南,出遊(吉),大土(凶),中吉,False,子丑,收
2026-12-26,丙,午,庚,子,甲,戌,開,甲戌,,東,子丑寅卯,庭,False,False,False,False,,False,False,False,西南,出遊(吉),大土(凶),,False,戌亥,開
2026-12-27,丙,午,庚,子,乙,亥,閉,乙亥,,東,子丑寅卯,庭,False,False,False,False,,False,False,False,西南,出遊(吉),大土(凶),,True,戌亥,閉
2026-12-28,丙,午,庚,子,丙,子,建,丙子,,東,子丑寅卯,庭,False,False,False,False,,False,False,False,西南,出遊(吉),大土(凶),,False,戌亥,建
2026-12-29,丙,午,庚,子,丁,丑,除,丁丑,,東,子丑寅卯,庭,False,True,False,False,,False,False,False,西,出遊(吉),,下吉,False,戌亥,除
2026-12-30,丙,午,庚,子,戊,寅,滿,戊寅,,東,子丑寅卯,庭,False,False,False,False,,False,False,False,西,出遊(吉),,下吉,False,戌亥,滿
2026-12-31,丙,午,庚,子,己,卯,平,己卯,,東,子丑寅卯,庭,False,False,False,False,滅門,False,False,False,西,出遊(吉),,,False,戌亥,平
2027-01-01,丙,午,庚,子,庚,辰,定,庚辰,,東,子丑寅卯,庭,False,False,False,False,,False,False,False,西,出遊(吉),,下吉,False,戌亥,定
2027-01-02,丙,午,庚,子,辛,巳,執,辛巳,,東,子丑寅卯,庭,False,False,False,False,,False,False,False,西,出遊(吉),,下吉,True,戌亥,執
2027-01-03,丙,午,庚,子,壬,午,破,壬午,,東,子丑寅卯,庭,False,False,True,True,狼藉,False,False,False,西北,出遊(吉),,上吉,False,戌亥,破
2027-01-04,丙,午,庚,子,癸,未,危,癸未,,東,子丑寅卯,庭,False,True,False,False,,False,False,False,西北,出遊(吉),,下吉,False,戌亥,危
2027-01-05,丙,午,辛,丑,甲,申,危,甲申,十方暮,東,子丑寅卯,庭,False,False,False,False,,True,False,False,西北,出遊(吉),,上吉,False,申酉,危
2027-01-06,丙,午,辛,丑,乙,酉,成,乙酉,十方暮,東,子丑寅卯,庭,False,False,False,True,狼藉,True,False,False,西北,出遊(吉),,下吉,False,申酉,成
2027-01-07,丙,午,辛,丑,丙,戌,收,丙戌,十方暮,東,子丑寅卯,庭,False,False,False,False,滅門,True,False,True,西北,出遊(吉),,,False,申酉,收
2027-01-08,丙,午,辛,丑,丁,亥,開,丁亥,十方暮,東,子丑寅卯,庭,False,False,False,False,,True,False,False,西北,出遊(吉),,,True,申酉,開
2027-01-09,丙,午,辛,丑,戊,子,閉,戊子,十方暮,東,子丑寅卯,庭,False,True,True,False,,True,False,False,北,出遊(吉),,,False,申酉,閉
2027-01-10,丙,午,辛,丑,己,丑,建,己丑,十方暮,東,子丑寅卯,庭,False,True,False,False,,True,False,False,北,出遊(吉),,,False,申酉,建
2027-01-11,丙,午,辛,丑,庚,寅,除,庚寅,十方暮,東,子丑寅卯,庭,False,False,False,False,,True,False,False,北,出遊(吉),,上吉,False,申酉,除
2027-01-12,丙,午,辛,丑,辛,卯,滿,辛卯,十方暮,東,子丑寅卯,庭,False,False,False,False,,True,False,False,北,出遊(吉),,,False,申酉,滿
2027-01-13,丙,午,辛,丑,壬,辰,平,壬辰,十方暮,東,子丑寅卯,庭,False,False,False,False,大禍,True,False,True,北,出遊(吉),,,False,申酉,平
2027-01-14,丙,午,辛,丑,癸,巳,定,癸巳,天一天上,東,子丑寅卯,庭,False,False,False,False,,True,False,False,天一天上,北宮(凶),,下吉,True,申酉,定
2027-01-15,丙,午,辛,丑,甲,午,執,甲午,天一天上,東,子丑寅卯,庭,False,False,False,False,,False,False,False,天一天上,北宮(凶),,,False,午未,執
2027-01-16,丙,午,辛,丑,乙,未,破,乙未,天一天上,東,子丑寅卯,庭,False,False,False,False,,False,False,True,天一天上,北宮(凶),,,False,午未,破
2027-01-17,丙,午,辛,丑,丙,申,危,丙申,天一天上,東,子丑寅卯,庭,False,False,False,False,,False,False,False,天一天上,北宮(凶),,,False,午未,危
2027-01-18,丙,午,辛,丑,丁,酉,成,丁酉,天一天上,東,子丑寅卯,庭,False,False,False,True,狼藉,False,False,False,天一天上,北宮(凶),,上吉,False,午未,成
2027-01-19,丙,午,辛,丑,戊,戌,收,戊戌,天一天上,東,子丑寅卯,庭,False,True,False,False,滅門,False,False,False,天一天上,南宮(凶),,,False,午未,收
2027-01-20,丙,午,辛,丑,己,亥,開,己亥,天一天上,東,子丑寅卯,庭,False,True,False,False,,False,False,False,天一天上,南宮(凶),,,True,午未,開
2027-01-21,丙,午,辛,丑,庚,子,閉,庚子,天一天上,東,子丑寅卯,庭,False,False,True,False,,False,False,False,天一天上,南宮(凶),,中吉,False,午未,閉
2027-01-22,丙,午,辛,丑,辛,丑,建,辛丑,天一天上,東,子丑寅卯,庭,False,False,False,False,,False,False,True,天一天上,南宮(凶),,下吉,False,午未,建
2027-01-23,丙,午,辛,丑,壬,寅,除,壬寅,天一天上,東,子丑寅卯,庭,False,False,False,False,,False,False,False,天一天上,南宮(凶),,中吉,False,午未,除
2027-01-24,丙,午,辛,丑,癸,卯,滿,癸卯,天一天上,東,子丑寅卯,庭,False,False,False,False,,False,False,False,天一天上,西宮(凶),,下吉,False,午未,滿
2027-01-25,丙,午,辛,丑,甲,辰,平,甲辰,天一天上,東,子丑寅卯,庭,False,False,False,False,大禍,False,False,False,天一天上,東宮(凶),,中吉,False,辰巳,平
2027-01-26,丙,午,辛,丑,乙,巳,定,乙巳,天一天上,東,子丑寅卯,庭,False,False,False,False,,False,False,False,天一天上,東宮(凶),,,True,辰巳,定
2027-01-27,丙,午,辛,丑,丙,午,執,丙午,天一天上,東,子丑寅卯,庭,False,False,False,False,,False,False,False,天一天上,東宮(凶),,下吉,False,辰巳,執
2027-01-28,丙,午,辛,丑,丁,未,破,丁未,天一天上,東,子丑寅卯,庭,False,False,False,False,,False,False,False,天一天上,東宮(凶),,下吉,False,辰巳,破
2027-01-29,丙,午,辛,丑,戊,申,危,戊申,天一天上,東,子丑寅卯,庭,False,True,False,False,,False,False,False,天一天上,東宮(凶),小土(凶),下吉,False,辰巳,危
2027-01-30,丙,午,辛,丑,己,酉,成,己酉,,東,子丑寅卯,庭,False,True,False,True,狼藉,False,False,False,東北,出遊(吉),小土(凶),上吉,False,辰巳,成
2027-01-31,丙,午,辛,丑,庚,戌,收,庚戌,,東,子丑寅卯,庭,False,False,False,False,滅門,False,False,False,東北,出遊(吉),小土(凶),,False,辰巳,收
2027-02-01,丙,午,辛,丑,辛,亥,開,辛亥,,東,子丑寅卯,庭,False,False,False,False,,False,False,False,東北,出遊(吉),小土(凶),下吉,True,辰巳,開
2027-02-02,丙,午,辛,丑,壬,子,閉,壬子,八專,東,子丑寅卯,庭,False,False,True,False,,False,True,False,東北,出遊(吉),小土(凶),,False,辰巳,閉
2027-02-03,丙,午,辛,丑,癸,丑,建,癸丑,八專,東,子丑寅卯,庭,False,False,False,False,,False,False,False,東北,出遊(吉),小土(凶),下吉,False,辰巳,建
2027-02-04,丙,午,壬,寅,甲,寅,建,甲寅,八專,東,子丑寅卯,灶,False,True,False,False,,False,True,False,東北,出遊(吉),小土(凶),下吉,False,寅卯,建
2027-02-05,丙,午,壬,寅,乙,卯,除,乙卯,八專,東,子丑寅卯,灶,False,False,False,False,,False,True,False,東,出遊(吉),,下吉,False,寅卯,除
2027-02-06,丁,未,壬,寅,丙,辰,滿,丙辰,八專,東,寅卯戌亥,灶,False,False,False,False,,False,False,False,東,出遊(吉),,,False,寅卯,滿
2027-02-07,丁,未,壬,寅,丁,巳,平,丁巳,八專,東,寅卯戌亥,灶,False,False,False,False,滅門,False,True,False,東,出遊(吉),,下吉,True,寅卯,平
2027-02-08,丁,未,壬,寅,戊,午,定,戊午,八專,東,寅卯戌亥,灶,False,False,False,False,,False,True,False,東,出遊(吉),,,False,寅卯,定
2027-02-09,丁,未,壬,寅,己,未,執,己未,八專,東,寅卯戌亥,灶,False,False,False,False,,False,False,False,東,出遊(吉),,下吉,False,寅卯,執
2027-02-10,丁,未,壬,寅,庚,申,破,庚申,八專,東,寅卯戌亥,灶,False,True,False,False,,False,True,False,東南,出遊(吉),,,False,寅卯,破
2027-02-11,丁,未,壬,寅,辛,酉,危,辛酉,八專,東,寅卯戌亥,灶,False,False,False,False,,False,True,False,東南,出遊(吉),,下吉,False,寅卯,危
2027-02-12,丁,未,壬,寅,壬,戌,成,壬戌,八專,東,寅卯戌亥,灶,False,False,False,False,,False,False,False,東南,出遊(吉),,,False,寅卯,成
2027-02-13,丁,未,壬,寅,癸,亥,收,癸亥,八專,東,寅卯戌亥,灶,False,False,False,False,大禍,False,True,False,東南,出遊(吉),,,True,寅卯,收
2027-02-14,丁,未,壬,寅,甲,子,開,甲子,,東,寅卯戌亥,灶,False,True,False,True,狼藉,False,False,False,東南,出遊(吉),,,False,子丑,開
2027-02-15,丁,未,壬,寅,乙,丑,閉,乙丑,,東,寅卯戌亥,灶,False,False,True,False,,False,False,False,東南,出遊(吉),,,False,子丑,閉
2027-02-16,丁,未,壬,寅,丙,寅,建,丙寅,,東,寅卯戌亥,灶,False,False,False,False,,False,False,False,南,出遊(吉),,下吉,False,子丑,建
2027-02-17,丁,未,壬,寅,丁,卯,除,丁卯,,東,寅卯戌亥,灶,False,False,False,False,,False,False,False,南,出遊(吉),,下吉,False,子丑,除
2027-02-18,丁,未,壬,寅,戊,辰,滿,戊辰,,東,寅卯戌亥,灶,False,False,False,False,,False,False,True,南,出遊(吉),,,False,子丑,滿
2027-02-19,丁,未,壬,寅,己,巳,平,己巳,,東,寅卯戌亥,灶,False,False,False,False,滅門,False,False,False,南,出遊(吉),,,True,子丑,平
2027-02-20,丁,未,壬,寅,庚,午,定,庚午,,東,寅卯戌亥,灶,False,True,False,False,,False,False,False,南,出遊(吉),大土(凶),下吉,False,子丑,定
2027-02-21,丁,未,壬,寅,辛,未,執,辛未,,東,寅卯戌亥,灶,False,False,False,False,,False,False,False,西南,出遊(吉),大土(凶),中吉,False,子丑,執
2027-02-22,丁,未,壬,寅,壬,申,破,壬申,,東,寅卯戌亥,灶,False,False,False,False,,False,False,False,西南,出遊(吉),大土(凶),,False,子丑,破
2027-02-23,丁,未,壬,寅,癸,酉,危,癸酉,,東,寅卯戌亥,灶,False,False,False,False,,False,False,False,西南,出遊(吉),大土(凶),中吉,False,子丑,危
2027-02-24,丁,未,壬,寅,甲,戌,成,甲戌,,東,寅卯戌亥,灶,False,True,False,False,,False,False,False,西南,出遊(吉),大土(凶),,False,戌亥,成
2027-02-25,丁,未,壬,寅,乙,亥,收,乙亥,,東,寅卯戌亥,灶,False,False,False,False,大禍,False,False,False,西南,出遊(吉),大土(凶),,True,戌亥,收
2027-02-26,丁,未,壬,寅,丙,子,開,丙子,,東,寅卯戌亥,灶,False,False,False,True,狼藉,False,False,False,西南,出遊(吉),大土(凶),,False,戌亥,開
2027-02-27,丁,未,壬,寅,丁,丑,閉,丁丑,,東,寅卯戌亥,灶,False,False,True,False,,False,False,False,西,出遊(吉),,下吉,False,戌亥,閉
2027-02-28,丁,未,壬,寅,戊,寅,建,戊寅,,東,寅卯戌亥,灶,True,False,False,False,,False,False,False,西,出遊(吉),,下吉,False,戌亥,建
2027-03-01,丁,未,壬,寅,己,卯,除,己卯,,東,寅卯戌亥,灶,False,False,False,False,,False,False,False,西,出遊(吉),,,False,戌亥,除
2027-03-02,丁,未,壬,寅,庚,辰,滿,庚辰,,東,寅卯戌亥,灶,False,True,False,False,,False,False,False,西,出遊(吉),,下吉,False,戌亥,滿
2027-03-03,丁,未,壬,寅,辛,巳,平,辛巳,,東,寅卯戌亥,灶,False,False,False,False,滅門,False,False,False,西,出遊(吉),,下吉,True,戌亥,平
2027-03-04,丁,未,壬,寅,壬,午,定,壬午,,東,寅卯戌亥,灶,False,False,False,False,,False,False,False,西北,出遊(吉),,上吉,False,戌亥,定
2027-03-05,丁,未,壬,寅,癸,未,執,癸未,,東,寅卯戌亥,灶,False,False,False,False,,False,False,False,西北,出遊(吉),,下吉,False,戌亥,執
2027-03-06,丁,未,癸,卯,甲,申,執,甲申,十方暮,東,寅卯戌亥,灶,False,False,False,False,,True,False,False,西北,出遊(吉),,上吉,False,申酉,執
2027-03-07,丁,未,癸,卯,乙,酉,破,乙酉,十方暮,東,寅卯戌亥,灶,False,True,False,False,,True,False,False,西北,出遊(吉),,下吉,False,申酉,破
2027-03-08,丁,未,癸,卯,丙,戌,危,丙戌,十方暮,東,寅卯戌亥,灶,False,False,False,False,,True,False,True,西北,出遊(吉),,,False,申酉,危
2027-03-09,丁,未,癸,卯,丁,亥,成,丁亥,十方暮,東,寅卯戌亥,灶,False,False,False,False,,True,False,False,西北,出遊(吉),,,True,申酉,成
2027-03-10,丁,未,癸,卯,戊,子,收,戊子,十方暮,東,寅卯戌亥,灶,False,False,False,False,滅門,True,False,False,北,出遊(吉),,,False,申酉,收
2027-03-11,丁,未,癸,卯,己,丑,開,己丑,十方暮,東,寅卯戌亥,灶,False,False,False,False,,True,False,False,北,出遊(吉),,,False,申酉,開
2027-03-12,丁,未,癸,卯,庚,寅,閉,庚寅,十方暮,東,寅卯戌亥,灶,False,False,False,False,,True,False,False,北,出遊(吉),,上吉,False,申酉,閉
2027-03-13,丁,未,癸,卯,辛,卯,建,辛卯,十方暮,東,寅卯戌亥,灶,False,True,False,True,狼藉,True,False,False,北,出遊(吉),,,False,申酉,建
2027-03-14,丁,未,癸,卯,壬,辰,除,壬辰,十方暮,東,寅卯戌亥,灶,False,False,False,False,,True,False,True,北,出遊(吉),,,False,申酉,除
2027-03-15,丁,未,癸,卯,癸,巳,滿,癸巳,天一天上,東,寅卯戌亥,灶,False,False,False,False,,True,False,False,天一天上,北宮(凶),,下吉,True,申酉,滿
2027-03-16,丁,未,癸,卯,甲,午,平,甲午,天一天上,東,寅卯戌亥,灶,False,False,False,False,大禍,False,False,False,天一天上,北宮(凶),,,False,午未,平
2027-03-17,丁,未,癸,卯,乙,未,定,乙未,天一天上,東,寅卯戌亥,灶,False,True,True,False,,False,False,True,天一天上,北宮(凶),,,False,午未,定
2027-03-18,丁,未,癸,卯,丙,申,執,丙申,天一天上,東,寅卯戌亥,灶,False,False,False,False,,False,False,False,天一天上,北宮(凶),,,False,午未,執
2027-03-19,丁,未,癸,卯,丁,酉,破,丁酉,天一天上,東,寅卯戌亥,灶,False,False,False,False,,False,False,False,天一天上,北宮(凶),,上吉,False,午未,破
2027-03-20,丁,未,癸,卯,戊,戌,危,戊戌,天一天上,東,寅卯戌亥,灶,False,False,False,False,,False,False,False,天一天上,南宮(凶),,,False,午未,危
2027-03-21,丁,未,癸,卯,己,亥,成,己亥,天一天上,東,寅卯戌亥,灶,False,False,False,False,,False,False,False,天一天上,南宮(凶),,,True,午未,成
2027-03-22,丁,未,癸,卯,庚,子,收,庚子,天一天上,東,寅卯戌亥,灶,False,False,False,False,滅門,False,False,False,天一天上,南宮(凶),,中吉,False,午未,收
2027-03-23,丁,未,癸,卯,辛,丑,開,辛丑,天一天上,東,寅卯戌亥,灶,False,True,False,False,,False,False,True,天一天上,南宮(凶),,下吉,False,午未,開
2027-03-24,丁,未,癸,卯,壬,寅,閉,壬寅,天一天上,東,寅卯戌亥,灶,False,False,False,False,,False,False,False,天一天上,南宮(凶),,中吉,False,午未,閉
2027-03-25,丁,未,癸,卯,癸,卯,建,癸卯,天一天上,東,寅卯戌亥,灶,False,False,False,True,狼藉,False,False,False,天一天上,西宮(凶),,下吉,False,午未,建
2027-03-26,丁,未,癸,卯,甲,辰,除,甲辰,天一天上,東,寅卯戌亥,灶,False,False,False,False,,False,False,False,天一天上,東宮(凶),,中吉,False,辰巳,除
2027-03-27,丁,未,癸,卯,乙,巳,滿,乙巳,天一天上,東,寅卯戌亥,灶,False,True,False,False,,False,False,False,天一天上,東宮(凶),,,True,辰巳,滿
2027-03-28,丁,未,癸,卯,丙,午,平,丙午,天一天上,東,寅卯戌亥,灶,False,False,False,False,大禍,False,False,False,天一天上,東宮(凶),,下吉,False,辰巳,平
2027-03-29,丁,未,癸,卯,丁,未,定,丁未,天一天上,東,寅卯戌亥,灶,False,False,True,False,,False,False,False,天一天上,東宮(凶),,下吉,False,辰巳,定
2027-03-30,丁,未,癸,卯,戊,申,執,戊申,天一天上,東,寅卯戌亥,灶,False,False,False,False,,False,False,False,天一天上,東宮(凶),小土(凶),下吉,False,辰巳,執
2027-03-31,丁,未,癸,卯,己,酉,破,己酉,,東,寅卯戌亥,灶,False,False,False,False,,False,False,False,東北,出遊(吉),小土(凶),上吉,False,辰巳,破
2027-04-01,丁,未,癸,卯,庚,戌,危,庚戌,,東,寅卯戌亥,灶,False,False,False,False,,False,False,False,東北,出遊(吉),小土(凶),,False,辰巳,危
2027-04-02,丁,未,癸,卯,辛,亥,成,辛亥,,東,寅卯戌亥,灶,False,True,False,False,,False,False,False,東北,出遊(吉),小土(凶),下吉,True,辰巳,成
2027-04-03,丁,未,癸,卯,壬,子,收,壬子,八專,東,寅卯戌亥,灶,False,False,False,False,滅門,False,True,False,東北,出遊(吉),小土(凶),,False,辰巳,收
2027-04-04,丁,未,癸,卯,癸,丑,開,癸丑,八專,東,寅卯戌亥,灶,False,False,False,False,,False,False,False,東北,出遊(吉),小土(凶),下吉,False,辰巳,開
2027-04-05,丁,未,甲,辰,甲,寅,開,甲寅,八專,東,寅卯戌亥,灶,False,False,True,False,,False,True,False,東北,出遊(吉),小土(凶),下吉,False,寅卯,開
2027-04-06,丁,未,甲,辰,乙,卯,閉,乙卯,八專,東,寅卯戌亥,灶,False,False,False,False,,False,True,False,東,出遊(吉),,下吉,False,寅卯,閉
2027-04-07,丁,未,甲,辰,丙,辰,建,丙辰,八專,東,寅卯戌亥,灶,False,False,False,False,,False,False,False,東,出遊(吉),,,False,寅卯,建
2027-04-08,丁,未,甲,辰,丁,巳,除,丁巳,八專,東,寅卯戌亥,灶,False,False,False,False,,False,True,False,東,出遊(吉),,下吉,True,寅卯,除
2027-04-09,丁,未,甲,辰,戊,午,滿,戊午,八專,東,寅卯戌亥,灶,False,True,False,True,狼藉,False,True,False,東,出遊(吉),,,False,寅卯,滿
2027-04-10,丁,未,甲,辰,己,未,平,己未,八專,東,寅卯戌亥,灶,False,True,False,False,滅門,False,False,False,東,出遊(吉),,下吉,False,寅卯,平
2027-04-11,丁,未,甲,辰,庚,申,定,庚申,八專,東,寅卯戌亥,灶,False,False,False,False,,False,True,False,東南,出遊(吉),,,False,寅卯,定
2027-04-12,丁,未,甲,辰,辛,酉,執,辛酉,八專,東,寅卯戌亥,灶,False,False,False,False,,False,True,False,東南,出遊(吉),,下吉,False,寅卯,執
2027-04-13,丁,未,甲,辰,壬,戌,破,壬戌,八專,東,寅卯戌亥,灶,False,False,False,False,,False,False,False,東南,出遊(吉),,,False,寅卯,破
2027-04-14,丁,未,甲,辰,癸,亥,危,癸亥,八專,東,寅卯戌亥,灶,False,False,False,False,,False,True,False,東南,出遊(吉),,,True,寅卯,危
2027-04-15,丁,未,甲,辰,甲,子,成,甲子,,東,寅卯戌亥,灶,False,False,False,False,,False,False,False,東南,出遊(吉),,,False,子丑,成
2027-04-16,丁,未,甲,辰,乙,丑,收,乙丑,,東,寅卯戌亥,灶,False,False,False,False,大禍,False,False,False,東南,出遊(吉),,,False,子丑,收
2027-04-17,丁,未,甲,辰,丙,寅,開,丙寅,,東,寅卯戌亥,灶,False,False,True,False,,False,False,False,南,出遊(吉),,下吉,False,子丑,開
2027-04-18,丁,未,甲,辰,丁,卯,閉,丁卯,,東,寅卯戌亥,灶,False,False,False,False,,False,False,False,南,出遊(吉),,下吉,False,子丑,閉
2027-04-19,丁,未,甲,辰,戊,辰,建,戊辰,,東,寅卯戌亥,灶,False,True,False,False,,False,False,True,南,出遊(吉),,,False,子丑,建
2027-04-20,丁,未,甲,辰,己,巳,除,己巳,,東,寅卯戌亥,灶,False,True,False,False,,False,False,False,南,出遊(吉),,,True,子丑,除
2027-04-21,丁,未,甲,辰,庚,午,滿,庚午,,東,寅卯戌亥,灶,False,False,False,True,狼藉,False,False,False,南,出遊(吉),大土(凶),下吉,False,子丑,滿
2027-04-22,丁,未,甲,辰,辛,未,平,辛未,,東,寅卯戌亥,灶,False,False,False,False,滅門,False,False,False,西南,出遊(吉),大土(凶),中吉,False,子丑,平
2027-04-23,丁,未,甲,辰,壬,申,定,壬申,,東,寅卯戌亥,灶,False,False,False,False,,False,False,False,西南,出遊(吉),大土(凶),,False,子丑,定
2027-04-24,丁,未,甲,辰,癸,酉,執,癸酉,,東,寅卯戌亥,灶,False,False,False,False,,False,False,False,西南,出遊(吉),大土(凶),中吉,False,子丑,執
2027-04-25,丁,未,甲,辰,甲,戌,破,甲戌,,東,寅卯戌亥,灶,False,False,False,False,,False,False,False,西南,出遊(吉),大土(凶),,False,戌亥,破
2027-04-26,丁,未,甲,辰,乙,亥,危,乙亥,,東,寅卯戌亥,灶,False,False,False,False,,False,False,False,西南,出遊(吉),大土(凶),,True,戌亥,危
2027-04-27,丁,未,甲,辰,丙,子,成,丙子,,東,寅卯戌亥,灶,False,False,False,False,,False,False,False,西南,出遊(吉),大土(凶),,False,戌亥,成
2027-04-28,丁,未,甲,辰,丁,丑,收,丁丑,,東,寅卯戌亥,灶,False,False,False,False,大禍,False,False,False,西,出遊(吉),,下吉,False,戌亥,收
2027-04-29,丁,未,甲,辰,戊,寅,開,戊寅,,東,寅卯戌亥,灶,True,True,True,False,,False,False,False,西,出遊(吉),,下吉,False,戌亥,開
2027-04-30,丁,未,甲,辰,己,卯,閉,己卯,,東,寅卯戌亥,灶,False,True,False,False,,False,False,False,西,出遊(吉),,,False,戌亥,閉
2027-05-01,丁,未,甲,辰,庚,辰,建,庚辰,,東,寅卯戌亥,灶,False,False,False,False,,False,False,False,西,出遊(吉),,下吉,False,戌亥,建
2027-05-02,丁,未,甲,辰,辛,巳,除,辛巳,,東,寅卯戌亥,灶,False,False,False,False,,False,False,False,西,出遊(吉),,下吉,True,戌亥,除
2027-05-03,丁,未,甲,辰,壬,午,滿,壬午,,東,寅卯戌亥,灶,False,False,False,True,狼藉,False,False,False,西北,出遊(吉),,上吉,False,戌亥,滿
2027-05-04,丁,未,甲,辰,癸,未,平,癸未,,東,寅卯戌亥,灶,False,False,False,False,滅門,False,False,False,西北,出遊(吉),,下吉,False,戌亥,平
2027-05-05,丁,未,甲,辰,甲,申,定,甲申,十方暮,東,寅卯戌亥,灶,False,False,False,False,,True,False,False,西北,出遊(吉),,上吉,False,申酉,定
2027-05-06,丁,未,乙,巳,乙,酉,定,乙酉,十方暮,東,寅卯戌亥,門,False,False,False,True,,True,False,False,西北,出遊(吉),,下吉,False,申酉,定
2027-05-07,丁,未,乙,巳,丙,戌,執,丙戌,十方暮,東,寅卯戌亥,門,False,True,False,False,,True,False,True,西北,出遊(吉),,,False,申酉,執
2027-05-08,丁,未,乙,巳,丁,亥,破,丁亥,十方暮,東,寅卯戌亥,門,False,False,False,False,,True,False,False,西北,出遊(吉),,,True,申酉,破
2027-05-09,丁,未,乙,巳,戊,子,危,戊子,十方暮,東,寅卯戌亥,門,False,False,False,False,,True,False,False,北,出遊(吉),,,False,申酉,危
2027-05-10,丁,未,乙,巳,己,丑,成,己丑,十方暮,東,寅卯戌亥,門,False,False,False,False,,True,False,False,北,出遊(吉),,,False,申酉,成
2027-05-11,丁,未,乙,巳,庚,寅,收,庚寅,十方暮,東,寅卯戌亥,門,False,False,False,False,滅門,True,False,False,北,出遊(吉),,上吉,False,申酉,收
2027-05-12,丁,未,乙,巳,辛,卯,開,辛卯,十方暮,東,寅卯戌亥,門,False,False,False,False,,True,False,False,北,出遊(吉),,,False,申酉,開
2027-05-13,丁,未,乙,巳,壬,辰,閉,壬辰,十方暮,東,寅卯戌亥,門,False,True,False,False,,True,False,True,北,出遊(吉),,,False,申酉,閉
2027-05-14,丁,未,乙,巳,癸,巳,建,癸巳,天一天上,東,寅卯戌亥,門,False,False,False,False,,True,False,False,天一天上,北宮(凶),,下吉,True,申酉,建
2027-05-15,丁,未,乙,巳,甲,午,除,甲午,天一天上,東,寅卯戌亥,門,True,False,False,False,狼藉,False,False,False,天一天上,北宮(凶),,,False,午未,除
2027-05-16,丁,未,乙,巳,乙,未,滿,乙未,天一天上,東,寅卯戌亥,門,False,False,False,False,,False,False,True,天一天上,北宮(凶),,,False,午未,滿
2027-05-17,丁,未,乙,巳,丙,申,平,丙申,天一天上,東,寅卯戌亥,門,False,True,True,False,大禍,False,False,False,天一天上,北宮(凶),,,False,午未,平
2027-05-18,丁,未,乙,巳,丁,酉,定,丁酉,天一天上,東,寅卯戌亥,門,False,False,False,True,,False,False,False,天一天上,北宮(凶),,上吉,False,午未,定
2027-05-19,丁,未,乙,巳,戊,戌,執,戊戌,天一天上,東,寅卯戌亥,門,False,False,False,False,,False,False,False,天一天上,南宮(凶),,,False,午未,執
2027-05-20,丁,未,乙,巳,己,亥,破,己亥,天一天上,東,寅卯戌亥,門,False,False,False,False,,False,False,False,天一天上,南宮(凶),,,True,午未,破
2027-05-21,丁,未,乙,巳,庚,子,危,庚子,天一天上,東,寅卯戌亥,門,False,False,False,False,,False,False,False,天一天上,南宮(凶),,中吉,False,午未,危
2027-05-22,丁,未,乙,巳,辛,丑,成,辛丑,天一天上,東,寅卯戌亥,門,False,False,False,False,,False,False,True,天一天上,南宮(凶),,下吉,False,午未,成
2027-05-23,丁,未,乙,巳,壬,寅,收,壬寅,天一天上,東,寅卯戌亥,門,False,True,False,False,滅門,False,False,False,天一天上,南宮(凶),,中吉,False,午未,收
2027-05-24,丁,未,乙,巳,癸,卯,開,癸卯,天一天上,東,寅卯戌亥,門,False,False,False,False,,False,False,False,天一天上,西宮(凶),,下吉,False,午未,開
2027-05-25,丁,未,乙,巳,甲,辰,閉,甲辰,天一天上,東,寅卯戌亥,門,False,False,False,False,,False,False,False,天一天上,東宮(凶),,中吉,False,辰巳,閉
2027-05-26,丁,未,乙,巳,乙,巳,建,乙巳,天一天上,東,寅卯戌亥,門,False,False,False,False,,False,False,False,天一天上,東宮(凶),,,True,辰巳,建
2027-05-27,丁,未,乙,巳,丙,午,除,丙午,天一天上,東,寅卯戌亥,門,False,True,False,False,狼藉,False,False,False,天一天上,東宮(凶),,下吉,False,辰巳,除
2027-05-28,丁,未,乙,巳,丁,未,滿,丁未,天一天上,東,寅卯戌亥,門,False,False,False,False,,False,False,False,天一天上,東宮(凶),,下吉,False,辰巳,滿
2027-05-29,丁,未,乙,巳,戊,申,平,戊申,天一天上,東,寅卯戌亥,門,False,False,True,False,大禍,False,False,False,天一天上,東宮(凶),小土(凶),下吉,False,辰巳,平
2027-05-30,丁,未,乙,巳,己,酉,定,己酉,,東,寅卯戌亥,門,False,False,False,True,,False,False,False,東北,出遊(吉),小土(凶),上吉,False,辰巳,定
2027-05-31,丁,未,乙,巳,庚,戌,執,庚戌,,東,寅卯戌亥,門,False,False,False,False,,False,False,False,東北,出遊(吉),小土(凶),,False,辰巳,執
2027-06-01,丁,未,乙,巳,辛,亥,破,辛亥,,東,寅卯戌亥,門,False,False,False,False,,False,False,False,東北,出遊(吉),小土(凶),下吉,True,辰巳,破
2027-06-02,丁,未,乙,巳,壬,子,危,壬子,八專,東,寅卯戌亥,門,False,True,False,False,,False,True,False,東北,出遊(吉),小土(凶),,False,辰巳,危
2027-06-03,丁,未,乙,巳,癸,丑,成,癸丑,八專,東,寅卯戌亥,門,False,False,False,False,,False,False,False,東北,出遊(吉),小土(凶),下吉,False,辰巳,成
2027-06-04,丁,未,乙,巳,甲,寅,收,甲寅,八專,東,寅卯戌亥,門,False,False,False,False,滅門,False,True,False,東北,出遊(吉),小土(凶),下吉,False,寅卯,收
2027-06-05,丁,未,乙,巳,乙,卯,開,乙卯,八專,東,寅卯戌亥,門,False,False,False,False,,False,True,False,東,出遊(吉),,下吉,False,寅卯,開
2027-06-06,丁,未,丙,午,丙,辰,開,丙辰,八專,東,寅卯戌亥,門,False,False,False,False,,False,False,False,東,出遊(吉),,,False,寅卯,開
2027-06-07,丁,未,丙,午,丁,巳,閉,丁巳,八專,東,寅卯戌亥,門,False,True,False,False,,False,True,False,東,出遊(吉),,下吉,True,寅卯,閉
2027-06-08,丁,未,丙,午,戊,午,建,戊午,八專,東,寅卯戌亥,門,False,False,False,False,,False,True,False,東,出遊(吉),,,False,寅卯,建
2027-06-09,丁,未,丙,午,己,未,除,己未,八專,東,寅卯戌亥,門,False,False,False,False,,False,False,False,東,出遊(吉),,下吉,False,寅卯,除
2027-06-10,丁,未,丙,午,庚,申,滿,庚申,八專,東,寅卯戌亥,門,False,False,False,False,,False,True,False,東南,出遊(吉),,,False,寅卯,滿
2027-06-11,丁,未,丙,午,辛,酉,平,辛酉,八專,東,寅卯戌亥,門,False,False,False,False,滅門,False,True,False,東南,出遊(吉),,下吉,False,寅卯,平
2027-06-12,丁,未,丙,午,壬,戌,定,壬戌,八專,東,寅卯戌亥,門,False,False,False,False,,False,False,False,東南,出遊(吉),,,False,寅卯,定
2027-06-13,丁,未,丙,午,癸,亥,執,癸亥,八專,東,寅卯戌亥,門,False,True,False,False,,False,True,False,東南,出遊(吉),,,True,寅卯,執
2027-06-14,丁,未,丙,午,甲,子,破,甲子,,東,寅卯戌亥,門,False,False,False,True,狼藉,False,False,False,東南,出遊(吉),,,False,子丑,破
2027-06-15,丁,未,丙,午,乙,丑,危,乙丑,,東,寅卯戌亥,門,False,False,False,False,,False,False,False,東南,出遊(吉),,,False,子丑,危
2027-06-16,丁,未,丙,午,丙,寅,成,丙寅,,東,寅卯戌亥,門,False,False,False,False,,False,False,False,南,出遊(吉),,下吉,False,子丑,成
2027-06-17,丁,未,丙,午,丁,卯,收,丁卯,,東,寅卯戌亥,門,False,True,True,False,大禍,False,False,False,南,出遊(吉),,下吉,False,子丑,收
2027-06-18,丁,未,丙,午,戊,辰,開,戊辰,,東,寅卯戌亥,門,False,False,False,False,,False,False,True,南,出遊(吉),,,False,子丑,開
2027-06-19,丁,未,丙,午,己,巳,閉,己巳,,東,寅卯戌亥,門,False,False,False,False,,False,False,False,南,出遊(吉),,,True,子丑,閉
2027-06-20,丁,未,丙,午,庚,午,建,庚午,,東,寅卯戌亥,門,False,False,False,False,,False,False,False,南,出遊(吉),大土(凶),下吉,False,子丑,建
2027-06-21,丁,未,丙,午,辛,未,除,辛未,,東,寅卯戌亥,門,False,False,False,False,,False,False,False,西南,出遊(吉),大土(凶),中吉,False,子丑,除
2027-06-22,丁,未,丙,午,壬,申,滿,壬申,,東,寅卯戌亥,門,False,False,False,False,,False,False,False,西南,出遊(吉),大土(凶),,False,子丑,滿
2027-06-23,丁,未,丙,午,癸,酉,平,癸酉,,東,寅卯戌亥,門,False,True,False,False,滅門,False,False,False,西南,出遊(吉),大土(凶),中吉,False,子丑,平
2027-06-24,丁,未,丙,午,甲,戌,定,甲戌,,東,寅卯戌亥,門,False,False,False,False,,False,False,False,西南,出遊(吉),大土(凶),,False,戌亥,定
2027-06-25,丁,未,丙,午,乙,亥,執,乙亥,,東,寅卯戌亥,門,False,False,False,False,,False,False,False,西南,出遊(吉),大土(凶),,True,戌亥,執
2027-06-26,丁,未,丙,午,丙,子,破,丙子,,東,寅卯戌亥,門,False,False,False,True,狼藉,False,False,False,西南,出遊(吉),大土(凶),,False,戌亥,破
2027-06-27,丁,未,丙,午,丁,丑,危,丁丑,,東,寅卯戌亥,門,False,True,False,False,,False,False,False,西,出遊(吉),,下吉,False,戌亥,危
2027-06-28,丁,未,丙,午,戊,寅,成,戊寅,,東,寅卯戌亥,門,False,False,False,False,,False,False,False,西,出遊(吉),,下吉,False,戌亥,成
2027-06-29,丁,未,丙,午,己,卯,收,己卯,,東,寅卯戌亥,門,False,False,True,False,大禍,False,False,False,西,出遊(吉),,,False,戌亥,收
2027-06-30,丁,未,丙,午,庚,辰,開,庚辰,,東,寅卯戌亥,門,False,False,False,False,,False,False,False,西,出遊(吉),,下吉,False,戌亥,開
2027-07-01,丁,未,丙,午,辛,巳,閉,辛巳,,東,寅卯戌亥,門,False,False,False,False,,False,False,False,西,出遊(吉),,下吉,True,戌亥,閉
2027-07-02,丁,未,丙,午,壬,午,建,壬午,,東,寅卯戌亥,門,False,False,False,False,,False,False,False,西北,出遊(吉),,上吉,False,戌亥,建
2027-07-03,丁,未,丙,午,癸,未,除,癸未,,東,寅卯戌亥,門,False,True,False,False,,False,False,False,西北,出遊(吉),,下吉,False,戌亥,除
2027-07-04,丁,未,丙,午,甲,申,滿,甲申,十方暮,東,寅卯戌亥,門,False,False,False,False,,True,False,False,西北,出遊(吉),,上吉,False,申酉,滿
2027-07-05,丁,未,丙,午,乙,酉,平,乙酉,十方暮,東,寅卯戌亥,門,False,False,False,False,滅門,True,False,False,西北,出遊(吉),,下吉,False,申酉,平
2027-07-06,丁,未,丙,午,丙,戌,定,丙戌,十方暮,東,寅卯戌亥,門,False,False,False,False,,True,False,True,西北,出遊(吉),,,False,申酉,定
2027-07-07,丁,未,丁,未,丁,亥,定,丁亥,十方暮,東,寅卯戌亥,門,False,False,False,False,,True,False,False,西北,出遊(吉),,,True,申酉,定
2027-07-08,丁,未,丁,未,戊,子,執,戊子,十方暮,東,寅卯戌亥,門,False,True,False,False,,True,False,False,北,出遊(吉),,,False,申酉,執
2027-07-09,丁,未,丁,未,己,丑,破,己丑,十方暮,東,寅卯戌亥,門,False,True,False,False,,True,False,False,北,出遊(吉),,,False,申酉,破
2027-07-10,丁,未,丁,未,庚,寅,危,庚寅,十方暮,東,寅卯戌亥,門,False,False,False,False,,True,False,False,北,出遊(吉),,上吉,False,申酉,危
2027-07-11,丁,未,丁,未,辛,卯,成,辛卯,十方暮,東,寅卯戌亥,門,False,False,False,True,狼藉,True,False,False,北,出遊(吉),,,False,申酉,成
2027-07-12,丁,未,丁,未,壬,辰,收,壬辰,十方暮,東,寅卯戌亥,門,False,False,False,False,滅門,True,False,True,北,出遊(吉),,,False,申酉,收
2027-07-13,丁,未,丁,未,癸,巳,開,癸巳,天一天上,東,寅卯戌亥,門,False,False,False,False,,True,False,False,天一天上,北宮(凶),,下吉,True,申酉,開
2027-07-14,丁,未,丁,未,甲,午,閉,甲午,天一天上,東,寅卯戌亥,門,True,False,False,False,,False,False,False,天一天上,北宮(凶),,,False,午未,閉
2027-07-15,丁,未,丁,未,乙,未,建,乙未,天一天上,東,寅卯戌亥,門,False,False,False,False,,False,False,True,天一天上,北宮(凶),,,False,午未,建
2027-07-16,丁,未,丁,未,丙,申,除,丙申,天一天上,東,寅卯戌亥,門,False,False,False,False,,False,False,False,天一天上,北宮(凶),,,False,午未,除
2027-07-17,丁,未,丁,未,丁,酉,滿,丁酉,天一天上,東,寅卯戌亥,門,False,False,True,False,,False,False,False,天一天上,北宮(凶),,上吉,False,午未,滿
2027-07-18,丁,未,丁,未,戊,戌,平,戊戌,天一天上,東,寅卯戌亥,門,False,True,False,False,大禍,False,False,False,天一天上,南宮(凶),,,False,午未,平
2027-07-19,丁,未,丁,未,己,亥,定,己亥,天一天上,東,寅卯戌亥,門,False,True,False,False,,False,False,False,天一天上,南宮(凶),,,True,午未,定
2027-07-20,丁,未,丁,未,庚,子,執,庚子,天一天上,東,寅卯戌亥,門,False,False,False,False,,False,False,False,天一天上,南宮(凶),,中吉,False,午未,執
2027-07-21,丁,未,丁,未,辛,丑,破,辛丑,天一天上,東,寅卯戌亥,門,False,False,False,False,,False,False,True,天一天上,南宮(凶),,下吉,False,午未,破
2027-07-22,丁,未,丁,未,壬,寅,危,壬寅,天一天上,東,寅卯戌亥,門,False,False,False,False,,False,False,False,天一天上,南宮(凶),,中吉,False,午未,危
2027-07-23,丁,未,丁,未,癸,卯,成,癸卯,天一天上,東,寅卯戌亥,門,False,False,False,True,狼藉,False,False,False,天一天上,西宮(凶),,下吉,False,午未,成
2027-07-24,丁,未,丁,未,甲,辰,收,甲辰,天一天上,東,寅卯戌亥,門,False,False,False,False,滅門,False,False,False,天一天上,東宮(凶),,中吉,False,辰巳,收
2027-07-25,丁,未,丁,未,乙,巳,開,乙巳,天一天上,東,寅卯戌亥,門,False,False,False,False,,False,False,False,天一天上,東宮(凶),,,True,辰巳,開
2027-07-26,丁,未,丁,未,丙,午,閉,丙午,天一天上,東,寅卯戌亥,門,False,False,False,False,,False,False,False,天一天上,東宮(凶),,下吉,False,辰巳,閉
2027-07-27,丁,未,丁,未,丁,未,建,丁未,天一天上,東,寅卯戌亥,門,False,False,False,False,,False,False,False,天一天上,東宮(凶),,下吉,False,辰巳,建
2027-07-28,丁,未,丁,未,戊,申,除,戊申,天一天上,東,寅卯戌亥,門,False,True,False,False,,False,False,False,天一天上,東宮(凶),小土(凶),下吉,False,辰巳,除
2027-07-29,丁,未,丁,未,己,酉,滿,己酉,,東,寅卯戌亥,門,False,True,True,False,,False,False,False,東北,出遊(吉),小土(凶),上吉,False,辰巳,滿
2027-07-30,丁,未,丁,未,庚,戌,平,庚戌,,東,寅卯戌亥,門,False,False,False,False,大禍,False,False,False,東北,出遊(吉),小土(凶),,False,辰巳,平
2027-07-31,丁,未,丁,未,辛,亥,定,辛亥,,東,寅卯戌亥,門,False,False,False,False,,False,False,False,東北,出遊(吉),小土(凶),下吉,True,辰巳,定
2027-08-01,丁,未,丁,未,壬,子,執,壬子,八專,東,寅卯戌亥,門,False,False,False,False,,False,True,False,東北,出遊(吉),小土(凶),,False,辰巳,執
2027-08-02,丁,未,丁,未,癸,丑,破,癸丑,八專,東,寅卯戌亥,門,False,False,False,False,,False,False,False,東北,出遊(吉),小土(凶),下吉,False,辰巳,破
2027-08-03,丁,未,丁,未,甲,寅,危,甲寅,八專,東,寅卯戌亥,門,False,False,False,False,,False,True,False,東北,出遊(吉),小土(凶),下吉,False,寅卯,危
2027-08-04,丁,未,丁,未,乙,卯,成,乙卯,八專,東,寅卯戌亥,門,False,False,False,True,狼藉,False,True,False,東,出遊(吉),,下吉,False,寅卯,成
2027-08-05,丁,未,丁,未,丙,辰,收,丙辰,八專,東,寅卯戌亥,門,False,False,False,False,滅門,False,False,False,東,出遊(吉),,,False,寅卯,收
2027-08-06,丁,未,丁,未,丁,巳,開,丁巳,八專,東,寅卯戌亥,門,False,False,False,False,,False,True,False,東,出遊(吉),,下吉,True,寅卯,開
2027-08-07,丁,未,丁,未,戊,午,閉,戊午,八專,東,寅卯戌亥,門,False,True,False,False,,False,True,False,東,出遊(吉),,,False,寅卯,閉
2027-08-08,丁,未,戊,申,己,未,閉,己未,八專,東,寅卯戌亥,井,False,False,False,False,,False,False,False,東,出遊(吉),,下吉,False,寅卯,閉
2027-08-09,丁,未,戊,申,庚,申,建,庚申,八專,東,寅卯戌亥,井,False,True,False,False,,False,True,False,東南,出遊(吉),,,False,寅卯,建
2027-08-10,丁,未,戊,申,辛,酉,除,辛酉,八專,東,寅卯戌亥,井,False,False,False,False,狼藉,False,True,False,東南,出遊(吉),,下吉,False,寅卯,除
2027-08-11,丁,未,戊,申,壬,戌,滿,壬戌,八專,東,寅卯戌亥,井,False,False,False,False,,False,False,False,東南,出遊(吉),,,False,寅卯,滿
2027-08-12,丁,未,戊,申,癸,亥,平,癸亥,八專,東,寅卯戌亥,井,False,False,False,False,滅門,False,True,False,東南,出遊(吉),,,True,寅卯,平
2027-08-13,丁,未,戊,申,甲,子,定,甲子,,東,寅卯戌亥,井,False,True,False,False,,False,False,False,東南,出遊(吉),,,False,子丑,定
2027-08-14,丁,未,戊,申,乙,丑,執,乙丑,,東,寅卯戌亥,井,False,False,False,False,,False,False,False,東南,出遊(吉),,,False,子丑,執
2027-08-15,丁,未,戊,申,丙,寅,破,丙寅,,東,寅卯戌亥,井,False,False,False,False,,False,False,False,南,出遊(吉),,下吉,False,子丑,破
2027-08-16,丁,未,戊,申,丁,卯,危,丁卯,,東,寅卯戌亥,井,False,False,False,False,,False,False,False,南,出遊(吉),,下吉,False,子丑,危
2027-08-17,丁,未,戊,申,戊,辰,成,戊辰,,東,寅卯戌亥,井,False,False,True,False,,False,False,True,南,出遊(吉),,,False,子丑,成
2027-08-18,丁,未,戊,申,己,巳,收,己巳,,東,寅卯戌亥,井,False,False,False,False,大禍,False,False,False,南,出遊(吉),,,True,子丑,收
2027-08-19,丁,未,戊,申,庚,午,開,庚午,,東,寅卯戌亥,井,False,True,False,True,,False,False,False,南,出遊(吉),大土(凶),下吉,False,子丑,開
2027-08-20,丁,未,戊,申,辛,未,閉,辛未,,東,寅卯戌亥,井,False,False,False,False,,False,False,False,西南,出遊(吉),大土(凶),中吉,False,子丑,閉
2027-08-21,丁,未,戊,申,壬,申,建,壬申,,東,寅卯戌亥,井,False,False,False,False,,False,False,False,西南,出遊(吉),大土(凶),,False,子丑,建
2027-08-22,丁,未,戊,申,癸,酉,除,癸酉,,東,寅卯戌亥,井,False,False,False,False,狼藉,False,False,False,西南,出遊(吉),大土(凶),中吉,False,子丑,除
2027-08-23,丁,未,戊,申,甲,戌,滿,甲戌,,東,寅卯戌亥,井,False,True,False,False,,False,False,False,西南,出遊(吉),大土(凶),,False,戌亥,滿
2027-08-24,丁,未,戊,申,乙,亥,平,乙亥,,東,寅卯戌亥,井,False,False,False,False,滅門,False,False,False,西南,出遊(吉),大土(凶),,True,戌亥,平
2027-08-25,丁,未,戊,申,丙,子,定,丙子,,東,寅卯戌亥,井,False,False,False,False,,False,False,False,西南,出遊(吉),大土(凶),,False,戌亥,定
2027-08-26,丁,未,戊,申,丁,丑,執,丁丑,,東,寅卯戌亥,井,False,False,False,False,,False,False,False,西,出遊(吉),,下吉,False,戌亥,執
2027-08-27,丁,未,戊,申,戊,寅,破,戊寅,,東,寅卯戌亥,井,False,False,False,False,,False,False,False,西,出遊(吉),,下吉,False,戌亥,破
2027-08-28,丁,未,戊,申,己,卯,危,己卯,,東,寅卯戌亥,井,False,False,False,False,,False,False,False,西,出遊(吉),,,False,戌亥,危
2027-08-29,丁,未,戊,申,庚,辰,成,庚辰,,東,寅卯戌亥,井,False,True,True,False,,False,False,False,西,出遊(吉),,下吉,False,戌亥,成
2027-08-30,丁,未,戊,申,辛,巳,收,辛巳,,東,寅卯戌亥,井,False,False,False,False,大禍,False,False,False,西,出遊(吉),,下吉,True,戌亥,收
2027-08-31,丁,未,戊,申,壬,午,開,壬午,,東,寅卯戌亥,井,False,False,False,True,,False,False,False,西北,出遊(吉),,上吉,False,戌亥,開
2027-09-01,丁,未,戊,申,癸,未,閉,癸未,,東,寅卯戌亥,井,False,False,False,False,,False,False,False,西北,出遊(吉),,下吉,False,戌亥,閉
2027-09-02,丁,未,戊,申,甲,申,建,甲申,十方暮,東,寅卯戌亥,井,False,True,False,False,,True,False,False,西北,出遊(吉),,上吉,False,申酉,建
2027-09-03,丁,未,戊,申,乙,酉,除,乙酉,十方暮,東,寅卯戌亥,井,False,False,False,False,狼藉,True,False,False,西北,出遊(吉),,下吉,False,申酉,除
2027-09-04,丁,未,戊,申,丙,戌,滿,丙戌,十方暮,東,寅卯戌亥,井,False,False,False,False,,True,False,True,西北,出遊(吉),,,False,申酉,滿
2027-09-05,丁,未,戊,申,丁,亥,平,丁亥,十方暮,東,寅卯戌亥,井,False,False,False,False,滅門,True,False,False,西北,出遊(吉),,,True,申酉,平
2027-09-06,丁,未,戊,申,戊,子,定,戊子,十方暮,東,寅卯戌亥,井,False,False,False,False,,True,False,False,北,出遊(吉),,,False,申酉,定
2027-09-07,丁,未,戊,申,己,丑,執,己丑,十方暮,東,寅卯戌亥,井,False,False,False,False,,True,False,False,北,出遊(吉),,,False,申酉,執
2027-09-08,丁,未,己,酉,庚,寅,執,庚寅,十方暮,東,寅卯戌亥,井,False,False,False,False,,True,False,False,北,出遊(吉),,上吉,False,申酉,執
2027-09-09,丁,未,己,酉,辛,卯,破,辛卯,十方暮,東,寅卯戌亥,井,False,True,False,False,,True,False,False,北,出遊(吉),,,False,申酉,破
2027-09-10,丁,未,己,酉,壬,辰,危,壬辰,十方暮,東,寅卯戌亥,井,False,False,False,False,,True,False,True,北,出遊(吉),,,False,申酉,危
2027-09-11,丁,未,己,酉,癸,巳,成,癸巳,天一天上,東,寅卯戌亥,井,False,False,False,False,,True,False,False,天一天上,北宮(凶),,下吉,True,申酉,成
2027-09-12,丁,未,己,酉,甲,午,收,甲午,天一天上,東,寅卯戌亥,井,False,False,False,False,滅門,False,False,False,天一天上,北宮(凶),,,False,午未,收
2027-09-13,丁,未,己,酉,乙,未,開,乙未,天一天上,東,寅卯戌亥,井,False,True,False,False,,False,False,True,天一天上,北宮(凶),,,False,午未,開
2027-09-14,丁,未,己,酉,丙,申,閉,丙申,天一天上,東,寅卯戌亥,井,False,False,False,False,,False,False,False,天一天上,北宮(凶),,,False,午未,閉
2027-09-15,丁,未,己,酉,丁,酉,建,丁酉,天一天上,東,寅卯戌亥,井,False,False,False,True,狼藉,False,False,False,天一天上,北宮(凶),,上吉,False,午未,建
2027-09-16,丁,未,己,酉,戊,戌,除,戊戌,天一天上,東,寅卯戌亥,井,False,False,True,False,,False,False,False,天一天上,南宮(凶),,,False,午未,除
2027-09-17,丁,未,己,酉,己,亥,滿,己亥,天一天上,東,寅卯戌亥,井,False,False,False,False,,False,False,False,天一天上,南宮(凶),,,True,午未,滿
2027-09-18,丁,未,己,酉,庚,子,平,庚子,天一天上,東,寅卯戌亥,井,False,False,False,False,大禍,False,False,False,天一天上,南宮(凶),,中吉,False,午未,平
2027-09-19,丁,未,己,酉,辛,丑,定,辛丑,天一天上,東,寅卯戌亥,井,False,True,False,False,,False,False,True,天一天上,南宮(凶),,下吉,False,午未,定
2027-09-20,丁,未,己,酉,壬,寅,執,壬寅,天一天上,東,寅卯戌亥,井,False,False,False,False,,False,False,False,天一天上,南宮(凶),,中吉,False,午未,執
2027-09-21,丁,未,己,酉,癸,卯,破,癸卯,天一天上,東,寅卯戌亥,井,False,False,False,False,,False,False,False,天一天上,西宮(凶),,下吉,False,午未,破
2027-09-22,丁,未,己,酉,甲,辰,危,甲辰,天一天上,東,寅卯戌亥,井,False,False,False,False,,False,False,False,天一天上,東宮(凶),,中吉,False,辰巳,危
2027-09-23,丁,未,己,酉,乙,巳,成,乙巳,天一天上,東,寅卯戌亥,井,False,True,False,False,,False,False,False,天一天上,東宮(凶),,,True,辰巳,成
2027-09-24,丁,未,己,酉,丙,午,收,丙午,天一天上,東,寅卯戌亥,井,False,False,False,False,滅門,False,False,False,天一天上,東宮(凶),,下吉,False,辰巳,收
2027-09-25,丁,未,己,酉,丁,未,開,丁未,天一天上,東,寅卯戌亥,井,False,False,False,False,,False,False,False,天一天上,東宮(凶),,下吉,False,辰巳,開
2027-09-26,丁,未,己,酉,戊,申,閉,戊申,天一天上,東,寅卯戌亥,井,True,False,False,False,,False,False,False,天一天上,東宮(凶),小土(凶),下吉,False,辰巳,閉
2027-09-27,丁,未,己,酉,己,酉,建,己酉,,東,寅卯戌亥,井,False,False,False,True,狼藉,False,False,False,東北,出遊(吉),小土(凶),上吉,False,辰巳,建
2027-09-28,丁,未,己,酉,庚,戌,除,庚戌,,東,寅卯戌亥,井,False,False,True,False,,False,False,False,東北,出遊(吉),小土(凶),,False,辰巳,除
2027-09-29,丁,未,己,酉,辛,亥,滿,辛亥,,東,寅卯戌亥,井,False,True,False,False,,False,False,False,東北,出遊(吉),小土(凶),下吉,True,辰巳,滿
2027-09-30,丁,未,己,酉,壬,子,平,壬子,八專,東,寅卯戌亥,井,False,False,False,False,大禍,False,True,False,東北,出遊(吉),小土(凶),,False,辰巳,平
2027-10-01,丁,未,己,酉,癸,丑,定,癸丑,八專,東,寅卯戌亥,井,False,False,False,False,,False,False,False,東北,出遊(吉),小土(凶),下吉,False,辰巳,定
2027-10-02,丁,未,己,酉,甲,寅,執,甲寅,八專,東,寅卯戌亥,井,False,False,False,False,,False,True,False,東北,出遊(吉),小土(凶),下吉,False,寅卯,執
2027-10-03,丁,未,己,酉,乙,卯,破,乙卯,八專,東,寅卯戌亥,井,False,True,False,False,,False,True,False,東,出遊(吉),,下吉,False,寅卯,破
2027-10-04,丁,未,己,酉,丙,辰,危,丙辰,八專,東,寅卯戌亥,井,False,False,False,False,,False,False,False,東,出遊(吉),,,False,寅卯,危
2027-10-05,丁,未,己,酉,丁,巳,成,丁巳,八專,東,寅卯戌亥,井,False,False,False,False,,False,True,False,東,出遊(吉),,下吉,True,寅卯,成
2027-10-06,丁,未,己,酉,戊,午,收,戊午,八專,東,寅卯戌亥,井,False,False,False,False,滅門,False,True,False,東,出遊(吉),,,False,寅卯,收
2027-10-07,丁,未,己,酉,己,未,開,己未,八專,東,寅卯戌亥,井,False,False,False,False,,False,False,False,東,出遊(吉),,下吉,False,寅卯,開
2027-10-08,丁,未,庚,戌,庚,申,開,庚申,八專,東,寅卯戌亥,井,False,False,False,False,,False,True,False,東南,出遊(吉),,,False,寅卯,開
2027-10-09,丁,未,庚,戌,辛,酉,閉,辛酉,八專,東,寅卯戌亥,井,False,False,False,False,,False,True,False,東南,出遊(吉),,下吉,False,寅卯,閉
2027-10-10,丁,未,庚,戌,壬,戌,建,壬戌,八專,東,寅卯戌亥,井,False,False,False,False,,False,False,False,東南,出遊(吉),,,False,寅卯,建
2027-10-11,丁,未,庚,戌,癸,亥,除,癸亥,八專,東,寅卯戌亥,井,False,False,False,False,,False,True,False,東南,出遊(吉),,,True,寅卯,除
2027-10-12,丁,未,庚,戌,甲,子,滿,甲子,,東,寅卯戌亥,井,False,False,False,True,,False,False,False,東南,出遊(吉),,,False,子丑,滿
2027-10-13,丁,未,庚,戌,乙,丑,平,乙丑,,東,寅卯戌亥,井,False,False,False,False,滅門,False,False,False,東南,出遊(吉),,,False,子丑,平
2027-10-14,丁,未,庚,戌,丙,寅,定,丙寅,,東,寅卯戌亥,井,False,False,False,False,,False,False,False,南,出遊(吉),,下吉,False,子丑,定
2027-10-15,丁,未,庚,戌,丁,卯,執,丁卯,,東,寅卯戌亥,井,False,False,False,False,狼藉,False,False,False,南,出遊(吉),,下吉,False,子丑,執
2027-10-16,丁,未,庚,戌,戊,辰,破,戊辰,,東,寅卯戌亥,井,False,True,False,False,,False,False,True,南,出遊(吉),,,False,子丑,破
2027-10-17,丁,未,庚,戌,己,巳,危,己巳,,東,寅卯戌亥,井,False,True,True,False,,False,False,False,南,出遊(吉),,,True,子丑,危
2027-10-18,丁,未,庚,戌,庚,午,成,庚午,,東,寅卯戌亥,井,False,False,False,False,,False,False,False,南,出遊(吉),大土(凶),下吉,False,子丑,成
2027-10-19,丁,未,庚,戌,辛,未,收,辛未,,東,寅卯戌亥,井,False,False,False,False,大禍,False,False,False,西南,出遊(吉),大土(凶),中吉,False,子丑,收
2027-10-20,丁,未,庚,戌,壬,申,開,壬申,,東,寅卯戌亥,井,False,False,False,False,,False,False,False,西南,出遊(吉),大土(凶),,False,子丑,開
2027-10-21,丁,未,庚,戌,癸,酉,閉,癸酉,,東,寅卯戌亥,井,False,False,False,False,,False,False,False,西南,出遊(吉),大土(凶),中吉,False,子丑,閉
2027-10-22,丁,未,庚,戌,甲,戌,建,甲戌,,東,寅卯戌亥,井,False,False,False,False,,False,False,False,西南,出遊(吉),大土(凶),,False,戌亥,建
2027-10-23,丁,未,庚,戌,乙,亥,除,乙亥,,東,寅卯戌亥,井,False,False,False,False,,False,False,False,西南,出遊(吉),大土(凶),,True,戌亥,除
2027-10-24,丁,未,庚,戌,丙,子,滿,丙子,,東,寅卯戌亥,井,False,False,False,True,,False,False,False,西南,出遊(吉),大土(凶),,False,戌亥,滿
2027-10-25,丁,未,庚,戌,丁,丑,平,丁丑,,東,寅卯戌亥,井,False,False,False,False,滅門,False,False,False,西,出遊(吉),,下吉,False,戌亥,平
2027-10-26,丁,未,庚,戌,戊,寅,定,戊寅,,東,寅卯戌亥,井,False,True,False,False,,False,False,False,西,出遊(吉),,下吉,False,戌亥,定
2027-10-27,丁,未,庚,戌,己,卯,執,己卯,,東,寅卯戌亥,井,False,True,False,False,狼藉,False,False,False,西,出遊(吉),,,False,戌亥,執
2027-10-28,丁,未,庚,戌,庚,辰,破,庚辰,,東,寅卯戌亥,井,False,False,False,False,,False,False,False,西,出遊(吉),,下吉,False,戌亥,破
2027-10-29,丁,未,庚,戌,辛,巳,危,辛巳,,東,寅卯戌亥,井,False,False,True,False,,False,False,False,西,出遊(吉),,下吉,True,戌亥,危
2027-10-30,丁,未,庚,戌,壬,午,成,壬午,,東,寅卯戌亥,井,False,False,False,False,,False,False,False,西北,出遊(吉),,上吉,False,戌亥,成
2027-10-31,丁,未,庚,戌,癸,未,收,癸未,,東,寅卯戌亥,井,False,False,False,False,大禍,False,False,False,西北,出遊(吉),,下吉,False,戌亥,收
2027-11-01,丁,未,庚,戌,甲,申,開,甲申,十方暮,東,寅卯戌亥,井,False,False,False,False,,True,False,False,西北,出遊(吉),,上吉,False,申酉,開
2027-11-02,丁,未,庚,戌,乙,酉,閉,乙酉,十方暮,東,寅卯戌亥,井,False,False,False,False,,True,False,False,西北,出遊(吉),,下吉,False,申酉,閉
2027-11-03,丁,未,庚,戌,丙,戌,建,丙戌,十方暮,東,寅卯戌亥,井,False,False,False,False,,True,False,True,西北,出遊(吉),,,False,申酉,建
2027-11-04,丁,未,庚,戌,丁,亥,除,丁亥,十方暮,東,寅卯戌亥,井,False,False,False,False,,True,False,False,西北,出遊(吉),,,True,申酉,除
2027-11-05,丁,未,庚,戌,戊,子,滿,戊子,十方暮,東,寅卯戌亥,井,False,True,False,True,,True,False,False,北,出遊(吉),,,False,申酉,滿
2027-11-06,丁,未,庚,戌,己,丑,平,己丑,十方暮,東,寅卯戌亥,井,False,True,False,False,滅門,True,False,False,北,出遊(吉),,,False,申酉,平
2027-11-07,丁,未,辛,亥,庚,寅,平,庚寅,十方暮,東,寅卯戌亥,庭,False,False,False,False,大禍,True,False,False,北,出遊(吉),,上吉,False,申酉,平
2027-11-08,丁,未,辛,亥,辛,卯,定,辛卯,十方暮,東,寅卯戌亥,庭,False,False,False,True,狼藉,True,False,False,北,出遊(吉),,,False,申酉,定
2027-11-09,丁,未,辛,亥,壬,辰,執,壬辰,十方暮,東,寅卯戌亥,庭,False,True,False,False,,True,False,True,北,出遊(吉),,,False,申酉,執
2027-11-10,丁,未,辛,亥,癸,巳,破,癸巳,天一天上,東,寅卯戌亥,庭,False,False,False,False,,True,False,False,天一天上,北宮(凶),,下吉,True,申酉,破
2027-11-11,丁,未,辛,亥,甲,午,危,甲午,天一天上,東,寅卯戌亥,庭,False,False,False,False,,False,False,False,天一天上,北宮(凶),,,False,午未,危
2027-11-12,丁,未,辛,亥,乙,未,成,乙未,天一天上,東,寅卯戌亥,庭,False,False,False,False,,False,False,True,天一天上,北宮(凶),,,False,午未,成
2027-11-13,丁,未,辛,亥,丙,申,收,丙申,天一天上,東,寅卯戌亥,庭,False,True,False,False,滅門,False,False,False,天一天上,北宮(凶),,,False,午未,收
2027-11-14,丁,未,辛,亥,丁,酉,開,丁酉,天一天上,東,寅卯戌亥,庭,False,False,False,False,,False,False,False,天一天上,北宮(凶),,上吉,False,午未,開
2027-11-15,丁,未,辛,亥,戊,戌,閉,戊戌,天一天上,東,寅卯戌亥,庭,False,False,False,False,,False,False,False,天一天上,南宮(凶),,,False,午未,閉
2027-11-16,丁,未,辛,亥,己,亥,建,己亥,天一天上,東,寅卯戌亥,庭,False,False,True,False,,False,False,False,天一天上,南宮(凶),,,True,午未,建
2027-11-17,丁,未,辛,亥,庚,子,除,庚子,天一天上,東,寅卯戌亥,庭,False,False,False,False,,False,False,False,天一天上,南宮(凶),,中吉,False,午未,除
2027-11-18,丁,未,辛,亥,辛,丑,滿,辛丑,天一天上,東,寅卯戌亥,庭,False,False,False,False,,False,False,True,天一天上,南宮(凶),,下吉,False,午未,滿
2027-11-19,丁,未,辛,亥,壬,寅,平,壬寅,天一天上,東,寅卯戌亥,庭,False,True,False,False,大禍,False,False,False,天一天上,南宮(凶),,中吉,False,午未,平
2027-11-20,丁,未,辛,亥,癸,卯,定,癸卯,天一天上,東,寅卯戌亥,庭,False,False,False,True,狼藉,False,False,False,天一天上,西宮(凶),,下吉,False,午未,定
2027-11-21,丁,未,辛,亥,甲,辰,執,甲辰,天一天上,東,寅卯戌亥,庭,False,False,False,False,,False,False,False,天一天上,東宮(凶),,中吉,False,辰巳,執
2027-11-22,丁,未,辛,亥,乙,巳,破,乙巳,天一天上,東,寅卯戌亥,庭,False,False,False,False,,False,False,False,天一天上,東宮(凶),,,True,辰巳,破
2027-11-23,丁,未,辛,亥,丙,午,危,丙午,天一天上,東,寅卯戌亥,庭,False,True,False,False,,False,False,False,天一天上,東宮(凶),,下吉,False,辰巳,危
2027-11-24,丁,未,辛,亥,丁,未,成,丁未,天一天上,東,寅卯戌亥,庭,False,False,False,False,,False,False,False,天一天上,東宮(凶),,下吉,False,辰巳,成
2027-11-25,丁,未,辛,亥,戊,申,收,戊申,天一天上,東,寅卯戌亥,庭,False,False,False,False,滅門,False,False,False,天一天上,東宮(凶),小土(凶),下吉,False,辰巳,收
2027-11-26,丁,未,辛,亥,己,酉,開,己酉,,東,寅卯戌亥,庭,False,False,False,False,,False,False,False,東北,出遊(吉),小土(凶),上吉,False,辰巳,開
2027-11-27,丁,未,辛,亥,庚,戌,閉,庚戌,,東,寅卯戌亥,庭,False,False,False,False,,False,False,False,東北,出遊(吉),小土(凶),,False,辰巳,閉
2027-11-28,丁,未,辛,亥,辛,亥,建,辛亥,,東,寅卯戌亥,庭,False,False,True,False,,False,False,False,東北,出遊(吉),小土(凶),下吉,True,辰巳,建
2027-11-29,丁,未,辛,亥,壬,子,除,壬子,八專,東,寅卯戌亥,庭,False,True,False,False,,False,True,False,東北,出遊(吉),小土(凶),,False,辰巳,除
2027-11-30,丁,未,辛,亥,癸,丑,滿,癸丑,八專,東,寅卯戌亥,庭,False,False,False,False,,False,False,False,東北,出遊(吉),小土(凶),下吉,False,辰巳,滿
2027-12-01,丁,未,辛,亥,甲,寅,平,甲寅,八專,東,寅卯戌亥,庭,False,False,False,False,大禍,False,True,False,東北,出遊(吉),小土(凶),下吉,False,寅卯,平
2027-12-02,丁,未,辛,亥,乙,卯,定,乙卯,八專,東,寅卯戌亥,庭,False,False,False,True,狼藉,False,True,False,東,出遊(吉),,下吉,False,寅卯,定
2027-12-03,丁,未,辛,亥,丙,辰,執,丙辰,八專,東,寅卯戌亥,庭,False,True,False,False,,False,False,False,東,出遊(吉),,,False,寅卯,執
2027-12-04,丁,未,辛,亥,丁,巳,破,丁巳,八專,東,寅卯戌亥,庭,False,False,False,False,,False,True,False,東,出遊(吉),,下吉,True,寅卯,破
2027-12-05,丁,未,辛,亥,戊,午,危,戊午,八專,東,寅卯戌亥,庭,False,False,False,False,,False,True,False,東,出遊(吉),,,False,寅卯,危
2027-12-06,丁,未,辛,亥,己,未,成,己未,八專,東,寅卯戌亥,庭,False,False,False,False,,False,False,False,東,出遊(吉),,下吉,False,寅卯,成
2027-12-07,丁,未,壬,子,庚,申,成,庚申,八專,東,寅卯戌亥,庭,False,False,False,False,,False,True,False,東南,出遊(吉),,,False,寅卯,成
2027-12-08,丁,未,壬,子,辛,酉,收,辛酉,八專,東,寅卯戌亥,庭,False,False,False,False,大禍,False,True,False,東南,出遊(吉),,下吉,False,寅卯,收
2027-12-09,丁,未,壬,子,壬,戌,開,壬戌,八專,東,寅卯戌亥,庭,False,False,False,False,,False,False,False,東南,出遊(吉),,,False,寅卯,開
2027-12-10,丁,未,壬,子,癸,亥,閉,癸亥,八專,東,寅卯戌亥,庭,False,True,False,False,,False,True,False,東南,出遊(吉),,,True,寅卯,閉
2027-12-11,丁,未,壬,子,甲,子,建,甲子,,東,寅卯戌亥,庭,True,False,False,False,,False,False,False,東南,出遊(吉),,,False,子丑,建
2027-12-12,丁,未,壬,子,乙,丑,除,乙丑,,東,寅卯戌亥,庭,False,False,False,False,,False,False,False,東南,出遊(吉),,,False,子丑,除
2027-12-13,丁,未,壬,子,丙,寅,滿,丙寅,,東,寅卯戌亥,庭,False,False,False,False,,False,False,False,南,出遊(吉),,下吉,False,子丑,滿
2027-12-14,丁,未,壬,子,丁,卯,平,丁卯,,東,寅卯戌亥,庭,False,True,False,False,滅門,False,False,False,南,出遊(吉),,下吉,False,子丑,平
2027-12-15,丁,未,壬,子,戊,辰,定,戊辰,,東,寅卯戌亥,庭,False,False,False,False,,False,False,True,南,出遊(吉),,,False,子丑,定
2027-12-16,丁,未,壬,子,己,巳,執,己巳,,東,寅卯戌亥,庭,False,False,False,False,,False,False,False,南,出遊(吉),,,True,子丑,執
2027-12-17,丁,未,壬,子,庚,午,破,庚午,,東,寅卯戌亥,庭,False,False,True,True,狼藉,False,False,False,南,出遊(吉),大土(凶),下吉,False,子丑,破
2027-12-18,丁,未,壬,子,辛,未,危,辛未,,東,寅卯戌亥,庭,False,False,False,False,,False,False,False,西南,出遊(吉),大土(凶),中吉,False,子丑,危
2027-12-19,丁,未,壬,子,壬,申,成,壬申,,東,寅卯戌亥,庭,False,False,False,False,,False,False,False,西南,出遊(吉),大土(凶),,False,子丑,成
2027-12-20,丁,未,壬,子,癸,酉,收,癸酉,,東,寅卯戌亥,庭,False,True,False,False,大禍,False,False,False,西南,出遊(吉),大土(凶),中吉,False,子丑,收
2027-12-21,丁,未,壬,子,甲,戌,開,甲戌,,東,寅卯戌亥,庭,False,False,False,False,,False,False,False,西南,出遊(吉),大土(凶),,False,戌亥,開
2027-12-22,丁,未,壬,子,乙,亥,閉,乙亥,,東,寅卯戌亥,庭,False,False,False,False,,False,False,False,西南,出遊(吉),大土(凶),,True,戌亥,閉
2027-12-23,丁,未,壬,子,丙,子,建,丙子,,東,寅卯戌亥,庭,False,False,False,False,,False,False,False,西南,出遊(吉),大土(凶),,False,戌亥,建
2027-12-24,丁,未,壬,子,丁,丑,除,丁丑,,東,寅卯戌亥,庭,False,True,False,False,,False,False,False,西,出遊(吉),,下吉,False,戌亥,除
2027-12-25,丁,未,壬,子,戊,寅,滿,戊寅,,東,寅卯戌亥,庭,False,False,False,False,,False,False,False,西,出遊(吉),,下吉,False,戌亥,滿
2027-12-26,丁,未,壬,子,己,卯,平,己卯,,東,寅卯戌亥,庭,False,False,False,False,滅門,False,False,False,西,出遊(吉),,,False,戌亥,平
2027-12-27,丁,未,壬,子,庚,辰,定,庚辰,,東,寅卯戌亥,庭,False,False,False,False,,False,False,False,西,出遊(吉),,下吉,False,戌亥,定
2027-12-28,丁,未,壬,子,辛,巳,執,辛巳,,東,寅卯戌亥,庭,False,False,False,False,,False,False,False,西,出遊(吉),,下吉,True,戌亥,執
2027-12-29,丁,未,壬,子,壬,午,破,壬午,,東,寅卯戌亥,庭,False,False,True,True,狼藉,False,False,False,西北,出遊(吉),,上吉,False,戌亥,破
2027-12-30,丁,未,壬,子,癸,未,危,癸未,,東,寅卯戌亥,庭,False,True,False,False,,False,False,False,西北,出遊(吉),,下吉,False,戌亥,危
2027-12-31,丁,未,壬,子,甲,申,成,甲申,十方暮,東,寅卯戌亥,庭,False,False,False,False,,True,False,False,西北,出遊(吉),,上吉,False,申酉,成
2028-01-01,丁,未,壬,子,乙,酉,收,乙酉,十方暮,東,寅卯戌亥,庭,False,False,False,False,大禍,True,False,False,西北,出遊(吉),,下吉,False,申酉,收
2028-01-02,丁,未,壬,子,丙,戌,開,丙戌,十方暮,東,寅卯戌亥,庭,False,False,False,False,,True,False,True,西北,出遊(吉),,,False,申酉,開
2028-01-03,丁,未,壬,子,丁,亥,閉,丁亥,十方暮,東,寅卯戌亥,庭,False,True,False,False,,True,False,False,西北,出遊(吉),,,True,申酉,閉
2028-01-04,丁,未,壬,子,戊,子,建,戊子,十方暮,東,寅卯戌亥,庭,False,False,False,False,,True,False,False,北,出遊(吉),,,False,申酉,建
2028-01-05,丁,未,壬,子,己,丑,除,己丑,十方暮,東,寅卯戌亥,庭,False,False,False,False,,True,False,False,北,出遊(吉),,,False,申酉,除
2028-01-06,丁,未,癸,丑,庚,寅,除,庚寅,十方暮,東,寅卯戌亥,庭,False,False,False,False,,True,False,False,北,出遊(吉),,上吉,False,申酉,除
2028-01-07,丁,未,癸,丑,辛,卯,滿,辛卯,十方暮,東,寅卯戌亥,庭,False,False,False,False,,True,False,False,北,出遊(吉),,,False,申酉,滿
2028-01-08,丁,未,癸,丑,壬,辰,平,壬辰,十方暮,東,寅卯戌亥,庭,False,False,False,False,大禍,True,False,True,北,出遊(吉),,,False,申酉,平
2028-01-09,丁,未,癸,丑,癸,巳,定,癸巳,天一天上,東,寅卯戌亥,庭,False,False,False,False,,True,False,False,天一天上,北宮(凶),,下吉,True,申酉,定
2028-01-10,丁,未,癸,丑,甲,午,執,甲午,天一天上,東,寅卯戌亥,庭,False,False,False,False,,False,False,False,天一天上,北宮(凶),,,False,午未,執
2028-01-11,丁,未,癸,丑,乙,未,破,乙未,天一天上,東,寅卯戌亥,庭,False,False,False,False,,False,False,True,天一天上,北宮(凶),,,False,午未,破
2028-01-12,丁,未,癸,丑,丙,申,危,丙申,天一天上,東,寅卯戌亥,庭,False,False,False,False,,False,False,False,天一天上,北宮(凶),,,False,午未,危
2028-01-13,丁,未,癸,丑,丁,酉,成,丁酉,天一天上,東,寅卯戌亥,庭,False,False,False,True,狼藉,False,False,False,天一天上,北宮(凶),,上吉,False,午未,成
2028-01-14,丁,未,癸,丑,戊,戌,收,戊戌,天一天上,東,寅卯戌亥,庭,False,True,False,False,滅門,False,False,False,天一天上,南宮(凶),,,False,午未,收
2028-01-15,丁,未,癸,丑,己,亥,開,己亥,天一天上,東,寅卯戌亥,庭,False,True,False,False,,False,False,False,天一天上,南宮(凶),,,True,午未,開
2028-01-16,丁,未,癸,丑,庚,子,閉,庚子,天一天上,東,寅卯戌亥,庭,False,False,True,False,,False,False,False,天一天上,南宮(凶),,中吉,False,午未,閉
2028-01-17,丁,未,癸,丑,辛,丑,建,辛丑,天一天上,東,寅卯戌亥,庭,False,False,False,False,,False,False,True,天一天上,南宮(凶),,下吉,False,午未,建
2028-01-18,丁,未,癸,丑,壬,寅,除,壬寅,天一天上,東,寅卯戌亥,庭,False,False,False,False,,False,False,False,天一天上,南宮(凶),,中吉,False,午未,除
2028-01-19,丁,未,癸,丑,癸,卯,滿,癸卯,天一天上,東,寅卯戌亥,庭,False,False,False,False,,False,False,False,天一天上,西宮(凶),,下吉,False,午未,滿
2028-01-20,丁,未,癸,丑,甲,辰,平,甲辰,天一天上,東,寅卯戌亥,庭,False,False,False,False,大禍,False,False,False,天一天上,東宮(凶),,中吉,False,辰巳,平
2028-01-21,丁,未,癸,丑,乙,巳,定,乙巳,天一天上,東,寅卯戌亥,庭,False,False,False,False,,False,False,False,天一天上,東宮(凶),,,True,辰巳,定
2028-01-22,丁,未,癸,丑,丙,午,執,丙午,天一天上,東,寅卯戌亥,庭,False,False,False,False,,False,False,False,天一天上,東宮(凶),,下吉,False,辰巳,執
2028-01-23,丁,未,癸,丑,丁,未,破,丁未,天一天上,東,寅卯戌亥,庭,False,False,False,False,,False,False,False,天一天上,東宮(凶),,下吉,False,辰巳,破
2028-01-24,丁,未,癸,丑,戊,申,危,戊申,天一天上,東,寅卯戌亥,庭,False,True,False,False,,False,False,False,天一天上,東宮(凶),小土(凶),下吉,False,辰巳,危
2028-01-25,丁,未,癸,丑,己,酉,成,己酉,,東,寅卯戌亥,庭,False,True,False,True,狼藉,False,False,False,東北,出遊(吉),小土(凶),上吉,False,辰巳,成
2028-01-26,戊,申,癸,丑,庚,戌,收,庚戌,,南,申酉子丑,庭,False,False,False,False,滅門,False,False,False,東北,出遊(吉),小土(凶),,False,辰巳,收
2028-01-27,戊,申,癸,丑,辛,亥,開,辛亥,,南,申酉子丑,庭,False,False,False,False,,False,False,False,東北,出遊(吉),小土(凶),下吉,True,辰巳,開
2028-01-28,戊,申,癸,丑,壬,子,閉,壬子,八專,南,申酉子丑,庭,False,False,True,False,,False,True,False,東北,出遊(吉),小土(凶),,False,辰巳,閉
2028-01-29,戊,申,癸,丑,癸,丑,建,癸丑,八專,南,申酉子丑,庭,False,False,False,False,,False,False,False,東北,出遊(吉),小土(凶),下吉,False,辰巳,建
2028-01-30,戊,申,癸,丑,甲,寅,除,甲寅,八專,南,申酉子丑,庭,False,False,False,False,,False,True,False,東北,出遊(吉),小土(凶),下吉,False,寅卯,除
2028-01-31,戊,申,癸,丑,乙,卯,滿,乙卯,八專,南,申酉子丑,庭,False,False,False,False,,False,True,False,東,出遊(吉),,下吉,False,寅卯,滿
2028-02-01,戊,申,癸,丑,丙,辰,平,丙辰,八專,南,申酉子丑,庭,False,False,False,False,大禍,False,False,False,東,出遊(吉),,,False,寅卯,平
2028-02-02,戊,申,癸,丑,丁,巳,定,丁巳,八專,南,申酉子丑,庭,False,False,False,False,,False,True,False,東,出遊(吉),,下吉,True,寅卯,定
2028-02-03,戊,申,癸,丑,戊,午,執,戊午,八專,南,申酉子丑,庭,False,True,False,False,,False,True,False,東,出遊(吉),,,False,寅卯,執
2028-02-04,戊,申,甲,寅,己,未,執,己未,八專,南,申酉子丑,灶,False,False,False,False,,False,False,False,東,出遊(吉),,下吉,False,寅卯,執
2028-02-05,戊,申,甲,寅,庚,申,破,庚申,八專,南,申酉子丑,灶,False,True,False,False,,False,True,False,東南,出遊(吉),,,False,寅卯,破
2028-02-06,戊,申,甲,寅,辛,酉,危,辛酉,八專,南,申酉子丑,灶,False,False,False,False,,False,True,False,東南,出遊(吉),,下吉,False,寅卯,危
2028-02-07,戊,申,甲,寅,壬,戌,成,壬戌,八專,南,申酉子丑,灶,False,False,False,False,,False,False,False,東南,出遊(吉),,,False,寅卯,成
2028-02-08,戊,申,甲,寅,癸,亥,收,癸亥,八專,南,申酉子丑,灶,False,False,False,False,大禍,False,True,False,東南,出遊(吉),,,True,寅卯,收
2028-02-09,戊,申,甲,寅,甲,子,開,甲子,,南,申酉子丑,灶,False,True,False,True,狼藉,False,False,False,東南,出遊(吉),,,False,子丑,開
2028-02-10,戊,申,甲,寅,乙,丑,閉,乙丑,,南,申酉子丑,灶,False,False,True,False,,False,False,False,東南,出遊(吉),,,False,子丑,閉
2028-02-11,戊,申,甲,寅,丙,寅,建,丙寅,,南,申酉子丑,灶,False,False,False,False,,False,False,False,南,出遊(吉),,下吉,False,子丑,建
2028-02-12,戊,申,甲,寅,丁,卯,除,丁卯,,南,申酉子丑,灶,False,False,False,False,,False,False,False,南,出遊(吉),,下吉,False,子丑,除
2028-02-13,戊,申,甲,寅,戊,辰,滿,戊辰,,南,申酉子丑,灶,False,False,False,False,,False,False,True,南,出遊(吉),,,False,子丑,滿
2028-02-14,戊,申,甲,寅,己,巳,平,己巳,,南,申酉子丑,灶,False,False,False,False,滅門,False,False,False,南,出遊(吉),,,True,子丑,平
2028-02-15,戊,申,甲,寅,庚,午,定,庚午,,南,申酉子丑,灶,False,True,False,False,,False,False,False,南,出遊(吉),大土(凶),下吉,False,子丑,定
2028-02-16,戊,申,甲,寅,辛,未,執,辛未,,南,申酉子丑,灶,False,False,False,False,,False,False,False,西南,出遊(吉),大土(凶),中吉,False,子丑,執
2028-02-17,戊,申,甲,寅,壬,申,破,壬申,,南,申酉子丑,灶,False,False,False,False,,False,False,False,西南,出遊(吉),大土(凶),,False,子丑,破
2028-02-18,戊,申,甲,寅,癸,酉,危,癸酉,,南,申酉子丑,灶,False,False,False,False,,False,False,False,西南,出遊(吉),大土(凶),中吉,False,子丑,危
2028-02-19,戊,申,甲,寅,甲,戌,成,甲戌,,南,申酉子丑,灶,False,True,False,False,,False,False,False,西南,出遊(吉),大土(凶),,False,戌亥,成
2028-02-20,戊,申,甲,寅,乙,亥,收,乙亥,,南,申酉子丑,灶,False,False,False,False,大禍,False,False,False,西南,出遊(吉),大土(凶),,True,戌亥,收
2028-02-21,戊,申,甲,寅,丙,子,開,丙子,,南,申酉子丑,灶,False,False,False,True,狼藉,False,False,False,西南,出遊(吉),大土(凶),,False,戌亥,開
2028-02-22,戊,申,甲,寅,丁,丑,閉,丁丑,,南,申酉子丑,灶,False,False,True,False,,False,False,False,西,出遊(吉),,下吉,False,戌亥,閉
2028-02-23,戊,申,甲,寅,戊,寅,建,戊寅,,南,申酉子丑,灶,True,False,False,False,,False,False,False,西,出遊(吉),,下吉,False,戌亥,建
2028-02-24,戊,申,甲,寅,己,卯,除,己卯,,南,申酉子丑,灶,False,False,False,False,,False,False,False,西,出遊(吉),,,False,戌亥,除
2028-02-25,戊,申,甲,寅,庚,辰,滿,庚辰,,南,申酉子丑,灶,False,True,False,False,,False,False,False,西,出遊(吉),,下吉,False,戌亥,滿
2028-02-26,戊,申,甲,寅,辛,巳,平,辛巳,,南,申酉子丑,灶,False,False,False,False,滅門,False,False,False,西,出遊(吉),,下吉,True,戌亥,平
2028-02-27,戊,申,甲,寅,壬,午,定,壬午,,南,申酉子丑,灶,False,False,False,False,,False,False,False,西北,出遊(吉),,上吉,False,戌亥,定
2028-02-28,戊,申,甲,寅,癸,未,執,癸未,,南,申酉子丑,灶,False,False,False,False,,False,False,False,西北,出遊(吉),,下吉,False,戌亥,執
2028-02-29,戊,申,甲,寅,甲,申,破,甲申,十方暮,南,申酉子丑,灶,False,True,False,False,,True,False,False,西北,出遊(吉),,上吉,False,申酉,破
2028-03-01,戊,申,甲,寅,乙,酉,危,乙酉,十方暮,南,申酉子丑,灶,False,False,False,False,,True,False,False,西北,出遊(吉),,下吉,False,申酉,危
2028-03-02,戊,申,甲,寅,丙,戌,成,丙戌,十方暮,南,申酉子丑,灶,False,False,False,False,,True,False,True,西北,出遊(吉),,,False,申酉,成
2028-03-03,戊,申,甲,寅,丁,亥,收,丁亥,十方暮,南,申酉子丑,灶,False,False,False,False,大禍,True,False,False,西北,出遊(吉),,,True,申酉,收
2028-03-04,戊,申,甲,寅,戊,子,開,戊子,十方暮,南,申酉子丑,灶,False,False,False,True,狼藉,True,False,False,北,出遊(吉),,,False,申酉,開
2028-03-05,戊,申,乙,卯,己,丑,開,己丑,十方暮,南,申酉子丑,灶,False,False,False,False,,True,False,False,北,出遊(吉),,,False,申酉,開
2028-03-06,戊,申,乙,卯,庚,寅,閉,庚寅,十方暮,南,申酉子丑,灶,False,False,False,False,,True,False,False,北,出遊(吉),,上吉,False,申酉,閉
2028-03-07,戊,申,乙,卯,辛,卯,建,辛卯,十方暮,南,申酉子丑,灶,False,True,False,True,狼藉,True,False,False,北,出遊(吉),,,False,申酉,建
2028-03-08,戊,申,乙,卯,壬,辰,除,壬辰,十方暮,南,申酉子丑,灶,False,False,False,False,,True,False,True,北,出遊(吉),,,False,申酉,除
2028-03-09,戊,申,乙,卯,癸,巳,滿,癸巳,天一天上,南,申酉子丑,灶,False,False,False,False,,True,False,False,天一天上,北宮(凶),,下吉,True,申酉,滿
2028-03-10,戊,申,乙,卯,甲,午,平,甲午,天一天上,南,申酉子丑,灶,False,False,False,False,大禍,False,False,False,天一天上,北宮(凶),,,False,午未,平
2028-03-11,戊,申,乙,卯,乙,未,定,乙未,天一天上,南,申酉子丑,灶,False,True,True,False,,False,False,True,天一天上,北宮(凶),,,False,午未,定
2028-03-12,戊,申,乙,卯,丙,申,執,丙申,天一天上,南,申酉子丑,灶,False,False,False,False,,False,False,False,天一天上,北宮(凶),,,False,午未,執
2028-03-13,戊,申,乙,卯,丁,酉,破,丁酉,天一天上,南,申酉子丑,灶,False,False,False,False,,False,False,False,天一天上,北宮(凶),,上吉,False,午未,破
2028-03-14,戊,申,乙,卯,戊,戌,危,戊戌,天一天上,南,申酉子丑,灶,False,False,False,False,,False,False,False,天一天上,南宮(凶),,,False,午未,危
2028-03-15,戊,申,乙,卯,己,亥,成,己亥,天一天上,南,申酉子丑,灶,False,False,False,False,,False,False,False,天一天上,南宮(凶),,,True,午未,成
2028-03-16,戊,申,乙,卯,庚,子,收,庚子,天一天上,南,申酉子丑,灶,False,False,False,False,滅門,False,False,False,天一天上,南宮(凶),,中吉,False,午未,收
2028-03-17,戊,申,乙,卯,辛,丑,開,辛丑,天一天上,南,申酉子丑,灶,False,True,False,False,,False,False,True,天一天上,南宮(凶),,下吉,False,午未,開
2028-03-18,戊,申,乙,卯,壬,寅,閉,壬寅,天一天上,南,申酉子丑,灶,False,False,False,False,,False,False,False,天一天上,南宮(凶),,中吉,False,午未,閉
2028-03-19,戊,申,乙,卯,癸,卯,建,癸卯,天一天上,南,申酉子丑,灶,False,False,False,True,狼藉,False,False,False,天一天上,西宮(凶),,下吉,False,午未,建
2028-03-20,戊,申,乙,卯,甲,辰,除,甲辰,天一天上,南,申酉子丑,灶,False,False,False,False,,False,False,False,天一天上,東宮(凶),,中吉,False,辰巳,除
2028-03-21,戊,申,乙,卯,乙,巳,滿,乙巳,天一天上,南,申酉子丑,灶,False,True,False,False,,False,False,False,天一天上,東宮(凶),,,True,辰巳,滿
2028-03-22,戊,申,乙,卯,丙,午,平,丙午,天一天上,南,申酉子丑,灶,False,False,False,False,大禍,False,False,False,天一天上,東宮(凶),,下吉,False,辰巳,平
2028-03-23,戊,申,乙,卯,丁,未,定,丁未,天一天上,南,申酉子丑,灶,False,False,True,False,,False,False,False,天一天上,東宮(凶),,下吉,False,辰巳,定
2028-03-24,戊,申,乙,卯,戊,申,執,戊申,天一天上,南,申酉子丑,灶,False,False,False,False,,False,False,False,天一天上,東宮(凶),小土(凶),下吉,False,辰巳,執
2028-03-25,戊,申,乙,卯,己,酉,破,己酉,,南,申酉子丑,灶,False,False,False,False,,False,False,False,東北,出遊(吉),小土(凶),上吉,False,辰巳,破
2028-03-26,戊,申,乙,卯,庚,戌,危,庚戌,,南,申酉子丑,灶,False,False,False,False,,False,False,False,東北,出遊(吉),小土(凶),,False,辰巳,危
2028-03-27,戊,申,乙,卯,辛,亥,成,辛亥,,南,申酉子丑,灶,False,True,False,False,,False,False,False,東北,出遊(吉),小土(凶),下吉,True,辰巳,成
2028-03-28,戊,申,乙,卯,壬,子,收,壬子,八專,南,申酉子丑,灶,False,False,False,False,滅門,False,True,False,東北,出遊(吉),小土(凶),,False,辰巳,收
2028-03-29,戊,申,乙,卯,癸,丑,開,癸丑,八專,南,申酉子丑,灶,False,False,False,False,,False,False,False,東北,出遊(吉),小土(凶),下吉,False,辰巳,開
2028-03-30,戊,申,乙,卯,甲,寅,閉,甲寅,八專,南,申酉子丑,灶,False,False,False,False,,False,True,False,東北,出遊(吉),小土(凶),下吉,False,寅卯,閉
2028-03-31,戊,申,乙,卯,乙,卯,建,乙卯,八專,南,申酉子丑,灶,False,True,False,True,狼藉,False,True,False,東,出遊(吉),,下吉,False,寅卯,建
2028-04-01,戊,申,乙,卯,丙,辰,除,丙辰,八專,南,申酉子丑,灶,False,False,False,False,,False,False,False,東,出遊(吉),,,False,寅卯,除
2028-04-02,戊,申,乙,卯,丁,巳,滿,丁巳,八專,南,申酉子丑,灶,False,False,False,False,,False,True,False,東,出遊(吉),,下吉,True,寅卯,滿
2028-04-03,戊,申,乙,卯,戊,午,平,戊午,八專,南,申酉子丑,灶,False,False,False,False,大禍,False,True,False,東,出遊(吉),,,False,寅卯,平
2028-04-04,戊,申,丙,辰,己,未,平,己未,八專,南,申酉子丑,灶,False,True,False,False,滅門,False,False,False,東,出遊(吉),,下吉,False,寅卯,平
2028-04-05,戊,申,丙,辰,庚,申,定,庚申,八專,南,申酉子丑,灶,False,False,False,False,,False,True,False,東南,出遊(吉),,,False,寅卯,定
2028-04-06,戊,申,丙,辰,辛,酉,執,辛酉,八專,南,申酉子丑,灶,False,False,False,False,,False,True,False,東南,出遊(吉),,下吉,False,寅卯,執
2028-04-07,戊,申,丙,辰,壬,戌,破,壬戌,八專,南,申酉子丑,灶,False,False,False,False,,False,False,False,東南,出遊(吉),,,False,寅卯,破
2028-04-08,戊,申,丙,辰,癸,亥,危,癸亥,八專,南,申酉子丑,灶,False,False,False,False,,False,True,False,東南,出遊(吉),,,True,寅卯,危
2028-04-09,戊,申,丙,辰,甲,子,成,甲子,,南,申酉子丑,灶,False,False,False,False,,False,False,False,東南,出遊(吉),,,False,子丑,成
2028-04-10,戊,申,丙,辰,乙,丑,收,乙丑,,南,申酉子丑,灶,False,False,False,False,大禍,False,False,False,東南,出遊(吉),,,False,子丑,收
2028-04-11,戊,申,丙,辰,丙,寅,開,丙寅,,南,申酉子丑,灶,False,False,True,False,,False,False,False,南,出遊(吉),,下吉,False,子丑,開
2028-04-12,戊,申,丙,辰,丁,卯,閉,丁卯,,南,申酉子丑,灶,False,False,False,False,,False,False,False,南,出遊(吉),,下吉,False,子丑,閉
2028-04-13,戊,申,丙,辰,戊,辰,建,戊辰,,南,申酉子丑,灶,False,True,False,False,,False,False,True,南,出遊(吉),,,False,子丑,建
2028-04-14,戊,申,丙,辰,己,巳,除,己巳,,南,申酉子丑,灶,False,True,False,False,,False,False,False,南,出遊(吉),,,True,子丑,除
2028-04-15,戊,申,丙,辰,庚,午,滿,庚午,,南,申酉子丑,灶,False,False,False,True,狼藉,False,False,False,南,出遊(吉),大土(凶),下吉,False,子丑,滿
2028-04-16,戊,申,丙,辰,辛,未,平,辛未,,南,申酉子丑,灶,False,False,False,False,滅門,False,False,False,西南,出遊(吉),大土(凶),中吉,False,子丑,平
2028-04-17,戊,申,丙,辰,壬,申,定,壬申,,南,申酉子丑,灶,False,False,False,False,,False,False,False,西南,出遊(吉),大土(凶),,False,子丑,定
2028-04-18,戊,申,丙,辰,癸,酉,執,癸酉,,南,申酉子丑,灶,False,False,False,False,,False,False,False,西南,出遊(吉),大土(凶),中吉,False,子丑,執
2028-04-19,戊,申,丙,辰,甲,戌,破,甲戌,,南,申酉子丑,灶,False,False,False,False,,False,False,False,西南,出遊(吉),大土(凶),,False,戌亥,破
2028-04-20,戊,申,丙,辰,乙,亥,危,乙亥,,南,申酉子丑,灶,False,False,False,False,,False,False,False,西南,出遊(吉),大土(凶),,True,戌亥,危
2028-04-21,戊,申,丙,辰,丙,子,成,丙子,,南,申酉子丑,灶,False,False,False,False,,False,False,False,西南,出遊(吉),大土(凶),,False,戌亥,成
2028-04-22,戊,申,丙,辰,丁,丑,收,丁丑,,南,申酉子丑,灶,False,False,False,False,大禍,False,False,False,西,出遊(吉),,下吉,False,戌亥,收
2028-04-23,戊,申,丙,辰,戊,寅,開,戊寅,,南,申酉子丑,灶,True,True,True,False,,False,False,False,西,出遊(吉),,下吉,False,戌亥,開
2028-04-24,戊,申,丙,辰,己,卯,閉,己卯,,南,申酉子丑,灶,False,True,False,False,,False,False,False,西,出遊(吉),,,False,戌亥,閉
2028-04-25,戊,申,丙,辰,庚,辰,建,庚辰,,南,申酉子丑,灶,False,False,False,False,,False,False,False,西,出遊(吉),,下吉,False,戌亥,建
2028-04-26,戊,申,丙,辰,辛,巳,除,辛巳,,南,申酉子丑,灶,False,False,False,False,,False,False,False,西,出遊(吉),,下吉,True,戌亥,除
2028-04-27,戊,申,丙,辰,壬,午,滿,壬午,,南,申酉子丑,灶,False,False,False,True,狼藉,False,False,False,西北,出遊(吉),,上吉,False,戌亥,滿
2028-04-28,戊,申,丙,辰,癸,未,平,癸未,,南,申酉子丑,灶,False,False,False,False,滅門,False,False,False,西北,出遊(吉),,下吉,False,戌亥,平
2028-04-29,戊,申,丙,辰,甲,申,定,甲申,十方暮,南,申酉子丑,灶,False,False,False,False,,True,False,False,西北,出遊(吉),,上吉,False,申酉,定
2028-04-30,戊,申,丙,辰,乙,酉,執,乙酉,十方暮,南,申酉子丑,灶,False,False,False,False,,True,False,False,西北,出遊(吉),,下吉,False,申酉,執
2028-05-01,戊,申,丙,辰,丙,戌,破,丙戌,十方暮,南,申酉子丑,灶,False,False,False,False,,True,False,True,西北,出遊(吉),,,False,申酉,破
2028-05-02,戊,申,丙,辰,丁,亥,危,丁亥,十方暮,南,申酉子丑,灶,False,False,False,False,,True,False,False,西北,出遊(吉),,,True,申酉,危
2028-05-03,戊,申,丙,辰,戊,子,成,戊子,十方暮,南,申酉子丑,灶,False,True,False,False,,True,False,False,北,出遊(吉),,,False,申酉,成
2028-05-04,戊,申,丙,辰,己,丑,收,己丑,十方暮,南,申酉子丑,灶,False,True,False,False,大禍,True,False,False,北,出遊(吉),,,False,申酉,收
2028-05-05,戊,申,丁,巳,庚,寅,收,庚寅,十方暮,南,申酉子丑,門,False,False,False,False,滅門,True,False,False,北,出遊(吉),,上吉,False,申酉,收
2028-05-06,戊,申,丁,巳,辛,卯,開,辛卯,十方暮,南,申酉子丑,門,False,False,False,False,,True,False,False,北,出遊(吉),,,False,申酉,開
2028-05-07,戊,申,丁,巳,壬,辰,閉,壬辰,十方暮,南,申酉子丑,門,False,True,False,False,,True,False,True,北,出遊(吉),,,False,申酉,閉
2028-05-08,戊,申,丁,巳,癸,巳,建,癸巳,天一天上,南,申酉子丑,門,False,False,False,False,,True,False,False,天一天上,北宮(凶),,下吉,True,申酉,建
2028-05-09,戊,申,丁,巳,甲,午,除,甲午,天一天上,南,申酉子丑,門,True,False,False,False,狼藉,False,False,False,天一天上,北宮(凶),,,False,午未,除
2028-05-10,戊,申,丁,巳,乙,未,滿,乙未,天一天上,南,申酉子丑,門,False,False,False,False,,False,False,True,天一天上,北宮(凶),,,False,午未,滿
2028-05-11,戊,申,丁,巳,丙,申,平,丙申,天一天上,南,申酉子丑,門,False,True,True,False,大禍,False,False,False,天一天上,北宮(凶),,,False,午未,平
2028-05-12,戊,申,丁,巳,丁,酉,定,丁酉,天一天上,南,申酉子丑,門,False,False,False,True,,False,False,False,天一天上,北宮(凶),,上吉,False,午未,定
2028-05-13,戊,申,丁,巳,戊,戌,執,戊戌,天一天上,南,申酉子丑,門,False,False,False,False,,False,False,False,天一天上,南宮(凶),,,False,午未,執
2028-05-14,戊,申,丁,巳,己,亥,破,己亥,天一天上,南,申酉子丑,門,False,False,False,False,,False,False,False,天一天上,南宮(凶),,,True,午未,破
2028-05-15,戊,申,丁,巳,庚,子,危,庚子,天一天上,南,申酉子丑,門,False,False,False,False,,False,False,False,天一天上,南宮(凶),,中吉,False,午未,危
2028-05-16,戊,申,丁,巳,辛,丑,成,辛丑,天一天上,南,申酉子丑,門,False,False,False,False,,False,False,True,天一天上,南宮(凶),,下吉,False,午未,成
2028-05-17,戊,申,丁,巳,壬,寅,收,壬寅,天一天上,南,申酉子丑,門,False,True,False,False,滅門,False,False,False,天一天上,南宮(凶),,中吉,False,午未,收
2028-05-18,戊,申,丁,巳,癸,卯,開,癸卯,天一天上,南,申酉子丑,門,False,False,False,False,,False,False,False,天一天上,西宮(凶),,下吉,False,午未,開
2028-05-19,戊,申,丁,巳,甲,辰,閉,甲辰,天一天上,南,申酉子丑,門,False,False,False,False,,False,False,False,天一天上,東宮(凶),,中吉,False,辰巳,閉
2028-05-20,戊,申,丁,巳,乙,巳,建,乙巳,天一天上,南,申酉子丑,門,False,False,False,False,,False,False,False,天一天上,東宮(凶),,,True,辰巳,建
2028-05-21,戊,申,丁,巳,丙,午,除,丙午,天一天上,南,申酉子丑,門,False,True,False,False,狼藉,False,False,False,天一天上,東宮(凶),,下吉,False,辰巳,除
2028-05-22,戊,申,丁,巳,丁,未,滿,丁未,天一天上,南,申酉子丑,門,False,False,False,False,,False,False,False,天一天上,東宮(凶),,下吉,False,辰巳,滿
2028-05-23,戊,申,丁,巳,戊,申,平,戊申,天一天上,南,申酉子丑,門,False,False,True,False,大禍,False,False,False,天一天上,東宮(凶),小土(凶),下吉,False,辰巳,平
2028-05-24,戊,申,丁,巳,己,酉,定,己酉,,南,申酉子丑,門,False,False,False,True,,False,False,False,東北,出遊(吉),小土(凶),上吉,False,辰巳,定
2028-05-25,戊,申,丁,巳,庚,戌,執,庚戌,,南,申酉子丑,門,False,False,False,False,,False,False,False,東北,出遊(吉),小土(凶),,False,辰巳,執
2028-05-26,戊,申,丁,巳,辛,亥,破,辛亥,,南,申酉子丑,門,False,False,False,False,,False,False,False,東北,出遊(吉),小土(凶),下吉,True,辰巳,破
2028-05-27,戊,申,丁,巳,壬,子,危,壬子,八專,南,申酉子丑,門,False,True,False,False,,False,True,False,東北,出遊(吉),小土(凶),,False,辰巳,危
2028-05-28,戊,申,丁,巳,癸,丑,成,癸丑,八專,南,申酉子丑,門,False,False,False,False,,False,False,False,東北,出遊(吉),小土(凶),下吉,False,辰巳,成
2028-05-29,戊,申,丁,巳,甲,寅,收,甲寅,八專,南,申酉子丑,門,False,False,False,False,滅門,False,True,False,東北,出遊(吉),小土(凶),下吉,False,寅卯,收
2028-05-30,戊,申,丁,巳,乙,卯,開,乙卯,八專,南,申酉子丑,門,False,False,False,False,,False,True,False,東,出遊(吉),,下吉,False,寅卯,開
2028-05-31,戊,申,丁,巳,丙,辰,閉,丙辰,八專,南,申酉子丑,門,False,True,False,False,,False,False,False,東,出遊(吉),,,False,寅卯,閉
2028-06-01,戊,申,丁,巳,丁,巳,建,丁巳,八專,南,申酉子丑,門,False,False,False,False,,False,True,False,東,出遊(吉),,下吉,True,寅卯,建
2028-06-02,戊,申,丁,巳,戊,午,除,戊午,八專,南,申酉子丑,門,False,False,False,False,狼藉,False,True,False,東,出遊(吉),,,False,寅卯,除
2028-06-03,戊,申,丁,巳,己,未,滿,己未,八專,南,申酉子丑,門,False,False,False,False,,False,False,False,東,出遊(吉),,下吉,False,寅卯,滿
2028-06-04,戊,申,丁,巳,庚,申,平,庚申,八專,南,申酉子丑,門,False,False,True,False,大禍,False,True,False,東南,出遊(吉),,,False,寅卯,平
2028-06-05,戊,申,戊,午,辛,酉,平,辛酉,八專,南,申酉子丑,門,False,False,False,False,滅門,False,True,False,東南,出遊(吉),,下吉,False,寅卯,平
2028-06-06,戊,申,戊,午,壬,戌,定,壬戌,八專,南,申酉子丑,門,False,False,False,False,,False,False,False,東南,出遊(吉),,,False,寅卯,定
2028-06-07,戊,申,戊,午,癸,亥,執,癸亥,八專,南,申酉子丑,門,False,True,False,False,,False,True,False,東南,出遊(吉),,,True,寅卯,執
2028-06-08,戊,申,戊,午,甲,子,破,甲子,,南,申酉子丑,門,False,False,False,True,狼藉,False,False,False,東南,出遊(吉),,,False,子丑,破
2028-06-09,戊,申,戊,午,乙,丑,危,乙丑,,南,申酉子丑,門,False,False,False,False,,False,False,False,東南,出遊(吉),,,False,子丑,危
2028-06-10,戊,申,戊,午,丙,寅,成,丙寅,,南,申酉子丑,門,False,False,False,False,,False,False,False,南,出遊(吉),,下吉,False,子丑,成
2028-06-11,戊,申,戊,午,丁,卯,收,丁卯,,南,申酉子丑,門,False,True,True,False,大禍,False,False,False,南,出遊(吉),,下吉,False,子丑,收
2028-06-12,戊,申,戊,午,戊,辰,開,戊辰,,南,申酉子丑,門,False,False,False,False,,False,False,True,南,出遊(吉),,,False,子丑,開
2028-06-13,戊,申,戊,午,己,巳,閉,己巳,,南,申酉子丑,門,False,False,False,False,,False,False,False,南,出遊(吉),,,True,子丑,閉
2028-06-14,戊,申,戊,午,庚,午,建,庚午,,南,申酉子丑,門,False,False,False,False,,False,False,False,南,出遊(吉),大土(凶),下吉,False,子丑,建
2028-06-15,戊,申,戊,午,辛,未,除,辛未,,南,申酉子丑,門,False,False,False,False,,False,False,False,西南,出遊(吉),大土(凶),中吉,False,子丑,除
2028-06-16,戊,申,戊,午,壬,申,滿,壬申,,南,申酉子丑,門,False,False,False,False,,False,False,False,西南,出遊(吉),大土(凶),,False,子丑,滿
2028-06-17,戊,申,戊,午,癸,酉,平,癸酉,,南,申酉子丑,門,False,True,False,False,滅門,False,False,False,西南,出遊(吉),大土(凶),中吉,False,子丑,平
2028-06-18,戊,申,戊,午,甲,戌,定,甲戌,,南,申酉子丑,門,False,False,False,False,,False,False,False,西南,出遊(吉),大土(凶),,False,戌亥,定
2028-06-19,戊,申,戊,午,乙,亥,執,乙亥,,南,申酉子丑,門,False,False,False,False,,False,False,False,西南,出遊(吉),大土(凶),,True,戌亥,執
2028-06-20,戊,申,戊,午,丙,子,破,丙子,,南,申酉子丑,門,False,False,False,True,狼藉,False,False,False,西南,出遊(吉),大土(凶),,False,戌亥,破
2028-06-21,戊,申,戊,午,丁,丑,危,丁丑,,南,申酉子丑,門,False,True,False,False,,False,False,False,西,出遊(吉),,下吉,False,戌亥,危
2028-06-22,戊,申,戊,午,戊,寅,成,戊寅,,南,申酉子丑,門,False,False,False,False,,False,False,False,西,出遊(吉),,下吉,False,戌亥,成
2028-06-23,戊,申,戊,午,己,卯,收,己卯,,南,申酉子丑,門,False,False,True,False,大禍,False,False,False,西,出遊(吉),,,False,戌亥,收
2028-06-24,戊,申,戊,午,庚,辰,開,庚辰,,南,申酉子丑,門,False,False,False,False,,False,False,False,西,出遊(吉),,下吉,False,戌亥,開
2028-06-25,戊,申,戊,午,辛,巳,閉,辛巳,,南,申酉子丑,門,False,False,False,False,,False,False,False,西,出遊(吉),,下吉,True,戌亥,閉
2028-06-26,戊,申,戊,午,壬,午,建,壬午,,南,申酉子丑,門,False,False,False,False,,False,False,False,西北,出遊(吉),,上吉,False,戌亥,建
2028-06-27,戊,申,戊,午,癸,未,除,癸未,,南,申酉子丑,門,False,True,False,False,,False,False,False,西北,出遊(吉),,下吉,False,戌亥,除
2028-06-28,戊,申,戊,午,甲,申,滿,甲申,十方暮,南,申酉子丑,門,False,False,False,False,,True,False,False,西北,出遊(吉),,上吉,False,申酉,滿
2028-06-29,戊,申,戊,午,乙,酉,平,乙酉,十方暮,南,申酉子丑,門,False,False,False,False,滅門,True,False,False,西北,出遊(吉),,下吉,False,申酉,平
2028-06-30,戊,申,戊,午,丙,戌,定,丙戌,十方暮,南,申酉子丑,門,False,False,False,False,,True,False,True,西北,出遊(吉),,,False,申酉,定
2028-07-01,戊,申,戊,午,丁,亥,執,丁亥,十方暮,南,申酉子丑,門,False,True,False,False,,True,False,False,西北,出遊(吉),,,True,申酉,執
2028-07-02,戊,申,戊,午,戊,子,破,戊子,十方暮,南,申酉子丑,門,False,False,False,True,狼藉,True,False,False,北,出遊(吉),,,False,申酉,破
2028-07-03,戊,申,戊,午,己,丑,危,己丑,十方暮,南,申酉子丑,門,False,False,False,False,,True,False,False,北,出遊(吉),,,False,申酉,危
2028-07-04,戊,申,戊,午,庚,寅,成,庚寅,十方暮,南,申酉子丑,門,False,False,False,False,,True,False,False,北,出遊(吉),,上吉,False,申酉,成
2028-07-05,戊,申,戊,午,辛,卯,收,辛卯,十方暮,南,申酉子丑,門,False,False,True,False,大禍,True,False,False,北,出遊(吉),,,False,申酉,收
2028-07-06,戊,申,己,未,壬,辰,收,壬辰,十方暮,南,申酉子丑,門,False,False,False,False,滅門,True,False,True,北,出遊(吉),,,False,申酉,收
2028-07-07,戊,申,己,未,癸,巳,開,癸巳,天一天上,南,申酉子丑,門,False,False,False,False,,True,False,False,天一天上,北宮(凶),,下吉,True,申酉,開
2028-07-08,戊,申,己,未,甲,午,閉,甲午,天一天上,南,申酉子丑,門,True,False,False,False,,False,False,False,天一天上,北宮(凶),,,False,午未,閉
2028-07-09,戊,申,己,未,乙,未,建,乙未,天一天上,南,申酉子丑,門,False,False,False,False,,False,False,True,天一天上,北宮(凶),,,False,午未,建
2028-07-10,戊,申,己,未,丙,申,除,丙申,天一天上,南,申酉子丑,門,False,False,False,False,,False,False,False,天一天上,北宮(凶),,,False,午未,除
2028-07-11,戊,申,己,未,丁,酉,滿,丁酉,天一天上,南,申酉子丑,門,False,False,True,False,,False,False,False,天一天上,北宮(凶),,上吉,False,午未,滿
2028-07-12,戊,申,己,未,戊,戌,平,戊戌,天一天上,南,申酉子丑,門,False,True,False,False,大禍,False,False,False,天一天上,南宮(凶),,,False,午未,平
2028-07-13,戊,申,己,未,己,亥,定,己亥,天一天上,南,申酉子丑,門,False,True,False,False,,False,False,False,天一天上,南宮(凶),,,True,午未,定
2028-07-14,戊,申,己,未,庚,子,執,庚子,天一天上,南,申酉子丑,門,False,False,False,False,,False,False,False,天一天上,南宮(凶),,中吉,False,午未,執
2028-07-15,戊,申,己,未,辛,丑,破,辛丑,天一天上,南,申酉子丑,門,False,False,False,False,,False,False,True,天一天上,南宮(凶),,下吉,False,午未,破
2028-07-16,戊,申,己,未,壬,寅,危,壬寅,天一天上,南,申酉子丑,門,False,False,False,False,,False,False,False,天一天上,南宮(凶),,中吉,False,午未,危
2028-07-17,戊,申,己,未,癸,卯,成,癸卯,天一天上,南,申酉子丑,門,False,False,False,True,狼藉,False,False,False,天一天上,西宮(凶),,下吉,False,午未,成
2028-07-18,戊,申,己,未,甲,辰,收,甲辰,天一天上,南,申酉子丑,門,False,False,False,False,滅門,False,False,False,天一天上,東宮(凶),,中吉,False,辰巳,收
2028-07-19,戊,申,己,未,乙,巳,開,乙巳,天一天上,南,申酉子丑,門,False,False,False,False,,False,False,False,天一天上,東宮(凶),,,True,辰巳,開
2028-07-20,戊,申,己,未,丙,午,閉,丙午,天一天上,南,申酉子丑,門,False,False,False,False,,False,False,False,天一天上,東宮(凶),,下吉,False,辰巳,閉
2028-07-21,戊,申,己,未,丁,未,建,丁未,天一天上,南,申酉子丑,門,False,False,False,False,,False,False,False,天一天上,東宮(凶),,下吉,False,辰巳,建
2028-07-22,戊,申,己,未,戊,申,除,戊申,天一天上,南,申酉子丑,門,False,True,False,False,,False,False,False,天一天上,東宮(凶),小土(凶),下吉,False,辰巳,除
2028-07-23,戊,申,己,未,己,酉,滿,己酉,,南,申酉子丑,門,False,True,True,False,,False,False,False,東北,出遊(吉),小土(凶),上吉,False,辰巳,滿
2028-07-24,戊,申,己,未,庚,戌,平,庚戌,,南,申酉子丑,門,False,False,False,False,大禍,False,False,False,東北,出遊(吉),小土(凶),,False,辰巳,平
2028-07-25,戊,申,己,未,辛,亥,定,辛亥,,南,申酉子丑,門,False,False,False,False,,False,False,False,東北,出遊(吉),小土(凶),下吉,True,辰巳,定
2028-07-26,戊,申,己,未,壬,子,執,壬子,八專,南,申酉子丑,門,False,False,False,False,,False,True,False,東北,出遊(吉),小土(凶),,False,辰巳,執
2028-07-27,戊,申,己,未,癸,丑,破,癸丑,八專,南,申酉子丑,門,False,False,False,False,,False,False,False,東北,出遊(吉),小土(凶),下吉,False,辰巳,破
2028-07-28,戊,申,己,未,甲,寅,危,甲寅,八專,南,申酉子丑,門,False,False,False,False,,False,True,False,東北,出遊(吉),小土(凶),下吉,False,寅卯,危
2028-07-29,戊,申,己,未,乙,卯,成,乙卯,八專,南,申酉子丑,門,False,False,False,True,狼藉,False,True,False,東,出遊(吉),,下吉,False,寅卯,成
2028-07-30,戊,申,己,未,丙,辰,收,丙辰,八專,南,申酉子丑,門,False,False,False,False,滅門,False,False,False,東,出遊(吉),,,False,寅卯,收
2028-07-31,戊,申,己,未,丁,巳,開,丁巳,八專,南,申酉子丑,門,False,False,False,False,,False,True,False,東,出遊(吉),,下吉,True,寅卯,開
2028-08-01,戊,申,己,未,戊,午,閉,戊午,八專,南,申酉子丑,門,False,True,False,False,,False,True,False,東,出遊(吉),,,False,寅卯,閉
2028-08-02,戊,申,己,未,己,未,建,己未,八專,南,申酉子丑,門,False,True,False,False,,False,False,False,東,出遊(吉),,下吉,False,寅卯,建
2028-08-03,戊,申,己,未,庚,申,除,庚申,八專,南,申酉子丑,門,False,False,False,False,,False,True,False,東南,出遊(吉),,,False,寅卯,除
2028-08-04,戊,申,己,未,辛,酉,滿,辛酉,八專,南,申酉子丑,門,False,False,True,False,,False,True,False,東南,出遊(吉),,下吉,False,寅卯,滿
2028-08-05,戊,申,己,未,壬,戌,平,壬戌,八專,南,申酉子丑,門,False,False,False,False,大禍,False,False,False,東南,出遊(吉),,,False,寅卯,平
2028-08-06,戊,申,己,未,癸,亥,定,癸亥,八專,南,申酉子丑,門,False,False,False,False,,False,True,False,東南,出遊(吉),,,True,寅卯,定
2028-08-07,戊,申,庚,申,甲,子,定,甲子,,南,申酉子丑,井,False,True,False,False,,False,False,False,東南,出遊(吉),,,False,子丑,定
2028-08-08,戊,申,庚,申,乙,丑,執,乙丑,,南,申酉子丑,井,False,False,False,False,,False,False,False,東南,出遊(吉),,,False,子丑,執
2028-08-09,戊,申,庚,申,丙,寅,破,丙寅,,南,申酉子丑,井,False,False,False,False,,False,False,False,南,出遊(吉),,下吉,False,子丑,破
2028-08-10,戊,申,庚,申,丁,卯,危,丁卯,,南,申酉子丑,井,False,False,False,False,,False,False,False,南,出遊(吉),,下吉,False,子丑,危
2028-08-11,戊,申,庚,申,戊,辰,成,戊辰,,南,申酉子丑,井,False,False,True,False,,False,False,True,南,出遊(吉),,,False,子丑,成
2028-08-12,戊,申,庚,申,己,巳,收,己巳,,南,申酉子丑,井,False,False,False,False,大禍,False,False,False,南,出遊(吉),,,True,子丑,收
2028-08-13,戊,申,庚,申,庚,午,開,庚午,,南,申酉子丑,井,False,True,False,True,,False,False,False,南,出遊(吉),大土(凶),下吉,False,子丑,開
2028-08-14,戊,申,庚,申,辛,未,閉,辛未,,南,申酉子丑,井,False,False,False,False,,False,False,False,西南,出遊(吉),大土(凶),中吉,False,子丑,閉
2028-08-15,戊,申,庚,申,壬,申,建,壬申,,南,申酉子丑,井,False,False,False,False,,False,False,False,西南,出遊(吉),大土(凶),,False,子丑,建
2028-08-16,戊,申,庚,申,癸,酉,除,癸酉,,南,申酉子丑,井,False,False,False,False,狼藉,False,False,False,西南,出遊(吉),大土(凶),中吉,False,子丑,除
2028-08-17,戊,申,庚,申,甲,戌,滿,甲戌,,南,申酉子丑,井,False,True,False,False,,False,False,False,西南,出遊(吉),大土(凶),,False,戌亥,滿
2028-08-18,戊,申,庚,申,乙,亥,平,乙亥,,南,申酉子丑,井,False,False,False,False,滅門,False,False,False,西南,出遊(吉),大土(凶),,True,戌亥,平
2028-08-19,戊,申,庚,申,丙,子,定,丙子,,南,申酉子丑,井,False,False,False,False,,False,False,False,西南,出遊(吉),大土(凶),,False,戌亥,定
2028-08-20,戊,申,庚,申,丁,丑,執,丁丑,,南,申酉子丑,井,False,False,False,False,,False,False,False,西,出遊(吉),,下吉,False,戌亥,執
2028-08-21,戊,申,庚,申,戊,寅,破,戊寅,,南,申酉子丑,井,False,False,False,False,,False,False,False,西,出遊(吉),,下吉,False,戌亥,破
2028-08-22,戊,申,庚,申,己,卯,危,己卯,,南,申酉子丑,井,False,False,False,False,,False,False,False,西,出遊(吉),,,False,戌亥,危
2028-08-23,戊,申,庚,申,庚,辰,成,庚辰,,南,申酉子丑,井,False,True,True,False,,False,False,False,西,出遊(吉),,下吉,False,戌亥,成
2028-08-24,戊,申,庚,申,辛,巳,收,辛巳,,南,申酉子丑,井,False,False,False,False,大禍,False,False,False,西,出遊(吉),,下吉,True,戌亥,收
2028-08-25,戊,申,庚,申,壬,午,開,壬午,,南,申酉子丑,井,False,False,False,True,,False,False,False,西北,出遊(吉),,上吉,False,戌亥,開
2028-08-26,戊,申,庚,申,癸,未,閉,癸未,,南,申酉子丑,井,False,False,False,False,,False,False,False,西北,出遊(吉),,下吉,False,戌亥,閉
2028-08-27,戊,申,庚,申,甲,申,建,甲申,十方暮,南,申酉子丑,井,False,True,False,False,,True,False,False,西北,出遊(吉),,上吉,False,申酉,建
2028-08-28,戊,申,庚,申,乙,酉,除,乙酉,十方暮,南,申酉子丑,井,False,False,False,False,狼藉,True,False,False,西北,出遊(吉),,下吉,False,申酉,除
2028-08-29,戊,申,庚,申,丙,戌,滿,丙戌,十方暮,南,申酉子丑,井,False,False,False,False,,True,False,True,西北,出遊(吉),,,False,申酉,滿
2028-08-30,戊,申,庚,申,丁,亥,平,丁亥,十方暮,南,申酉子丑,井,False,False,False,False,滅門,True,False,False,西北,出遊(吉),,,True,申酉,平
2028-08-31,戊,申,庚,申,戊,子,定,戊子,十方暮,南,申酉子丑,井,False,False,False,False,,True,False,False,北,出遊(吉),,,False,申酉,定
2028-09-01,戊,申,庚,申,己,丑,執,己丑,十方暮,南,申酉子丑,井,False,False,False,False,,True,False,False,北,出遊(吉),,,False,申酉,執
2028-09-02,戊,申,庚,申,庚,寅,破,庚寅,十方暮,南,申酉子丑,井,False,True,False,False,,True,False,False,北,出遊(吉),,上吉,False,申酉,破
2028-09-03,戊,申,庚,申,辛,卯,危,辛卯,十方暮,南,申酉子丑,井,False,False,False,False,,True,False,False,北,出遊(吉),,,False,申酉,危
2028-09-04,戊,申,庚,申,壬,辰,成,壬辰,十方暮,南,申酉子丑,井,False,False,True,False,,True,False,True,北,出遊(吉),,,False,申酉,成
2028-09-05,戊,申,庚,申,癸,巳,收,癸巳,天一天上,南,申酉子丑,井,False,False,False,False,大禍,True,False,False,天一天上,北宮(凶),,下吉,True,申酉,收
2028-09-06,戊,申,庚,申,甲,午,開,甲午,天一天上,南,申酉子丑,井,False,True,False,True,,False,False,False,天一天上,北宮(凶),,,False,午未,開
2028-09-07,戊,申,辛,酉,乙,未,開,乙未,天一天上,南,申酉子丑,井,False,True,False,False,,False,False,True,天一天上,北宮(凶),,,False,午未,開
2028-09-08,戊,申,辛,酉,丙,申,閉,丙申,天一天上,南,申酉子丑,井,False,False,False,False,,False,False,False,天一天上,北宮(凶),,,False,午未,閉
2028-09-09,戊,申,辛,酉,丁,酉,建,丁酉,天一天上,南,申酉子丑,井,False,False,False,True,狼藉,False,False,False,天一天上,北宮(凶),,上吉,False,午未,建
2028-09-10,戊,申,辛,酉,戊,戌,除,戊戌,天一天上,南,申酉子丑,井,False,False,True,False,,False,False,False,天一天上,南宮(凶),,,False,午未,除
2028-09-11,戊,申,辛,酉,己,亥,滿,己亥,天一天上,南,申酉子丑,井,False,False,False,False,,False,False,False,天一天上,南宮(凶),,,True,午未,滿
2028-09-12,戊,申,辛,酉,庚,子,平,庚子,天一天上,南,申酉子丑,井,False,False,False,False,大禍,False,False,False,天一天上,南宮(凶),,中吉,False,午未,平
2028-09-13,戊,申,辛,酉,辛,丑,定,辛丑,天一天上,南,申酉子丑,井,False,True,False,False,,False,False,True,天一天上,南宮(凶),,下吉,False,午未,定
2028-09-14,戊,申,辛,酉,壬,寅,執,壬寅,天一天上,南,申酉子丑,井,False,False,False,False,,False,False,False,天一天上,南宮(凶),,中吉,False,午未,執
2028-09-15,戊,申,辛,酉,癸,卯,破,癸卯,天一天上,南,申酉子丑,井,False,False,False,False,,False,False,False,天一天上,西宮(凶),,下吉,False,午未,破
2028-09-16,戊,申,辛,酉,甲,辰,危,甲辰,天一天上,南,申酉子丑,井,False,False,False,False,,False,False,False,天一天上,東宮(凶),,中吉,False,辰巳,危
2028-09-17,戊,申,辛,酉,乙,巳,成,乙巳,天一天上,南,申酉子丑,井,False,True,False,False,,False,False,False,天一天上,東宮(凶),,,True,辰巳,成
2028-09-18,戊,申,辛,酉,丙,午,收,丙午,天一天上,南,申酉子丑,井,False,False,False,False,滅門,False,False,False,天一天上,東宮(凶),,下吉,False,辰巳,收
2028-09-19,戊,申,辛,酉,丁,未,開,丁未,天一天上,南,申酉子丑,井,False,False,False,False,,False,False,False,天一天上,東宮(凶),,下吉,False,辰巳,開
2028-09-20,戊,申,辛,酉,戊,申,閉,戊申,天一天上,南,申酉子丑,井,True,False,False,False,,False,False,False,天一天上,東宮(凶),小土(凶),下吉,False,辰巳,閉
2028-09-21,戊,申,辛,酉,己,酉,建,己酉,,南,申酉子丑,井,False,False,False,True,狼藉,False,False,False,東北,出遊(吉),小土(凶),上吉,False,辰巳,建
2028-09-22,戊,申,辛,酉,庚,戌,除,庚戌,,南,申酉子丑,井,False,False,True,False,,False,False,False,東北,出遊(吉),小土(凶),,False,辰巳,除
2028-09-23,戊,申,辛,酉,辛,亥,滿,辛亥,,南,申酉子丑,井,False,True,False,False,,False,False,False,東北,出遊(吉),小土(凶),下吉,True,辰巳,滿
2028-09-24,戊,申,辛,酉,壬,子,平,壬子,八專,南,申酉子丑,井,False,False,False,False,大禍,False,True,False,東北,出遊(吉),小土(凶),,False,辰巳,平
2028-09-25,戊,申,辛,酉,癸,丑,定,癸丑,八專,南,申酉子丑,井,False,False,False,False,,False,False,False,東北,出遊(吉),小土(凶),下吉,False,辰巳,定
2028-09-26,戊,申,辛,酉,甲,寅,執,甲寅,八專,南,申酉子丑,井,False,False,False,False,,False,True,False,東北,出遊(吉),小土(凶),下吉,False,寅卯,執
2028-09-27,戊,申,辛,酉,乙,卯,破,乙卯,八專,南,申酉子丑,井,False,True,False,False,,False,True,False,東,出遊(吉),,下吉,False,寅卯,破
2028-09-28,戊,申,辛,酉,丙,辰,危,丙辰,八專,南,申酉子丑,井,False,False,False,False,,False,False,False,東,出遊(吉),,,False,寅卯,危
2028-09-29,戊,申,辛,酉,丁,巳,成,丁巳,八專,南,申酉子丑,井,False,False,False,False,,False,True,False,東,出遊(吉),,下吉,True,寅卯,成
2028-09-30,戊,申,辛,酉,戊,午,收,戊午,八專,南,申酉子丑,井,False,False,False,False,滅門,False,True,False,東,出遊(吉),,,False,寅卯,收
2028-10-01,戊,申,辛,酉,己,未,開,己未,八專,南,申酉子丑,井,False,False,False,False,,False,False,False,東,出遊(吉),,下吉,False,寅卯,開
2028-10-02,戊,申,辛,酉,庚,申,閉,庚申,八專,南,申酉子丑,井,False,False,False,False,,False,True,False,東南,出遊(吉),,,False,寅卯,閉
2028-10-03,戊,申,辛,酉,辛,酉,建,辛酉,八專,南,申酉子丑,井,False,True,False,True,狼藉,False,True,False,東南,出遊(吉),,下吉,False,寅卯,建
2028-10-04,戊,申,辛,酉,壬,戌,除,壬戌,八專,南,申酉子丑,井,False,False,True,False,,False,False,False,東南,出遊(吉),,,False,寅卯,除
2028-10-05,戊,申,辛,酉,癸,亥,滿,癸亥,八專,南,申酉子丑,井,False,False,False,False,,False,True,False,東南,出遊(吉),,,True,寅卯,滿
2028-10-06,戊,申,辛,酉,甲,子,平,甲子,,南,申酉子丑,井,False,False,False,False,大禍,False,False,False,東南,出遊(吉),,,False,子丑,平
2028-10-07,戊,申,辛,酉,乙,丑,定,乙丑,,南,申酉子丑,井,False,True,False,False,,False,False,False,東南,出遊(吉),,,False,子丑,定
2028-10-08,戊,申,壬,戌,丙,寅,定,丙寅,,南,申酉子丑,井,False,False,False,False,,False,False,False,南,出遊(吉),,下吉,False,子丑,定
2028-10-09,戊,申,壬,戌,丁,卯,執,丁卯,,南,申酉子丑,井,False,False,False,False,狼藉,False,False,False,南,出遊(吉),,下吉,False,子丑,執
2028-10-10,戊,申,壬,戌,戊,辰,破,戊辰,,南,申酉子丑,井,False,True,False,False,,False,False,True,南,出遊(吉),,,False,子丑,破
2028-10-11,戊,申,壬,戌,己,巳,危,己巳,,南,申酉子丑,井,False,True,True,False,,False,False,False,南,出遊(吉),,,True,子丑,危
2028-10-12,戊,申,壬,戌,庚,午,成,庚午,,南,申酉子丑,井,False,False,False,False,,False,False,False,南,出遊(吉),大土(凶),下吉,False,子丑,成
2028-10-13,戊,申,壬,戌,辛,未,收,辛未,,南,申酉子丑,井,False,False,False,False,大禍,False,False,False,西南,出遊(吉),大土(凶),中吉,False,子丑,收
2028-10-14,戊,申,壬,戌,壬,申,開,壬申,,南,申酉子丑,井,False,False,False,False,,False,False,False,西南,出遊(吉),大土(凶),,False,子丑,開
2028-10-15,戊,申,壬,戌,癸,酉,閉,癸酉,,南,申酉子丑,井,False,False,False,False,,False,False,False,西南,出遊(吉),大土(凶),中吉,False,子丑,閉
2028-10-16,戊,申,壬,戌,甲,戌,建,甲戌,,南,申酉子丑,井,False,False,False,False,,False,False,False,西南,出遊(吉),大土(凶),,False,戌亥,建
2028-10-17,戊,申,壬,戌,乙,亥,除,乙亥,,南,申酉子丑,井,False,False,False,False,,False,False,False,西南,出遊(吉),大土(凶),,True,戌亥,除
2028-10-18,戊,申,壬,戌,丙,子,滿,丙子,,南,申酉子丑,井,False,False,False,True,,False,False,False,西南,出遊(吉),大土(凶),,False,戌亥,滿
2028-10-19,戊,申,壬,戌,丁,丑,平,丁丑,,南,申酉子丑,井,False,False,False,False,滅門,False,False,False,西,出遊(吉),,下吉,False,戌亥,平
2028-10-20,戊,申,壬,戌,戊,寅,定,戊寅,,南,申酉子丑,井,False,True,False,False,,False,False,False,西,出遊(吉),,下吉,False,戌亥,定
2028-10-21,戊,申,壬,戌,己,卯,執,己卯,,南,申酉子丑,井,False,True,False,False,狼藉,False,False,False,西,出遊(吉),,,False,戌亥,執
2028-10-22,戊,申,壬,戌,庚,辰,破,庚辰,,南,申酉子丑,井,False,False,False,False,,False,False,False,西,出遊(吉),,下吉,False,戌亥,破
2028-10-23,戊,申,壬,戌,辛,巳,危,辛巳,,南,申酉子丑,井,False,False,True,False,,False,False,False,西,出遊(吉),,下吉,True,戌亥,危
2028-10-24,戊,申,壬,戌,壬,午,成,壬午,,南,申酉子丑,井,False,False,False,False,,False,False,False,西北,出遊(吉),,上吉,False,戌亥,成
2028-10-25,戊,申,壬,戌,癸,未,收,癸未,,南,申酉子丑,井,False,False,False,False,大禍,False,False,False,西北,出遊(吉),,下吉,False,戌亥,收
2028-10-26,戊,申,壬,戌,甲,申,開,甲申,十方暮,南,申酉子丑,井,False,False,False,False,,True,False,False,西北,出遊(吉),,上吉,False,申酉,開
2028-10-27,戊,申,壬,戌,乙,酉,閉,乙酉,十方暮,南,申酉子丑,井,False,False,False,False,,True,False,False,西北,出遊(吉),,下吉,False,申酉,閉
2028-10-28,戊,申,壬,戌,丙,戌,建,丙戌,十方暮,南,申酉子丑,井,False,False,False,False,,True,False,True,西北,出遊(吉),,,False,申酉,建
2028-10-29,戊,申,壬,戌,丁,亥,除,丁亥,十方暮,南,申酉子丑,井,False,False,False,False,,True,False,False,西北,出遊(吉),,,True,申酉,除
2028-10-30,戊,申,壬,戌,戊,子,滿,戊子,十方暮,南,申酉子丑,井,False,True,False,True,,True,False,False,北,出遊(吉),,,False,申酉,滿
2028-10-31,戊,申,壬,戌,己,丑,平,己丑,十方暮,南,申酉子丑,井,False,True,False,False,滅門,True,False,False,北,出遊(吉),,,False,申酉,平
2028-11-01,戊,申,壬,戌,庚,寅,定,庚寅,十方暮,南,申酉子丑,井,False,False,False,False,,True,False,False,北,出遊(吉),,上吉,False,申酉,定
2028-11-02,戊,申,壬,戌,辛,卯,執,辛卯,十方暮,南,申酉子丑,井,False,False,False,False,狼藉,True,False,False,北,出遊(吉),,,False,申酉,執
2028-11-03,戊,申,壬,戌,壬,辰,破,壬辰,十方暮,南,申酉子丑,井,False,False,False,False,,True,False,True,北,出遊(吉),,,False,申酉,破
2028-11-04,戊,申,壬,戌,癸,巳,危,癸巳,天一天上,南,申酉子丑,井,False,False,True,False,,True,False,False,天一天上,北宮(凶),,下吉,True,申酉,危
2028-11-05,戊,申,壬,戌,甲,午,成,甲午,天一天上,南,申酉子丑,井,False,False,False,False,,False,False,False,天一天上,北宮(凶),,,False,午未,成
2028-11-06,戊,申,壬,戌,乙,未,收,乙未,天一天上,南,申酉子丑,井,False,False,False,False,大禍,False,False,True,天一天上,北宮(凶),,,False,午未,收
2028-11-07,戊,申,癸,亥,丙,申,收,丙申,天一天上,南,申酉子丑,庭,False,True,False,False,滅門,False,False,False,天一天上,北宮(凶),,,False,午未,收
2028-11-08,戊,申,癸,亥,丁,酉,開,丁酉,天一天上,南,申酉子丑,庭,False,False,False,False,,False,False,False,天一天上,北宮(凶),,上吉,False,午未,開
2028-11-09,戊,申,癸,亥,戊,戌,閉,戊戌,天一天上,南,申酉子丑,庭,False,False,False,False,,False,False,False,天一天上,南宮(凶),,,False,午未,閉
2028-11-10,戊,申,癸,亥,己,亥,建,己亥,天一天上,南,申酉子丑,庭,False,False,True,False,,False,False,False,天一天上,南宮(凶),,,True,午未,建
2028-11-11,戊,申,癸,亥,庚,子,除,庚子,天一天上,南,申酉子丑,庭,False,False,False,False,,False,False,False,天一天上,南宮(凶),,中吉,False,午未,除
2028-11-12,戊,申,癸,亥,辛,丑,滿,辛丑,天一天上,南,申酉子丑,庭,False,False,False,False,,False,False,True,天一天上,南宮(凶),,下吉,False,午未,滿
2028-11-13,戊,申,癸,亥,壬,寅,平,壬寅,天一天上,南,申酉子丑,庭,False,True,False,False,大禍,False,False,False,天一天上,南宮(凶),,中吉,False,午未,平
2028-11-14,戊,申,癸,亥,癸,卯,定,癸卯,天一天上,南,申酉子丑,庭,False,False,False,True,狼藉,False,False,False,天一天上,西宮(凶),,下吉,False,午未,定
2028-11-15,戊,申,癸,亥,甲,辰,執,甲辰,天一天上,南,申酉子丑,庭,False,False,False,False,,False,False,False,天一天上,東宮(凶),,中吉,False,辰巳,執
2028-11-16,戊,申,癸,亥,乙,巳,破,乙巳,天一天上,南,申酉子丑,庭,False,False,False,False,,False,False,False,天一天上,東宮(凶),,,True,辰巳,破
2028-11-17,戊,申,癸,亥,丙,午,危,丙午,天一天上,南,申酉子丑,庭,False,True,False,False,,False,False,False,天一天上,東宮(凶),,下吉,False,辰巳,危
2028-11-18,戊,申,癸,亥,丁,未,成,丁未,天一天上,南,申酉子丑,庭,False,False,False,False,,False,False,False,天一天上,東宮(凶),,下吉,False,辰巳,成
2028-11-19,戊,申,癸,亥,戊,申,收,戊申,天一天上,南,申酉子丑,庭,False,False,False,False,滅門,False,False,False,天一天上,東宮(凶),小土(凶),下吉,False,辰巳,收
2028-11-20,戊,申,癸,亥,己,酉,開,己酉,,南,申酉子丑,庭,False,False,False,False,,False,False,False,東北,出遊(吉),小土(凶),上吉,False,辰巳,開
2028-11-21,戊,申,癸,亥,庚,戌,閉,庚戌,,南,申酉子丑,庭,False,False,False,False,,False,False,False,東北,出遊(吉),小土(凶),,False,辰巳,閉
2028-11-22,戊,申,癸,亥,辛,亥,建,辛亥,,南,申酉子丑,庭,False,False,True,False,,False,False,False,東北,出遊(吉),小土(凶),下吉,True,辰巳,建
2028-11-23,戊,申,癸,亥,壬,子,除,壬子,八專,南,申酉子丑,庭,False,True,False,False,,False,True,False,東北,出遊(吉),小土(凶),,False,辰巳,除
2028-11-24,戊,申,癸,亥,癸,丑,滿,癸丑,八專,南,申酉子丑,庭,False,False,False,False,,False,False,False,東北,出遊(吉),小土(凶),下吉,False,辰巳,滿
2028-11-25,戊,申,癸,亥,甲,寅,平,甲寅,八專,南,申酉子丑,庭,False,False,False,False,大禍,False,True,False,東北,出遊(吉),小土(凶),下吉,False,寅卯,平
2028-11-26,戊,申,癸,亥,乙,卯,定,乙卯,八專,南,申酉子丑,庭,False,False,False,True,狼藉,False,True,False,東,出遊(吉),,下吉,False,寅卯,定
2028-11-27,戊,申,癸,亥,丙,辰,執,丙辰,八專,南,申酉子丑,庭,False,True,False,False,,False,False,False,東,出遊(吉),,,False,寅卯,執
2028-11-28,戊,申,癸,亥,丁,巳,破,丁巳,八專,南,申酉子丑,庭,False,False,False,False,,False,True,False,東,出遊(吉),,下吉,True,寅卯,破
2028-11-29,戊,申,癸,亥,戊,午,危,戊午,八專,南,申酉子丑,庭,False,False,False,False,,False,True,False,東,出遊(吉),,,False,寅卯,危
2028-11-30,戊,申,癸,亥,己,未,成,己未,八專,南,申酉子丑,庭,False,False,False,False,,False,False,False,東,出遊(吉),,下吉,False,寅卯,成
2028-12-01,戊,申,癸,亥,庚,申,收,庚申,八專,南,申酉子丑,庭,False,False,False,False,滅門,False,True,False,東南,出遊(吉),,,False,寅卯,收
2028-12-02,戊,申,癸,亥,辛,酉,開,辛酉,八專,南,申酉子丑,庭,False,False,False,False,,False,True,False,東南,出遊(吉),,下吉,False,寅卯,開
2028-12-03,戊,申,癸,亥,壬,戌,閉,壬戌,八專,南,申酉子丑,庭,False,True,False,False,,False,False,False,東南,出遊(吉),,,False,寅卯,閉
2028-12-04,戊,申,癸,亥,癸,亥,建,癸亥,八專,南,申酉子丑,庭,False,False,True,False,,False,True,False,東南,出遊(吉),,,True,寅卯,建
2028-12-05,戊,申,癸,亥,甲,子,除,甲子,,南,申酉子丑,庭,True,False,False,False,,False,False,False,東南,出遊(吉),,,False,子丑,除
2028-12-06,戊,申,甲,子,乙,丑,除,乙丑,,南,申酉子丑,庭,False,False,False,False,,False,False,False,東南,出遊(吉),,,False,子丑,除
2028-12-07,戊,申,甲,子,丙,寅,滿,丙寅,,南,申酉子丑,庭,False,False,False,False,,False,False,False,南,出遊(吉),,下吉,False,子丑,滿
2028-12-08,戊,申,甲,子,丁,卯,平,丁卯,,南,申酉子丑,庭,False,True,False,False,滅門,False,False,False,南,出遊(吉),,下吉,False,子丑,平
2028-12-09,戊,申,甲,子,戊,辰,定,戊辰,,南,申酉子丑,庭,False,False,False,False,,False,False,True,南,出遊(吉),,,False,子丑,定
2028-12-10,戊,申,甲,子,己,巳,執,己巳,,南,申酉子丑,庭,False,False,False,False,,False,False,False,南,出遊(吉),,,True,子丑,執
2028-12-11,戊,申,甲,子,庚,午,破,庚午,,南,申酉子丑,庭,False,False,True,True,狼藉,False,False,False,南,出遊(吉),大土(凶),下吉,False,子丑,破
2028-12-12,戊,申,甲,子,辛,未,危,辛未,,南,申酉子丑,庭,False,False,False,False,,False,False,False,西南,出遊(吉),大土(凶),中吉,False,子丑,危
2028-12-13,戊,申,甲,子,壬,申,成,壬申,,南,申酉子丑,庭,False,False,False,False,,False,False,False,西南,出遊(吉),大土(凶),,False,子丑,成
2028-12-14,戊,申,甲,子,癸,酉,收,癸酉,,南,申酉子丑,庭,False,True,False,False,大禍,False,False,False,西南,出遊(吉),大土(凶),中吉,False,子丑,收
2028-12-15,戊,申,甲,子,甲,戌,開,甲戌,,南,申酉子丑,庭,False,False,False,False,,False,False,False,西南,出遊(吉),大土(凶),,False,戌亥,開
2028-12-16,戊,申,甲,子,乙,亥,閉,乙亥,,南,申酉子丑,庭,False,False,False,False,,False,False,False,西南,出遊(吉),大土(凶),,True,戌亥,閉
2028-12-17,戊,申,甲,子,丙,子,建,丙子,,南,申酉子丑,庭,False,False,False,False,,False,False,False,西南,出遊(吉),大土(凶),,False,戌亥,建
2028-12-18,戊,申,甲,子,丁,丑,除,丁丑,,南,申酉子丑,庭,False,True,False,False,,False,False,False,西,出遊(吉),,下吉,False,戌亥,除
2028-12-19,戊,申,甲,子,戊,寅,滿,戊寅,,南,申酉子丑,庭,False,False,False,False,,False,False,False,西,出遊(吉),,下吉,False,戌亥,滿
2028-12-20,戊,申,甲,子,己,卯,平,己卯,,南,申酉子丑,庭,False,False,False,False,滅門,False,False,False,西,出遊(吉),,,False,戌亥,平
2028-12-21,戊,申,甲,子,庚,辰,定,庚辰,,南,申酉子丑,庭,False,False,False,False,,False,False,False,西,出遊(吉),,下吉,False,戌亥,定
2028-12-22,戊,申,甲,子,辛,巳,執,辛巳,,南,申酉子丑,庭,False,False,False,False,,False,False,False,西,出遊(吉),,下吉,True,戌亥,執
2028-12-23,戊,申,甲,子,壬,午,破,壬午,,南,申酉子丑,庭,False,False,True,True,狼藉,False,False,False,西北,出遊(吉),,上吉,False,戌亥,破
2028-12-24,戊,申,甲,子,癸,未,危,癸未,,南,申酉子丑,庭,False,True,False,False,,False,False,False,西北,出遊(吉),,下吉,False,戌亥,危
2028-12-25,戊,申,甲,子,甲,申,成,甲申,十方暮,南,申酉子丑,庭,False,False,False,False,,True,False,False,西北,出遊(吉),,上吉,False,申酉,成
2028-12-26,戊,申,甲,子,乙,酉,收,乙酉,十方暮,南,申酉子丑,庭,False,False,False,False,大禍,True,False,False,西北,出遊(吉),,下吉,False,申酉,收
2028-12-27,戊,申,甲,子,丙,戌,開,丙戌,十方暮,南,申酉子丑,庭,False,False,False,False,,True,False,True,西北,出遊(吉),,,False,申酉,開
2028-12-28,戊,申,甲,子,丁,亥,閉,丁亥,十方暮,南,申酉子丑,庭,False,True,False,False,,True,False,False,西北,出遊(吉),,,True,申酉,閉
2028-12-29,戊,申,甲,子,戊,子,建,戊子,十方暮,南,申酉子丑,庭,False,False,False,False,,True,False,False,北,出遊(吉),,,False,申酉,建
2028-12-30,戊,申,甲,子,己,丑,除,己丑,十方暮,南,申酉子丑,庭,False,False,False,False,,True,False,False,北,出遊(吉),,,False,申酉,除
2028-12-31,戊,申,甲,子,庚,寅,滿,庚寅,十方暮,南,申酉子丑,庭,False,False,False,False,,True,False,False,北,出遊(吉),,上吉,False,申酉,滿
2029-01-01,戊,申,甲,子,辛,卯,平,辛卯,十方暮,南,申酉子丑,庭,False,False,False,False,滅門,True,False,False,北,出遊(吉),,,False,申酉,平
2029-01-02,戊,申,甲,子,壬,辰,定,壬辰,十方暮,南,申酉子丑,庭,False,False,False,False,,True,False,True,北,出遊(吉),,,False,申酉,定
2029-01-03,戊,申,甲,子,癸,巳,執,癸巳,天一天上,南,申酉子丑,庭,False,True,False,False,,True,False,False,天一天上,北宮(凶),,下吉,True,申酉,執
2029-01-04,戊,申,甲,子,甲,午,破,甲午,天一天上,南,申酉子丑,庭,False,False,True,True,狼藉,False,False,False,天一天上,北宮(凶),,,False,午未,破
2029-01-05,戊,申,乙,丑,乙,未,破,乙未,天一天上,南,申酉子丑,庭,False,False,False,False,,False,False,True,天一天上,北宮(凶),,,False,午未,破
2029-01-06,戊,申,乙,丑,丙,申,危,丙申,天一天上,南,申酉子丑,庭,False,False,False,False,,False,False,False,天一天上,北宮(凶),,,False,午未,危
2029-01-07,戊,申,乙,丑,丁,酉,成,丁酉,天一天上,南,申酉子丑,庭,False,False,False,True,狼藉,False,False,False,天一天上,北宮(凶),,上吉,False,午未,成
2029-01-08,戊,申,乙,丑,戊,戌,收,戊戌,天一天上,南,申酉子丑,庭,False,True,False,False,滅門,False,False,False,天一天上,南宮(凶),,,False,午未,收
2029-01-09,戊,申,乙,丑,己,亥,開,己亥,天一天上,南,申酉子丑,庭,False,True,False,False,,False,False,False,天一天上,南宮(凶),,,True,午未,開
2029-01-10,戊,申,乙,丑,庚,子,閉,庚子,天一天上,南,申酉子丑,庭,False,False,True,False,,False,False,False,天一天上,南宮(凶),,中吉,False,午未,閉
2029-01-11,戊,申,乙,丑,辛,丑,建,辛丑,天一天上,南,申酉子丑,庭,False,False,False,False,,False,False,True,天一天上,南宮(凶),,下吉,False,午未,建
2029-01-12,戊,申,乙,丑,壬,寅,除,壬寅,天一天上,南,申酉子丑,庭,False,False,False,False,,False,False,False,天一天上,南宮(凶),,中吉,False,午未,除
2029-01-13,戊,申,乙,丑,癸,卯,滿,癸卯,天一天上,南,申酉子丑,庭,False,False,False,False,,False,False,False,天一天上,西宮(凶),,下吉,False,午未,滿
2029-01-14,戊,申,乙,丑,甲,辰,平,甲辰,天一天上,南,申酉子丑,庭,False,False,False,False,大禍,False,False,False,天一天上,東宮(凶),,中吉,False,辰巳,平
2029-01-15,戊,申,乙,丑,乙,巳,定,乙巳,天一天上,南,申酉子丑,庭,False,False,False,False,,False,False,False,天一天上,東宮(凶),,,True,辰巳,定
2029-01-16,戊,申,乙,丑,丙,午,執,丙午,天一天上,南,申酉子丑,庭,False,False,False,False,,False,False,False,天一天上,東宮(凶),,下吉,False,辰巳,執
2029-01-17,戊,申,乙,丑,丁,未,破,丁未,天一天上,南,申酉子丑,庭,False,False,False,False,,False,False,False,天一天上,東宮(凶),,下吉,False,辰巳,破
2029-01-18,戊,申,乙,丑,戊,申,危,戊申,天一天上,南,申酉子丑,庭,False,True,False,False,,False,False,False,天一天上,東宮(凶),小土(凶),下吉,False,辰巳,危
2029-01-19,戊,申,乙,丑,己,酉,成,己酉,,南,申酉子丑,庭,False,True,False,True,狼藉,False,False,False,東北,出遊(吉),小土(凶),上吉,False,辰巳,成
2029-01-20,戊,申,乙,丑,庚,戌,收,庚戌,,南,申酉子丑,庭,False,False,False,False,滅門,False,False,False,東北,出遊(吉),小土(凶),,False,辰巳,收
2029-01-21,戊,申,乙,丑,辛,亥,開,辛亥,,南,申酉子丑,庭,False,False,False,False,,False,False,False,東北,出遊(吉),小土(凶),下吉,True,辰巳,開
2029-01-22,戊,申,乙,丑,壬,子,閉,壬子,八專,南,申酉子丑,庭,False,False,True,False,,False,True,False,東北,出遊(吉),小土(凶),,False,辰巳,閉
2029-01-23,戊,申,乙,丑,癸,丑,建,癸丑,八專,南,申酉子丑,庭,False,False,False,False,,False,False,False,東北,出遊(吉),小土(凶),下吉,False,辰巳,建
2029-01-24,戊,申,乙,丑,甲,寅,除,甲寅,八專,南,申酉子丑,庭,False,False,False,False,,False,True,False,東北,出遊(吉),小土(凶),下吉,False,寅卯,除
2029-01-25,戊,申,乙,丑,乙,卯,滿,乙卯,八專,南,申酉子丑,庭,False,False,False,False,,False,True,False,東,出遊(吉),,下吉,False,寅卯,滿
2029-01-26,戊,申,乙,丑,丙,辰,平,丙辰,八專,南,申酉子丑,庭,False,False,False,False,大禍,False,False,False,東,出遊(吉),,,False,寅卯,平
2029-01-27,戊,申,乙,丑,丁,巳,定,丁巳,八專,南,申酉子丑,庭,False,False,False,False,,False,True,False,東,出遊(吉),,下吉,True,寅卯,定
2029-01-28,戊,申,乙,丑,戊,午,執,戊午,八專,南,申酉子丑,庭,False,True,False,False,,False,True,False,東,出遊(吉),,,False,寅卯,執
2029-01-29,戊,申,乙,丑,己,未,破,己未,八專,南,申酉子丑,庭,False,True,False,False,,False,False,False,東,出遊(吉),,下吉,False,寅卯,破
2029-01-30,戊,申,乙,丑,庚,申,危,庚申,八專,南,申酉子丑,庭,False,False,False,False,,False,True,False,東南,出遊(吉),,,False,寅卯,危
2029-01-31,戊,申,乙,丑,辛,酉,成,辛酉,八專,南,申酉子丑,庭,False,False,False,True,狼藉,False,True,False,東南,出遊(吉),,下吉,False,寅卯,成
2029-02-01,戊,申,乙,丑,壬,戌,收,壬戌,八專,南,申酉子丑,庭,False,False,False,False,滅門,False,False,False,東南,出遊(吉),,,False,寅卯,收
2029-02-02,戊,申,乙,丑,癸,亥,開,癸亥,八專,南,申酉子丑,庭,False,False,False,False,,False,True,False,東南,出遊(吉),,,True,寅卯,開
2029-02-03,戊,申,丙,寅,甲,子,開,甲子,,南,申酉子丑,灶,False,True,False,True,狼藉,False,False,False,東南,出遊(吉),,,False,子丑,開
2029-02-04,戊,申,丙,寅,乙,丑,閉,乙丑,,南,申酉子丑,灶,False,False,True,False,,False,False,False,東南,出遊(吉),,,False,子丑,閉
2029-02-05,戊,申,丙,寅,丙,寅,建,丙寅,,南,申酉子丑,灶,False,False,False,False,,False,False,False,南,出遊(吉),,下吉,False,子丑,建
2029-02-06,戊,申,丙,寅,丁,卯,除,丁卯,,南,申酉子丑,灶,False,False,False,False,,False,False,False,南,出遊(吉),,下吉,False,子丑,除
2029-02-07,戊,申,丙,寅,戊,辰,滿,戊辰,,南,申酉子丑,灶,False,False,False,False,,False,False,True,南,出遊(吉),,,False,子丑,滿
2029-02-08,戊,申,丙,寅,己,巳,平,己巳,,南,申酉子丑,灶,False,False,False,False,滅門,False,False,False,南,出遊(吉),,,True,子丑,平
2029-02-09,戊,申,丙,寅,庚,午,定,庚午,,南,申酉子丑,灶,False,True,False,False,,False,False,False,南,出遊(吉),大土(凶),下吉,False,子丑,定
2029-02-10,戊,申,丙,寅,辛,未,執,辛未,,南,申酉子丑,灶,False,False,False,False,,False,False,False,西南,出遊(吉),大土(凶),中吉,False,子丑,執
2029-02-11,戊,申,丙,寅,壬,申,破,壬申,,南,申酉子丑,灶,False,False,False,False,,False,False,False,西南,出遊(吉),大土(凶),,False,子丑,破
2029-02-12,戊,申,丙,寅,癸,酉,危,癸酉,,南,申酉子丑,灶,False,False,False,False,,False,False,False,西南,出遊(吉),大土(凶),中吉,False,子丑,危
2029-02-13,己,酉,丙,寅,甲,戌,成,甲戌,,南,午未申酉,灶,False,True,False,False,,False,False,False,西南,出遊(吉),大土(凶),,False,戌亥,成
2029-02-14,己,酉,丙,寅,乙,亥,收,乙亥,,南,午未申酉,灶,False,False,False,False,大禍,False,False,False,西南,出遊(吉),大土(凶),,True,戌亥,收
2029-02-15,己,酉,丙,寅,丙,子,開,丙子,,南,午未申酉,灶,False,False,False,True,狼藉,False,False,False,西南,出遊(吉),大土(凶),,False,戌亥,開
2029-02-16,己,酉,丙,寅,丁,丑,閉,丁丑,,南,午未申酉,灶,False,False,True,False,,False,False,False,西,出遊(吉),,下吉,False,戌亥,閉
2029-02-17,己,酉,丙,寅,戊,寅,建,戊寅,,南,午未申酉,灶,True,False,False,False,,False,False,False,西,出遊(吉),,下吉,False,戌亥,建
2029-02-18,己,酉,丙,寅,己,卯,除,己卯,,南,午未申酉,灶,False,False,False,False,,False,False,False,西,出遊(吉),,,False,戌亥,除
2029-02-19,己,酉,丙,寅,庚,辰,滿,庚辰,,南,午未申酉,灶,False,True,False,False,,False,False,False,西,出遊(吉),,下吉,False,戌亥,滿
2029-02-20,己,酉,丙,寅,辛,巳,平,辛巳,,南,午未申酉,灶,False,False,False,False,滅門,False,False,False,西,出遊(吉),,下吉,True,戌亥,平
2029-02-21,己,酉,丙,寅,壬,午,定,壬午,,南,午未申酉,灶,False,False,False,False,,False,False,False,西北,出遊(吉),,上吉,False,戌亥,定
2029-02-22,己,酉,丙,寅,癸,未,執,癸未,,南,午未申酉,灶,False,False,False,False,,False,False,False,西北,出遊(吉),,下吉,False,戌亥,執
2029-02-23,己,酉,丙,寅,甲,申,破,甲申,十方暮,南,午未申酉,灶,False,True,False,False,,True,False,False,西北,出遊(吉),,上吉,False,申酉,破
2029-02-24,己,酉,丙,寅,乙,酉,危,乙酉,十方暮,南,午未申酉,灶,False,False,False,False,,True,False,False,西北,出遊(吉),,下吉,False,申酉,危
2029-02-25,己,酉,丙,寅,丙,戌,成,丙戌,十方暮,南,午未申酉,灶,False,False,False,False,,True,False,True,西北,出遊(吉),,,False,申酉,成
2029-02-26,己,酉,丙,寅,丁,亥,收,丁亥,十方暮,南,午未申酉,灶,False,False,False,False,大禍,True,False,False,西北,出遊(吉),,,True,申酉,收
2029-02-27,己,酉,丙,寅,戊,子,開,戊子,十方暮,南,午未申酉,灶,False,False,False,True,狼藉,True,False,False,北,出遊(吉),,,False,申酉,開
2029-02-28,己,酉,丙,寅,己,丑,閉,己丑,十方暮,南,午未申酉,灶,False,False,True,False,,True,False,False,北,出遊(吉),,,False,申酉,閉
2029-03-01,己,酉,丙,寅,庚,寅,建,庚寅,十方暮,南,午未申酉,灶,False,True,False,False,,True,False,False,北,出遊(吉),,上吉,False,申酉,建
2029-03-02,己,酉,丙,寅,辛,卯,除,辛卯,十方暮,南,午未申酉,灶,False,False,False,False,,True,False,False,北,出遊(吉),,,False,申酉,除
2029-03-03,己,酉,丙,寅,壬,辰,滿,壬辰,十方暮,南,午未申酉,灶,False,False,False,False,,True,False,True,北,出遊(吉),,,False,申酉,滿
2029-03-04,己,酉,丙,寅,癸,巳,平,癸巳,天一天上,南,午未申酉,灶,False,False,False,False,滅門,True,False,False,天一天上,北宮(凶),,下吉,True,申酉,平
2029-03-05,己,酉,丁,卯,甲,午,平,甲午,天一天上,南,午未申酉,灶,False,False,False,False,大禍,False,False,False,天一天上,北宮(凶),,,False,午未,平
2029-03-06,己,酉,丁,卯,乙,未,定,乙未,天一天上,南,午未申酉,灶,False,True,True,False,,False,False,True,天一天上,北宮(凶),,,False,午未,定
2029-03-07,己,酉,丁,卯,丙,申,執,丙申,天一天上,南,午未申酉,灶,False,False,False,False,,False,False,False,天一天上,北宮(凶),,,False,午未,執
2029-03-08,己,酉,丁,卯,丁,酉,破,丁酉,天一天上,南,午未申酉,灶,False,False,False,False,,False,False,False,天一天上,北宮(凶),,上吉,False,午未,破
2029-03-09,己,酉,丁,卯,戊,戌,危,戊戌,天一天上,南,午未申酉,灶,False,False,False,False,,False,False,False,天一天上,南宮(凶),,,False,午未,危
2029-03-10,己,酉,丁,卯,己,亥,成,己亥,天一天上,南,午未申酉,灶,False,False,False,False,,False,False,False,天一天上,南宮(凶),,,True,午未,成
2029-03-11,己,酉,丁,卯,庚,子,收,庚子,天一天上,南,午未申酉,灶,False,False,False,False,滅門,False,False,False,天一天上,南宮(凶),,中吉,False,午未,收
2029-03-12,己,酉,丁,卯,辛,丑,開,辛丑,天一天上,南,午未申酉,灶,False,True,False,False,,False,False,True,天一天上,南宮(凶),,下吉,False,午未,開
2029-03-13,己,酉,丁,卯,壬,寅,閉,壬寅,天一天上,南,午未申酉,灶,False,False,False,False,,False,False,False,天一天上,南宮(凶),,中吉,False,午未,閉
2029-03-14,己,酉,丁,卯,癸,卯,建,癸卯,天一天上,南,午未申酉,灶,False,False,False,True,狼藉,False,False,False,天一天上,西宮(凶),,下吉,False,午未,建
2029-03-15,己,酉,丁,卯,甲,辰,除,甲辰,天一天上,南,午未申酉,灶,False,False,False,False,,False,False,False,天一天上,東宮(凶),,中吉,False,辰巳,除
2029-03-16,己,酉,丁,卯,乙,巳,滿,乙巳,天一天上,南,午未申酉,灶,False,True,False,False,,False,False,False,天一天上,東宮(凶),,,True,辰巳,滿
2029-03-17,己,酉,丁,卯,丙,午,平,丙午,天一天上,南,午未申酉,灶,False,False,False,False,大禍,False,False,False,天一天上,東宮(凶),,下吉,False,辰巳,平
2029-03-18,己,酉,丁,卯,丁,未,定,丁未,天一天上,南,午未申酉,灶,False,False,True,False,,False,False,False,天一天上,東宮(凶),,下吉,False,辰巳,定
2029-03-19,己,酉,丁,卯,戊,申,執,戊申,天一天上,南,午未申酉,灶,False,False,False,False,,False,False,False,天一天上,東宮(凶),小土(凶),下吉,False,辰巳,執
2029-03-20,己,酉,丁,卯,己,酉,破,己酉,,南,午未申酉,灶,False,False,False,False,,False,False,False,東北,出遊(吉),小土(凶),上吉,False,辰巳,破
2029-03-21,己,酉,丁,卯,庚,戌,危,庚戌,,南,午未申酉,灶,False,False,False,False,,False,False,False,東北,出遊(吉),小土(凶),,False,辰巳,危
2029-03-22,己,酉,丁,卯,辛,亥,成,辛亥,,南,午未申酉,灶,False,True,False,False,,False,False,False,東北,出遊(吉),小土(凶),下吉,True,辰巳,成
2029-03-23,己,酉,丁,卯,壬,子,收,壬子,八專,南,午未申酉,灶,False,False,False,False,滅門,False,True,False,東北,出遊(吉),小土(凶),,False,辰巳,收
2029-03-24,己,酉,丁,卯,癸,丑,開,癸丑,八專,南,午未申酉,灶,False,False,False,False,,False,False,False,東北,出遊(吉),小土(凶),下吉,False,辰巳,開
2029-03-25,己,酉,丁,卯,甲,寅,閉,甲寅,八專,南,午未申酉,灶,False,False,False,False,,False,True,False,東北,出遊(吉),小土(凶),下吉,False,寅卯,閉
2029-03-26,己,酉,丁,卯,乙,卯,建,乙卯,八專,南,午未申酉,灶,False,True,False,True,狼藉,False,True,False,東,出遊(吉),,下吉,False,寅卯,建
2029-03-27,己,酉,丁,卯,丙,辰,除,丙辰,八專,南,午未申酉,灶,False,False,False,False,,False,False,False,東,出遊(吉),,,False,寅卯,除
2029-03-28,己,酉,丁,卯,丁,巳,滿,丁巳,八專,南,午未申酉,灶,False,False,False,False,,False,True,False,東,出遊(吉),,下吉,True,寅卯,滿
2029-03-29,己,酉,丁,卯,戊,午,平,戊午,八專,南,午未申酉,灶,False,False,False,False,大禍,False,True,False,東,出遊(吉),,,False,寅卯,平
2029-03-30,己,酉,丁,卯,己,未,定,己未,八專,南,午未申酉,灶,False,False,True,False,,False,False,False,東,出遊(吉),,下吉,False,寅卯,定
2029-03-31,己,酉,丁,卯,庚,申,執,庚申,八專,南,午未申酉,灶,False,False,False,False,,False,True,False,東南,出遊(吉),,,False,寅卯,執
2029-04-01,己,酉,丁,卯,辛,酉,破,辛酉,八專,南,午未申酉,灶,False,True,False,False,,False,True,False,東南,出遊(吉),,下吉,False,寅卯,破
2029-04-02,己,酉,丁,卯,壬,戌,危,壬戌,八專,南,午未申酉,灶,False,False,False,False,,False,False,False,東南,出遊(吉),,,False,寅卯,危
2029-04-03,己,酉,丁,卯,癸,亥,成,癸亥,八專,南,午未申酉,灶,False,False,False,False,,False,True,False,東南,出遊(吉),,,True,寅卯,成
2029-04-04,己,酉,戊,辰,甲,子,成,甲子,,南,午未申酉,灶,False,False,False,False,,False,False,False,東南,出遊(吉),,,False,子丑,成
2029-04-05,己,酉,戊,辰,乙,丑,收,乙丑,,南,午未申酉,灶,False,False,False,False,大禍,False,False,False,東南,出遊(吉),,,False,子丑,收
2029-04-06,己,酉,戊,辰,丙,寅,開,丙寅,,南,午未申酉,灶,False,False,True,False,,False,False,False,南,出遊(吉),,下吉,False,子丑,開
2029-04-07,己,酉,戊,辰,丁,卯,閉,丁卯,,南,午未申酉,灶,False,False,False,False,,False,False,False,南,出遊(吉),,下吉,False,子丑,閉
2029-04-08,己,酉,戊,辰,戊,辰,建,戊辰,,南,午未申酉,灶,False,True,False,False,,False,False,True,南,出遊(吉),,,False,子丑,建
2029-04-09,己,酉,戊,辰,己,巳,除,己巳,,南,午未申酉,灶,False,True,False,False,,False,False,False,南,出遊(吉),,,True,子丑,除
2029-04-10,己,酉,戊,辰,庚,午,滿,庚午,,南,午未申酉,灶,False,False,False,True,狼藉,False,False,False,南,出遊(吉),大土(凶),下吉,False,子丑,滿
2029-04-11,己,酉,戊,辰,辛,未,平,辛未,,南,午未申酉,灶,False,False,False,False,滅門,False,False,False,西南,出遊(吉),大土(凶),中吉,False,子丑,平
2029-04-12,己,酉,戊,辰,壬,申,定,壬申,,南,午未申酉,灶,False,False,False,False,,False,False,False,西南,出遊(吉),大土(凶),,False,子丑,定
2029-04-13,己,酉,戊,辰,癸,酉,執,癸酉,,南,午未申酉,灶,False,False,False,False,,False,False,False,西南,出遊(吉),大土(凶),中吉,False,子丑,執
2029-04-14,己,酉,戊,辰,甲,戌,破,甲戌,,南,午未申酉,灶,False,False,False,False,,False,False,False,西南,出遊(吉),大土(凶),,False,戌亥,破
2029-04-15,己,酉,戊,辰,乙,亥,危,乙亥,,南,午未申酉,灶,False,False,False,False,,False,False,False,西南,出遊(吉),大土(凶),,True,戌亥,危
2029-04-16,己,酉,戊,辰,丙,子,成,丙子,,南,午未申酉,灶,False,False,False,False,,False,False,False,西南,出遊(吉),大土(凶),,False,戌亥,成
2029-04-17,己,酉,戊,辰,丁,丑,收,丁丑,,南,午未申酉,灶,False,False,False,False,大禍,False,False,False,西,出遊(吉),,下吉,False,戌亥,收
2029-04-18,己,酉,戊,辰,戊,寅,開,戊寅,,南,午未申酉,灶,True,True,True,False,,False,False,False,西,出遊(吉),,下吉,False,戌亥,開
2029-04-19,己,酉,戊,辰,己,卯,閉,己卯,,南,午未申酉,灶,False,True,False,False,,False,False,False,西,出遊(吉),,,False,戌亥,閉
2029-04-20,己,酉,戊,辰,庚,辰,建,庚辰,,南,午未申酉,灶,False,False,False,False,,False,False,False,西,出遊(吉),,下吉,False,戌亥,建
2029-04-21,己,酉,戊,辰,辛,巳,除,辛巳,,南,午未申酉,灶,False,False,False,False,,False,False,False,西,出遊(吉),,下吉,True,戌亥,除
2029-04-22,己,酉,戊,辰,壬,午,滿,壬午,,南,午未申酉,灶,False,False,False,True,狼藉,False,False,False,西北,出遊(吉),,上吉,False,戌亥,滿
2029-04-23,己,酉,戊,辰,癸,未,平,癸未,,南,午未申酉,灶,False,False,False,False,滅門,False,False,False,西北,出遊(吉),,下吉,False,戌亥,平
2029-04-24,己,酉,戊,辰,甲,申,定,甲申,十方暮,南,午未申酉,灶,False,False,False,False,,True,False,False,西北,出遊(吉),,上吉,False,申酉,定
2029-04-25,己,酉,戊,辰,乙,酉,執,乙酉,十方暮,南,午未申酉,灶,False,False,False,False,,True,False,False,西北,出遊(吉),,下吉,False,申酉,執
2029-04-26,己,酉,戊,辰,丙,戌,破,丙戌,十方暮,南,午未申酉,灶,False,False,False,False,,True,False,True,西北,出遊(吉),,,False,申酉,破
2029-04-27,己,酉,戊,辰,丁,亥,危,丁亥,十方暮,南,午未申酉,灶,False,False,False,False,,True,False,False,西北,出遊(吉),,,True,申酉,危
2029-04-28,己,酉,戊,辰,戊,子,成,戊子,十方暮,南,午未申酉,灶,False,True,False,False,,True,False,False,北,出遊(吉),,,False,申酉,成
2029-04-29,己,酉,戊,辰,己,丑,收,己丑,十方暮,南,午未申酉,灶,False,True,False,False,大禍,True,False,False,北,出遊(吉),,,False,申酉,收
2029-04-30,己,酉,戊,辰,庚,寅,開,庚寅,十方暮,南,午未申酉,灶,False,False,True,False,,True,False,False,北,出遊(吉),,上吉,False,申酉,開
2029-05-01,己,酉,戊,辰,辛,卯,閉,辛卯,十方暮,南,午未申酉,灶,False,False,False,False,,True,False,False,北,出遊(吉),,,False,申酉,閉
2029-05-02,己,酉,戊,辰,壬,辰,建,壬辰,十方暮,南,午未申酉,灶,False,False,False,False,,True,False,True,北,出遊(吉),,,False,申酉,建
2029-05-03,己,酉,戊,辰,癸,巳,除,癸巳,天一天上,南,午未申酉,灶,False,False,False,False,,True,False,False,天一天上,北宮(凶),,下吉,True,申酉,除
2029-05-04,己,酉,戊,辰,甲,午,滿,甲午,天一天上,南,午未申酉,灶,False,False,False,True,狼藉,False,False,False,天一天上,北宮(凶),,,False,午未,滿
2029-05-05,己,酉,己,巳,乙,未,滿,乙未,天一天上,南,午未申酉,門,False,False,False,False,,False,False,True,天一天上,北宮(凶),,,False,午未,滿
2029-05-06,己,酉,己,巳,丙,申,平,丙申,天一天上,南,午未申酉,門,False,True,True,False,大禍,False,False,False,天一天上,北宮(凶),,,False,午未,平
2029-05-07,己,酉,己,巳,丁,酉,定,丁酉,天一天上,南,午未申酉,門,False,False,False,True,,False,False,False,天一天上,北宮(凶),,上吉,False,午未,定
2029-05-08,己,酉,己,巳,戊,戌,執,戊戌,天一天上,南,午未申酉,門,False,False,False,False,,False,False,False,天一天上,南宮(凶),,,False,午未,執
2029-05-09,己,酉,己,巳,己,亥,破,己亥,天一天上,南,午未申酉,門,False,False,False,False,,False,False,False,天一天上,南宮(凶),,,True,午未,破
2029-05-10,己,酉,己,巳,庚,子,危,庚子,天一天上,南,午未申酉,門,False,False,False,False,,False,False,False,天一天上,南宮(凶),,中吉,False,午未,危
2029-05-11,己,酉,己,巳,辛,丑,成,辛丑,天一天上,南,午未申酉,門,False,False,False,False,,False,False,True,天一天上,南宮(凶),,下吉,False,午未,成
2029-05-12,己,酉,己,巳,壬,寅,收,壬寅,天一天上,南,午未申酉,門,False,True,False,False,滅門,False,False,False,天一天上,南宮(凶),,中吉,False,午未,收
2029-05-13,己,酉,己,巳,癸,卯,開,癸卯,天一天上,南,午未申酉,門,False,False,False,False,,False,False,False,天一天上,西宮(凶),,下吉,False,午未,開
2029-05-14,己,酉,己,巳,甲,辰,閉,甲辰,天一天上,南,午未申酉,門,False,False,False,False,,False,False,False,天一天上,東宮(凶),,中吉,False,辰巳,閉
2029-05-15,己,酉,己,巳,乙,巳,建,乙巳,天一天上,南,午未申酉,門,False,False,False,False,,False,False,False,天一天上,東宮(凶),,,True,辰巳,建
2029-05-16,己,酉,己,巳,丙,午,除,丙午,天一天上,南,午未申酉,門,False,True,False,False,狼藉,False,False,False,天一天上,東宮(凶),,下吉,False,辰巳,除
2029-05-17,己,酉,己,巳,丁,未,滿,丁未,天一天上,南,午未申酉,門,False,False,False,False,,False,False,False,天一天上,東宮(凶),,下吉,False,辰巳,滿
2029-05-18,己,酉,己,巳,戊,申,平,戊申,天一天上,南,午未申酉,門,False,False,True,False,大禍,False,False,False,天一天上,東宮(凶),小土(凶),下吉,False,辰巳,平
2029-05-19,己,酉,己,巳,己,酉,定,己酉,,南,午未申酉,門,False,False,False,True,,False,False,False,東北,出遊(吉),小土(凶),上吉,False,辰巳,定
2029-05-20,己,酉,己,巳,庚,戌,執,庚戌,,南,午未申酉,門,False,False,False,False,,False,False,False,東北,出遊(吉),小土(凶),,False,辰巳,執
2029-05-21,己,酉,己,巳,辛,亥,破,辛亥,,南,午未申酉,門,False,False,False,False,,False,False,False,東北,出遊(吉),小土(凶),下吉,True,辰巳,破
2029-05-22,己,酉,己,巳,壬,子,危,壬子,八專,南,午未申酉,門,False,True,False,False,,False,True,False,東北,出遊(吉),小土(凶),,False,辰巳,危
2029-05-23,己,酉,己,巳,癸,丑,成,癸丑,八專,南,午未申酉,門,False,False,False,False,,False,False,False,東北,出遊(吉),小土(凶),下吉,False,辰巳,成
2029-05-24,己,酉,己,巳,甲,寅,收,甲寅,八專,南,午未申酉,門,False,False,False,False,滅門,False,True,False,東北,出遊(吉),小土(凶),下吉,False,寅卯,收
2029-05-25,己,酉,己,巳,乙,卯,開,乙卯,八專,南,午未申酉,門,False,False,False,False,,False,True,False,東,出遊(吉),,下吉,False,寅卯,開
2029-05-26,己,酉,己,巳,丙,辰,閉,丙辰,八專,南,午未申酉,門,False,True,False,False,,False,False,False,東,出遊(吉),,,False,寅卯,閉
2029-05-27,己,酉,己,巳,丁,巳,建,丁巳,八專,南,午未申酉,門,False,False,False,False,,False,True,False,東,出遊(吉),,下吉,True,寅卯,建
2029-05-28,己,酉,己,巳,戊,午,除,戊午,八專,南,午未申酉,門,False,False,False,False,狼藉,False,True,False,東,出遊(吉),,,False,寅卯,除
2029-05-29,己,酉,己,巳,己,未,滿,己未,八專,南,午未申酉,門,False,False,False,False,,False,False,False,東,出遊(吉),,下吉,False,寅卯,滿
2029-05-30,己,酉,己,巳,庚,申,平,庚申,八專,南,午未申酉,門,False,False,True,False,大禍,False,True,False,東南,出遊(吉),,,False,寅卯,平
2029-05-31,己,酉,己,巳,辛,酉,定,辛酉,八專,南,午未申酉,門,False,False,False,True,,False,True,False,東南,出遊(吉),,下吉,False,寅卯,定
2029-06-01,己,酉,己,巳,壬,戌,執,壬戌,八專,南,午未申酉,門,False,True,False,False,,False,False,False,東南,出遊(吉),,,False,寅卯,執
2029-06-02,己,酉,己,巳,癸,亥,破,癸亥,八專,南,午未申酉,門,False,False,False,False,,False,True,False,東南,出遊(吉),,,True,寅卯,破
2029-06-03,己,酉,己,巳,甲,子,危,甲子,,南,午未申酉,門,False,False,False,False,,False,False,False,東南,出遊(吉),,,False,子丑,危
2029-06-04,己,酉,己,巳,乙,丑,成,乙丑,,南,午未申酉,門,False,False,False,False,,False,False,False,東南,出遊(吉),,,False,子丑,成
2029-06-05,己,酉,庚,午,丙,寅,成,丙寅,,南,午未申酉,門,False,False,False,False,,False,False,False,南,出遊(吉),,下吉,False,子丑,成
2029-06-06,己,酉,庚,午,丁,卯,收,丁卯,,南,午未申酉,門,False,True,True,False,大禍,False,False,False,南,出遊(吉),,下吉,False,子丑,收
2029-06-07,己,酉,庚,午,戊,辰,開,戊辰,,南,午未申酉,門,False,False,False,False,,False,False,True,南,出遊(吉),,,False,子丑,開
2029-06-08,己,酉,庚,午,己,巳,閉,己巳,,南,午未申酉,門,False,False,False,False,,False,False,False,南,出遊(吉),,,True,子丑,閉
2029-06-09,己,酉,庚,午,庚,午,建,庚午,,南,午未申酉,門,False,False,False,False,,False,False,False,南,出遊(吉),大土(凶),下吉,False,子丑,建
2029-06-10,己,酉,庚,午,辛,未,除,辛未,,南,午未申酉,門,False,False,False,False,,False,False,False,西南,出遊(吉),大土(凶),中吉,False,子丑,除
2029-06-11,己,酉,庚,午,壬,申,滿,壬申,,南,午未申酉,門,False,False,False,False,,False,False,False,西南,出遊(吉),大土(凶),,False,子丑,滿
2029-06-12,己,酉,庚,午,癸,酉,平,癸酉,,南,午未申酉,門,False,True,False,False,滅門,False,False,False,西南,出遊(吉),大土(凶),中吉,False,子丑,平
2029-06-13,己,酉,庚,午,甲,戌,定,甲戌,,南,午未申酉,門,False,False,False,False,,False,False,False,西南,出遊(吉),大土(凶),,False,戌亥,定
2029-06-14,己,酉,庚,午,乙,亥,執,乙亥,,南,午未申酉,門,False,False,False,False,,False,False,False,西南,出遊(吉),大土(凶),,True,戌亥,執
2029-06-15,己,酉,庚,午,丙,子,破,丙子,,南,午未申酉,門,False,False,False,True,狼藉,False,False,False,西南,出遊(吉),大土(凶),,False,戌亥,破
2029-06-16,己,酉,庚,午,丁,丑,危,丁丑,,南,午未申酉,門,False,True,False,False,,False,False,False,西,出遊(吉),,下吉,False,戌亥,危
2029-06-17,己,酉,庚,午,戊,寅,成,戊寅,,南,午未申酉,門,False,False,False,False,,False,False,False,西,出遊(吉),,下吉,False,戌亥,成
2029-06-18,己,酉,庚,午,己,卯,收,己卯,,南,午未申酉,門,False,False,True,False,大禍,False,False,False,西,出遊(吉),,,False,戌亥,收
2029-06-19,己,酉,庚,午,庚,辰,開,庚辰,,南,午未申酉,門,False,False,False,False,,False,False,False,西,出遊(吉),,下吉,False,戌亥,開
2029-06-20,己,酉,庚,午,辛,巳,閉,辛巳,,南,午未申酉,門,False,False,False,False,,False,False,False,西,出遊(吉),,下吉,True,戌亥,閉
2029-06-21,己,酉,庚,午,壬,午,建,壬午,,南,午未申酉,門,False,False,False,False,,False,False,False,西北,出遊(吉),,上吉,False,戌亥,建
2029-06-22,己,酉,庚,午,癸,未,除,癸未,,南,午未申酉,門,False,True,False,False,,False,False,False,西北,出遊(吉),,下吉,False,戌亥,除
2029-06-23,己,酉,庚,午,甲,申,滿,甲申,十方暮,南,午未申酉,門,False,False,False,False,,True,False,False,西北,出遊(吉),,上吉,False,申酉,滿
2029-06-24,己,酉,庚,午,乙,酉,平,乙酉,十方暮,南,午未申酉,門,False,False,False,False,滅門,True,False,False,西北,出遊(吉),,下吉,False,申酉,平
2029-06-25,己,酉,庚,午,丙,戌,定,丙戌,十方暮,南,午未申酉,門,False,False,False,False,,True,False,True,西北,出遊(吉),,,False,申酉,定
2029-06-26,己,酉,庚,午,丁,亥,執,丁亥,十方暮,南,午未申酉,門,False,True,False,False,,True,False,False,西北,出遊(吉),,,True,申酉,執
2029-06-27,己,酉,庚,午,戊,子,破,戊子,十方暮,南,午未申酉,門,False,False,False,True,狼藉,True,False,False,北,出遊(吉),,,False,申酉,破
2029-06-28,己,酉,庚,午,己,丑,危,己丑,十方暮,南,午未申酉,門,False,False,False,False,,True,False,False,北,出遊(吉),,,False,申酉,危
2029-06-29,己,酉,庚,午,庚,寅,成,庚寅,十方暮,南,午未申酉,門,False,False,False,False,,True,False,False,北,出遊(吉),,上吉,False,申酉,成
2029-06-30,己,酉,庚,午,辛,卯,收,辛卯,十方暮,南,午未申酉,門,False,False,True,False,大禍,True,False,False,北,出遊(吉),,,False,申酉,收
2029-07-01,己,酉,庚,午,壬,辰,開,壬辰,十方暮,南,午未申酉,門,False,False,False,False,,True,False,True,北,出遊(吉),,,False,申酉,開
2029-07-02,己,酉,庚,午,癸,巳,閉,癸巳,天一天上,南,午未申酉,門,False,True,False,False,,True,False,False,天一天上,北宮(凶),,下吉,True,申酉,閉
2029-07-03,己,酉,庚,午,甲,午,建,甲午,天一天上,南,午未申酉,門,True,False,False,False,,False,False,False,天一天上,北宮(凶),,,False,午未,建
2029-07-04,己,酉,庚,午,乙,未,除,乙未,天一天上,南,午未申酉,門,False,False,False,False,,False,False,True,天一天上,北宮(凶),,,False,午未,除
2029-07-05,己,酉,庚,午,丙,申,滿,丙申,天一天上,南,午未申酉,門,False,False,False,False,,False,False,False,天一天上,北宮(凶),,,False,午未,滿
2029-07-06,己,酉,庚,午,丁,酉,平,丁酉,天一天上,南,午未申酉,門,False,True,False,False,滅門,False,False,False,天一天上,北宮(凶),,上吉,False,午未,平
2029-07-07,己,酉,辛,未,戊,戌,平,戊戌,天一天上,南,午未申酉,門,False,True,False,False,大禍,False,False,False,天一天上,南宮(凶),,,False,午未,平
2029-07-08,己,酉,辛,未,己,亥,定,己亥,天一天上,南,午未申酉,門,False,True,False,False,,False,False,False,天一天上,南宮(凶),,,True,午未,定
2029-07-09,己,酉,辛,未,庚,子,執,庚子,天一天上,南,午未申酉,門,False,False,False,False,,False,False,False,天一天上,南宮(凶),,中吉,False,午未,執
2029-07-10,己,酉,辛,未,辛,丑,破,辛丑,天一天上,南,午未申酉,門,False,False,False,False,,False,False,True,天一天上,南宮(凶),,下吉,False,午未,破
2029-07-11,己,酉,辛,未,壬,寅,危,壬寅,天一天上,南,午未申酉,門,False,False,False,False,,False,False,False,天一天上,南宮(凶),,中吉,False,午未,危
2029-07-12,己,酉,辛,未,癸,卯,成,癸卯,天一天上,南,午未申酉,門,False,False,False,True,狼藉,False,False,False,天一天上,西宮(凶),,下吉,False,午未,成
2029-07-13,己,酉,辛,未,甲,辰,收,甲辰,天一天上,南,午未申酉,門,False,False,False,False,滅門,False,False,False,天一天上,東宮(凶),,中吉,False,辰巳,收
2029-07-14,己,酉,辛,未,乙,巳,開,乙巳,天一天上,南,午未申酉,門,False,False,False,False,,False,False,False,天一天上,東宮(凶),,,True,辰巳,開
2029-07-15,己,酉,辛,未,丙,午,閉,丙午,天一天上,南,午未申酉,門,False,False,False,False,,False,False,False,天一天上,東宮(凶),,下吉,False,辰巳,閉
2029-07-16,己,酉,辛,未,丁,未,建,丁未,天一天上,南,午未申酉,門,False,False,False,False,,False,False,False,天一天上,東宮(凶),,下吉,False,辰巳,建
2029-07-17,己,酉,辛,未,戊,申,除,戊申,天一天上,南,午未申酉,門,False,True,False,False,,False,False,False,天一天上,東宮(凶),小土(凶),下吉,False,辰巳,除
2029-07-18,己,酉,辛,未,己,酉,滿,己酉,,南,午未申酉,門,False,True,True,False,,False,False,False,東北,出遊(吉),小土(凶),上吉,False,辰巳,滿
2029-07-19,己,酉,辛,未,庚,戌,平,庚戌,,南,午未申酉,門,False,False,False,False,大禍,False,False,False,東北,出遊(吉),小土(凶),,False,辰巳,平
2029-07-20,己,酉,辛,未,辛,亥,定,辛亥,,南,午未申酉,門,False,False,False,False,,False,False,False,東北,出遊(吉),小土(凶),下吉,True,辰巳,定
2029-07-21,己,酉,辛,未,壬,子,執,壬子,八專,南,午未申酉,門,False,False,False,False,,False,True,False,東北,出遊(吉),小土(凶),,False,辰巳,執
2029-07-22,己,酉,辛,未,癸,丑,破,癸丑,八專,南,午未申酉,門,False,False,False,False,,False,False,False,東北,出遊(吉),小土(凶),下吉,False,辰巳,破
2029-07-23,己,酉,辛,未,甲,寅,危,甲寅,八專,南,午未申酉,門,False,False,False,False,,False,True,False,東北,出遊(吉),小土(凶),下吉,False,寅卯,危
2029-07-24,己,酉,辛,未,乙,卯,成,乙卯,八專,南,午未申酉,門,False,False,False,True,狼藉,False,True,False,東,出遊(吉),,下吉,False,寅卯,成
2029-07-25,己,酉,辛,未,丙,辰,收,丙辰,八專,南,午未申酉,門,False,False,False,False,滅門,False,False,False,東,出遊(吉),,,False,寅卯,收
2029-07-26,己,酉,辛,未,丁,巳,開,丁巳,八專,南,午未申酉,門,False,False,False,False,,False,True,False,東,出遊(吉),,下吉,True,寅卯,開
2029-07-27,己,酉,辛,未,戊,午,閉,戊午,八專,南,午未申酉,門,False,True,False,False,,False,True,False,東,出遊(吉),,,False,寅卯,閉
2029-07-28,己,酉,辛,未,己,未,建,己未,八專,南,午未申酉,門,False,True,False,False,,False,False,False,東,出遊(吉),,下吉,False,寅卯,建
2029-07-29,己,酉,辛,未,庚,申,除,庚申,八專,南,午未申酉,門,False,False,False,False,,False,True,False,東南,出遊(吉),,,False,寅卯,除
2029-07-30,己,酉,辛,未,辛,酉,滿,辛酉,八專,南,午未申酉,門,False,False,True,False,,False,True,False,東南,出遊(吉),,下吉,False,寅卯,滿
2029-07-31,己,酉,辛,未,壬,戌,平,壬戌,八專,南,午未申酉,門,False,False,False,False,大禍,False,False,False,東南,出遊(吉),,,False,寅卯,平
2029-08-01,己,酉,辛,未,癸,亥,定,癸亥,八專,南,午未申酉,門,False,False,False,False,,False,True,False,東南,出遊(吉),,,True,寅卯,定
2029-08-02,己,酉,辛,未,甲,子,執,甲子,,南,午未申酉,門,False,False,False,False,,False,False,False,東南,出遊(吉),,,False,子丑,執
2029-08-03,己,酉,辛,未,乙,丑,破,乙丑,,南,午未申酉,門,False,False,False,False,,False,False,False,東南,出遊(吉),,,False,子丑,破
2029-08-04,己,酉,辛,未,丙,寅,危,丙寅,,南,午未申酉,門,False,False,False,False,,False,False,False,南,出遊(吉),,下吉,False,子丑,危
2029-08-05,己,酉,辛,未,丁,卯,成,丁卯,,南,午未申酉,門,False,False,False,True,狼藉,False,False,False,南,出遊(吉),,下吉,False,子丑,成
2029-08-06,己,酉,辛,未,戊,辰,收,戊辰,,南,午未申酉,門,False,True,False,False,滅門,False,False,True,南,出遊(吉),,,False,子丑,收
2029-08-07,己,酉,壬,申,己,巳,收,己巳,,南,午未申酉,井,False,False,False,False,大禍,False,False,False,南,出遊(吉),,,True,子丑,收
2029-08-08,己,酉,壬,申,庚,午,開,庚午,,南,午未申酉,井,False,True,False,True,,False,False,False,南,出遊(吉),大土(凶),下吉,False,子丑,開
2029-08-09,己,酉,壬,申,辛,未,閉,辛未,,南,午未申酉,井,False,False,False,False,,False,False,False,西南,出遊(吉),大土(凶),中吉,False,子丑,閉
2029-08-10,己,酉,壬,申,壬,申,建,壬申,,南,午未申酉,井,False,False,False,False,,False,False,False,西南,出遊(吉),大土(凶),,False,子丑,建
2029-08-11,己,酉,壬,申,癸,酉,除,癸酉,,南,午未申酉,井,False,False,False,False,狼藉,False,False,False,西南,出遊(吉),大土(凶),中吉,False,子丑,除
2029-08-12,己,酉,壬,申,甲,戌,滿,甲戌,,南,午未申酉,井,False,True,False,False,,False,False,False,西南,出遊(吉),大土(凶),,False,戌亥,滿
2029-08-13,己,酉,壬,申,乙,亥,平,乙亥,,南,午未申酉,井,False,False,False,False,滅門,False,False,False,西南,出遊(吉),大土(凶),,True,戌亥,平
2029-08-14,己,酉,壬,申,丙,子,定,丙子,,南,午未申酉,井,False,False,False,False,,False,False,False,西南,出遊(吉),大土(凶),,False,戌亥,定
2029-08-15,己,酉,壬,申,丁,丑,執,丁丑,,南,午未申酉,井,False,False,False,False,,False,False,False,西,出遊(吉),,下吉,False,戌亥,執
2029-08-16,己,酉,壬,申,戊,寅,破,戊寅,,南,午未申酉,井,False,False,False,False,,False,False,False,西,出遊(吉),,下吉,False,戌亥,破
2029-08-17,己,酉,壬,申,己,卯,危,己卯,,南,午未申酉,井,False,False,False,False,,False,False,False,西,出遊(吉),,,False,戌亥,危
2029-08-18,己,酉,壬,申,庚,辰,成,庚辰,,南,午未申酉,井,False,True,True,False,,False,False,False,西,出遊(吉),,下吉,False,戌亥,成
2029-08-19,己,酉,壬,申,辛,巳,收,辛巳,,南,午未申酉,井,False,False,False,False,大禍,False,False,False,西,出遊(吉),,下吉,True,戌亥,收
2029-08-20,己,酉,壬,申,壬,午,開,壬午,,南,午未申酉,井,False,False,False,True,,False,False,False,西北,出遊(吉),,上吉,False,戌亥,開
2029-08-21,己,酉,壬,申,癸,未,閉,癸未,,南,午未申酉,井,False,False,False,False,,False,False,False,西北,出遊(吉),,下吉,False,戌亥,閉
2029-08-22,己,酉,壬,申,甲,申,建,甲申,十方暮,南,午未申酉,井,False,True,False,False,,True,False,False,西北,出遊(吉),,上吉,False,申酉,建
2029-08-23,己,酉,壬,申,乙,酉,除,乙酉,十方暮,南,午未申酉,井,False,False,False,False,狼藉,True,False,False,西北,出遊(吉),,下吉,False,申酉,除
2029-08-24,己,酉,壬,申,丙,戌,滿,丙戌,十方暮,南,午未申酉,井,False,False,False,False,,True,False,True,西北,出遊(吉),,,False,申酉,滿
2029-08-25,己,酉,壬,申,丁,亥,平,丁亥,十方暮,南,午未申酉,井,False,False,False,False,滅門,True,False,False,西北,出遊(吉),,,True,申酉,平
2029-08-26,己,酉,壬,申,戊,子,定,戊子,十方暮,南,午未申酉,井,False,False,False,False,,True,False,False,北,出遊(吉),,,False,申酉,定
2029-08-27,己,酉,壬,申,己,丑,執,己丑,十方暮,南,午未申酉,井,False,False,False,False,,True,False,False,北,出遊(吉),,,False,申酉,執
2029-08-28,己,酉,壬,申,庚,寅,破,庚寅,十方暮,南,午未申酉,井,False,True,False,False,,True,False,False,北,出遊(吉),,上吉,False,申酉,破
2029-08-29,己,酉,壬,申,辛,卯,危,辛卯,十方暮,南,午未申酉,井,False,False,False,False,,True,False,False,北,出遊(吉),,,False,申酉,危
2029-08-30,己,酉,壬,申,壬,辰,成,壬辰,十方暮,南,午未申酉,井,False,False,True,False,,True,False,True,北,出遊(吉),,,False,申酉,成
2029-08-31,己,酉,壬,申,癸,巳,收,癸巳,天一天上,南,午未申酉,井,False,False,False,False,大禍,True,False,False,天一天上,北宮(凶),,下吉,True,申酉,收
2029-09-01,己,酉,壬,申,甲,午,開,甲午,天一天上,南,午未申酉,井,False,True,False,True,,False,False,False,天一天上,北宮(凶),,,False,午未,開
2029-09-02,己,酉,壬,申,乙,未,閉,乙未,天一天上,南,午未申酉,井,False,False,False,False,,False,False,True,天一天上,北宮(凶),,,False,午未,閉
2029-09-03,己,酉,壬,申,丙,申,建,丙申,天一天上,南,午未申酉,井,False,False,False,False,,False,False,False,天一天上,北宮(凶),,,False,午未,建
2029-09-04,己,酉,壬,申,丁,酉,除,丁酉,天一天上,南,午未申酉,井,False,False,False,False,狼藉,False,False,False,天一天上,北宮(凶),,上吉,False,午未,除
2029-09-05,己,酉,壬,申,戊,戌,滿,戊戌,天一天上,南,午未申酉,井,False,False,False,False,,False,False,False,天一天上,南宮(凶),,,False,午未,滿
2029-09-06,己,酉,壬,申,己,亥,平,己亥,天一天上,南,午未申酉,井,False,False,False,False,滅門,False,False,False,天一天上,南宮(凶),,,True,午未,平
2029-09-07,己,酉,癸,酉,庚,子,平,庚子,天一天上,南,午未申酉,井,False,False,False,False,大禍,False,False,False,天一天上,南宮(凶),,中吉,False,午未,平
2029-09-08,己,酉,癸,酉,辛,丑,定,辛丑,天一天上,南,午未申酉,井,False,True,False,False,,False,False,True,天一天上,南宮(凶),,下吉,False,午未,定
2029-09-09,己,酉,癸,酉,壬,寅,執,壬寅,天一天上,南,午未申酉,井,False,False,False,False,,False,False,False,天一天上,南宮(凶),,中吉,False,午未,執
2029-09-10,己,酉,癸,酉,癸,卯,破,癸卯,天一天上,南,午未申酉,井,False,False,False,False,,False,False,False,天一天上,西宮(凶),,下吉,False,午未,破
2029-09-11,己,酉,癸,酉,甲,辰,危,甲辰,天一天上,南,午未申酉,井,False,False,False,False,,False,False,False,天一天上,東宮(凶),,中吉,False,辰巳,危
2029-09-12,己,酉,癸,酉,乙,巳,成,乙巳,天一天上,南,午未申酉,井,False,True,False,False,,False,False,False,天一天上,東宮(凶),,,True,辰巳,成
2029-09-13,己,酉,癸,酉,丙,午,收,丙午,天一天上,南,午未申酉,井,False,False,False,False,滅門,False,False,False,天一天上,東宮(凶),,下吉,False,辰巳,收
2029-09-14,己,酉,癸,酉,丁,未,開,丁未,天一天上,南,午未申酉,井,False,False,False,False,,False,False,False,天一天上,東宮(凶),,下吉,False,辰巳,開
2029-09-15,己,酉,癸,酉,戊,申,閉,戊申,天一天上,南,午未申酉,井,True,False,False,False,,False,False,False,天一天上,東宮(凶),小土(凶),下吉,False,辰巳,閉
2029-09-16,己,酉,癸,酉,己,酉,建,己酉,,南,午未申酉,井,False,False,False,True,狼藉,False,False,False,東北,出遊(吉),小土(凶),上吉,False,辰巳,建
2029-09-17,己,酉,癸,酉,庚,戌,除,庚戌,,南,午未申酉,井,False,False,True,False,,False,False,False,東北,出遊(吉),小土(凶),,False,辰巳,除
2029-09-18,己,酉,癸,酉,辛,亥,滿,辛亥,,南,午未申酉,井,False,True,False,False,,False,False,False,東北,出遊(吉),小土(凶),下吉,True,辰巳,滿
2029-09-19,己,酉,癸,酉,壬,子,平,壬子,八專,南,午未申酉,井,False,False,False,False,大禍,False,True,False,東北,出遊(吉),小土(凶),,False,辰巳,平
2029-09-20,己,酉,癸,酉,癸,丑,定,癸丑,八專,南,午未申酉,井,False,False,False,False,,False,False,False,東北,出遊(吉),小土(凶),下吉,False,辰巳,定
2029-09-21,己,酉,癸,酉,甲,寅,執,甲寅,八專,南,午未申酉,井,False,False,False,False,,False,True,False,東北,出遊(吉),小土(凶),下吉,False,寅卯,執
2029-09-22,己,酉,癸,酉,乙,卯,破,乙卯,八專,南,午未申酉,井,False,True,False,False,,False,True,False,東,出遊(吉),,下吉,False,寅卯,破
2029-09-23,己,酉,癸,酉,丙,辰,危,丙辰,八專,南,午未申酉,井,False,False,False,False,,False,False,False,東,出遊(吉),,,False,寅卯,危
2029-09-24,己,酉,癸,酉,丁,巳,成,丁巳,八專,南,午未申酉,井,False,False,False,False,,False,True,False,東,出遊(吉),,下吉,True,寅卯,成
2029-09-25,己,酉,癸,酉,戊,午,收,戊午,八專,南,午未申酉,井,False,False,False,False,滅門,False,True,False,東,出遊(吉),,,False,寅卯,收
2029-09-26,己,酉,癸,酉,己,未,開,己未,八專,南,午未申酉,井,False,False,False,False,,False,False,False,東,出遊(吉),,下吉,False,寅卯,開
2029-09-27,己,酉,癸,酉,庚,申,閉,庚申,八專,南,午未申酉,井,False,False,False,False,,False,True,False,東南,出遊(吉),,,False,寅卯,閉
2029-09-28,己,酉,癸,酉,辛,酉,建,辛酉,八專,南,午未申酉,井,False,True,False,True,狼藉,False,True,False,東南,出遊(吉),,下吉,False,寅卯,建
2029-09-29,己,酉,癸,酉,壬,戌,除,壬戌,八專,南,午未申酉,井,False,False,True,False,,False,False,False,東南,出遊(吉),,,False,寅卯,除
2029-09-30,己,酉,癸,酉,癸,亥,滿,癸亥,八專,南,午未申酉,井,False,False,False,False,,False,True,False,東南,出遊(吉),,,True,寅卯,滿
2029-10-01,己,酉,癸,酉,甲,子,平,甲子,,南,午未申酉,井,False,False,False,False,大禍,False,False,False,東南,出遊(吉),,,False,子丑,平
2029-10-02,己,酉,癸,酉,乙,丑,定,乙丑,,南,午未申酉,井,False,True,False,False,,False,False,False,東南,出遊(吉),,,False,子丑,定
2029-10-03,己,酉,癸,酉,丙,寅,執,丙寅,,南,午未申酉,井,False,False,False,False,,False,False,False,南,出遊(吉),,下吉,False,子丑,執
2029-10-04,己,酉,癸,酉,丁,卯,破,丁卯,,南,午未申酉,井,False,False,False,False,,False,False,False,南,出遊(吉),,下吉,False,子丑,破
2029-10-05,己,酉,癸,酉,戊,辰,危,戊辰,,南,午未申酉,井,False,False,False,False,,False,False,True,南,出遊(吉),,,False,子丑,危
2029-10-06,己,酉,癸,酉,己,巳,成,己巳,,南,午未申酉,井,False,False,False,False,,False,False,False,南,出遊(吉),,,True,子丑,成
2029-10-07,己,酉,癸,酉,庚,午,收,庚午,,南,午未申酉,井,False,False,False,False,滅門,False,False,False,南,出遊(吉),大土(凶),下吉,False,子丑,收
2029-10-08,己,酉,甲,戌,辛,未,收,辛未,,南,午未申酉,井,False,False,False,False,大禍,False,False,False,西南,出遊(吉),大土(凶),中吉,False,子丑,收
2029-10-09,己,酉,甲,戌,壬,申,開,壬申,,南,午未申酉,井,False,False,False,False,,False,False,False,西南,出遊(吉),大土(凶),,False,子丑,開
2029-10-10,己,酉,甲,戌,癸,酉,閉,癸酉,,南,午未申酉,井,False,False,False,False,,False,False,False,西南,出遊(吉),大土(凶),中吉,False,子丑,閉
2029-10-11,己,酉,甲,戌,甲,戌,建,甲戌,,南,午未申酉,井,False,False,False,False,,False,False,False,西南,出遊(吉),大土(凶),,False,戌亥,建
2029-10-12,己,酉,甲,戌,乙,亥,除,乙亥,,南,午未申酉,井,False,False,False,False,,False,False,False,西南,出遊(吉),大土(凶),,True,戌亥,除
2029-10-13,己,酉,甲,戌,丙,子,滿,丙子,,南,午未申酉,井,False,False,False,True,,False,False,False,西南,出遊(吉),大土(凶),,False,戌亥,滿
2029-10-14,己,酉,甲,戌,丁,丑,平,丁丑,,南,午未申酉,井,False,False,False,False,滅門,False,False,False,西,出遊(吉),,下吉,False,戌亥,平
2029-10-15,己,酉,甲,戌,戊,寅,定,戊寅,,南,午未申酉,井,False,True,False,False,,False,False,False,西,出遊(吉),,下吉,False,戌亥,定
2029-10-16,己,酉,甲,戌,己,卯,執,己卯,,南,午未申酉,井,False,True,False,False,狼藉,False,False,False,西,出遊(吉),,,False,戌亥,執
2029-10-17,己,酉,甲,戌,庚,辰,破,庚辰,,南,午未申酉,井,False,False,False,False,,False,False,False,西,出遊(吉),,下吉,False,戌亥,破
2029-10-18,己,酉,甲,戌,辛,巳,危,辛巳,,南,午未申酉,井,False,False,True,False,,False,False,False,西,出遊(吉),,下吉,True,戌亥,危
2029-10-19,己,酉,甲,戌,壬,午,成,壬午,,南,午未申酉,井,False,False,False,False,,False,False,False,西北,出遊(吉),,上吉,False,戌亥,成
2029-10-20,己,酉,甲,戌,癸,未,收,癸未,,南,午未申酉,井,False,False,False,False,大禍,False,False,False,西北,出遊(吉),,下吉,False,戌亥,收
2029-10-21,己,酉,甲,戌,甲,申,開,甲申,十方暮,南,午未申酉,井,False,False,False,False,,True,False,False,西北,出遊(吉),,上吉,False,申酉,開
2029-10-22,己,酉,甲,戌,乙,酉,閉,乙酉,十方暮,南,午未申酉,井,False,False,False,False,,True,False,False,西北,出遊(吉),,下吉,False,申酉,閉
2029-10-23,己,酉,甲,戌,丙,戌,建,丙戌,十方暮,南,午未申酉,井,False,False,False,False,,True,False,True,西北,出遊(吉),,,False,申酉,建
2029-10-24,己,酉,甲,戌,丁,亥,除,丁亥,十方暮,南,午未申酉,井,False,False,False,False,,True,False,False,西北,出遊(吉),,,True,申酉,除
2029-10-25,己,酉,甲,戌,戊,子,滿,戊子,十方暮,南,午未申酉,井,False,True,False,True,,True,False,False,北,出遊(吉),,,False,申酉,滿
2029-10-26,己,酉,甲,戌,己,丑,平,己丑,十方暮,南,午未申酉,井,False,True,False,False,滅門,True,False,False,北,出遊(吉),,,False,申酉,平
2029-10-27,己,酉,甲,戌,庚,寅,定,庚寅,十方暮,南,午未申酉,井,False,False,False,False,,True,False,False,北,出遊(吉),,上吉,False,申酉,定
2029-10-28,己,酉,甲,戌,辛,卯,執,辛卯,十方暮,南,午未申酉,井,False,False,False,False,狼藉,True,False,False,北,出遊(吉),,,False,申酉,執
2029-10-29,己,酉,甲,戌,壬,辰,破,壬辰,十方暮,南,午未申酉,井,False,False,False,False,,True,False,True,北,出遊(吉),,,False,申酉,破
2029-10-30,己,酉,甲,戌,癸,巳,危,癸巳,天一天上,南,午未申酉,井,False,False,True,False,,True,False,False,天一天上,北宮(凶),,下吉,True,申酉,危
2029-10-31,己,酉,甲,戌,甲,午,成,甲午,天一天上,南,午未申酉,井,False,False,False,False,,False,False,False,天一天上,北宮(凶),,,False,午未,成
2029-11-01,己,酉,甲,戌,乙,未,收,乙未,天一天上,南,午未申酉,井,False,False,False,False,大禍,False,False,True,天一天上,北宮(凶),,,False,午未,收
2029-11-02,己,酉,甲,戌,丙,申,開,丙申,天一天上,南,午未申酉,井,False,False,False,False,,False,False,False,天一天上,北宮(凶),,,False,午未,開
2029-11-03,己,酉,甲,戌,丁,酉,閉,丁酉,天一天上,南,午未申酉,井,False,False,False,False,,False,False,False,天一天上,北宮(凶),,上吉,False,午未,閉
2029-11-04,己,酉,甲,戌,戊,戌,建,戊戌,天一天上,南,午未申酉,井,False,True,False,False,,False,False,False,天一天上,南宮(凶),,,False,午未,建
2029-11-05,己,酉,甲,戌,己,亥,除,己亥,天一天上,南,午未申酉,井,False,True,False,False,,False,False,False,天一天上,南宮(凶),,,True,午未,除
2029-11-06,己,酉,甲,戌,庚,子,滿,庚子,天一天上,南,午未申酉,井,False,False,False,True,,False,False,False,天一天上,南宮(凶),,中吉,False,午未,滿
2029-11-07,己,酉,乙,亥,辛,丑,滿,辛丑,天一天上,南,午未申酉,庭,False,False,False,False,,False,False,True,天一天上,南宮(凶),,下吉,False,午未,滿
2029-11-08,己,酉,乙,亥,壬,寅,平,壬寅,天一天上,南,午未申酉,庭,False,True,False,False,大禍,False,False,False,天一天上,南宮(凶),,中吉,False,午未,平
2029-11-09,己,酉,乙,亥,癸,卯,定,癸卯,天一天上,南,午未申酉,庭,False,False,False,True,狼藉,False,False,False,天一天上,西宮(凶),,下吉,False,午未,定
2029-11-10,己,酉,乙,亥,甲,辰,執,甲辰,天一天上,南,午未申酉,庭,False,False,False,False,,False,False,False,天一天上,東宮(凶),,中吉,False,辰巳,執
2029-11-11,己,酉,乙,亥,乙,巳,破,乙巳,天一天上,南,午未申酉,庭,False,False,False,False,,False,False,False,天一天上,東宮(凶),,,True,辰巳,破
2029-11-12,己,酉,乙,亥,丙,午,危,丙午,天一天上,南,午未申酉,庭,False,True,False,False,,False,False,False,天一天上,東宮(凶),,下吉,False,辰巳,危
2029-11-13,己,酉,乙,亥,丁,未,成,丁未,天一天上,南,午未申酉,庭,False,False,False,False,,False,False,False,天一天上,東宮(凶),,下吉,False,辰巳,成
2029-11-14,己,酉,乙,亥,戊,申,收,戊申,天一天上,南,午未申酉,庭,False,False,False,False,滅門,False,False,False,天一天上,東宮(凶),小土(凶),下吉,False,辰巳,收
2029-11-15,己,酉,乙,亥,己,酉,開,己酉,,南,午未申酉,庭,False,False,False,False,,False,False,False,東北,出遊(吉),小土(凶),上吉,False,辰巳,開
2029-11-16,己,酉,乙,亥,庚,戌,閉,庚戌,,南,午未申酉,庭,False,False,False,False,,False,False,False,東北,出遊(吉),小土(凶),,False,辰巳,閉
2029-11-17,己,酉,乙,亥,辛,亥,建,辛亥,,南,午未申酉,庭,False,False,True,False,,False,False,False,東北,出遊(吉),小土(凶),下吉,True,辰巳,建
2029-11-18,己,酉,乙,亥,壬,子,除,壬子,八專,南,午未申酉,庭,False,True,False,False,,False,True,False,東北,出遊(吉),小土(凶),,False,辰巳,除
2029-11-19,己,酉,乙,亥,癸,丑,滿,癸丑,八專,南,午未申酉,庭,False,False,False,False,,False,False,False,東北,出遊(吉),小土(凶),下吉,False,辰巳,滿
2029-11-20,己,酉,乙,亥,甲,寅,平,甲寅,八專,南,午未申酉,庭,False,False,False,False,大禍,False,True,False,東北,出遊(吉),小土(凶),下吉,False,寅卯,平
2029-11-21,己,酉,乙,亥,乙,卯,定,乙卯,八專,南,午未申酉,庭,False,False,False,True,狼藉,False,True,False,東,出遊(吉),,下吉,False,寅卯,定
2029-11-22,己,酉,乙,亥,丙,辰,執,丙辰,八專,南,午未申酉,庭,False,True,False,False,,False,False,False,東,出遊(吉),,,False,寅卯,執
2029-11-23,己,酉,乙,亥,丁,巳,破,丁巳,八專,南,午未申酉,庭,False,False,False,False,,False,True,False,東,出遊(吉),,下吉,True,寅卯,破
2029-11-24,己,酉,乙,亥,戊,午,危,戊午,八專,南,午未申酉,庭,False,False,False,False,,False,True,False,東,出遊(吉),,,False,寅卯,危
2029-11-25,己,酉,乙,亥,己,未,成,己未,八專,南,午未申酉,庭,False,False,False,False,,False,False,False,東,出遊(吉),,下吉,False,寅卯,成
2029-11-26,己,酉,乙,亥,庚,申,收,庚申,八專,南,午未申酉,庭,False,False,False,False,滅門,False,True,False,東南,出遊(吉),,,False,寅卯,收
2029-11-27,己,酉,乙,亥,辛,酉,開,辛酉,八專,南,午未申酉,庭,False,False,False,False,,False,True,False,東南,出遊(吉),,下吉,False,寅卯,開
2029-11-28,己,酉,乙,亥,壬,戌,閉,壬戌,八專,南,午未申酉,庭,False,True,False,False,,False,False,False,東南,出遊(吉),,,False,寅卯,閉
2029-11-29,己,酉,乙,亥,癸,亥,建,癸亥,八專,南,午未申酉,庭,False,False,True,False,,False,True,False,東南,出遊(吉),,,True,寅卯,建
2029-11-30,己,酉,乙,亥,甲,子,除,甲子,,南,午未申酉,庭,True,False,False,False,,False,False,False,東南,出遊(吉),,,False,子丑,除
2029-12-01,己,酉,乙,亥,乙,丑,滿,乙丑,,南,午未申酉,庭,False,False,False,False,,False,False,False,東南,出遊(吉),,,False,子丑,滿
2029-12-02,己,酉,乙,亥,丙,寅,平,丙寅,,南,午未申酉,庭,False,True,False,False,大禍,False,False,False,南,出遊(吉),,下吉,False,子丑,平
2029-12-03,己,酉,乙,亥,丁,卯,定,丁卯,,南,午未申酉,庭,False,False,False,True,狼藉,False,False,False,南,出遊(吉),,下吉,False,子丑,定
2029-12-04,己,酉,乙,亥,戊,辰,執,戊辰,,南,午未申酉,庭,False,False,False,False,,False,False,True,南,出遊(吉),,,False,子丑,執
2029-12-05,己,酉,乙,亥,己,巳,破,己巳,,南,午未申酉,庭,False,False,False,False,,False,False,False,南,出遊(吉),,,True,子丑,破
2029-12-06,己,酉,乙,亥,庚,午,危,庚午,,南,午未申酉,庭,False,False,False,False,,False,False,False,南,出遊(吉),大土(凶),下吉,False,子丑,危
2029-12-07,己,酉,丙,子,辛,未,危,辛未,,南,午未申酉,庭,False,False,False,False,,False,False,False,西南,出遊(吉),大土(凶),中吉,False,子丑,危
2029-12-08,己,酉,丙,子,壬,申,成,壬申,,南,午未申酉,庭,False,False,False,False,,False,False,False,西南,出遊(吉),大土(凶),,False,子丑,成
2029-12-09,己,酉,丙,子,癸,酉,收,癸酉,,南,午未申酉,庭,False,True,False,False,大禍,False,False,False,西南,出遊(吉),大土(凶),中吉,False,子丑,收
2029-12-10,己,酉,丙,子,甲,戌,開,甲戌,,南,午未申酉,庭,False,False,False,False,,False,False,False,西南,出遊(吉),大土(凶),,False,戌亥,開
2029-12-11,己,酉,丙,子,乙,亥,閉,乙亥,,南,午未申酉,庭,False,False,False,False,,False,False,False,西南,出遊(吉),大土(凶),,True,戌亥,閉
2029-12-12,己,酉,丙,子,丙,子,建,丙子,,南,午未申酉,庭,False,False,False,False,,False,False,False,西南,出遊(吉),大土(凶),,False,戌亥,建
2029-12-13,己,酉,丙,子,丁,丑,除,丁丑,,南,午未申酉,庭,False,True,False,False,,False,False,False,西,出遊(吉),,下吉,False,戌亥,除
2029-12-14,己,酉,丙,子,戊,寅,滿,戊寅,,南,午未申酉,庭,False,False,False,False,,False,False,False,西,出遊(吉),,下吉,False,戌亥,滿
2029-12-15,己,酉,丙,子,己,卯,平,己卯,,南,午未申酉,庭,False,False,False,False,滅門,False,False,False,西,出遊(吉),,,False,戌亥,平
2029-12-16,己,酉,丙,子,庚,辰,定,庚辰,,南,午未申酉,庭,False,False,False,False,,False,False,False,西,出遊(吉),,下吉,False,戌亥,定
2029-12-17,己,酉,丙,子,辛,巳,執,辛巳,,南,午未申酉,庭,False,False,False,False,,False,False,False,西,出遊(吉),,下吉,True,戌亥,執
2029-12-18,己,酉,丙,子,壬,午,破,壬午,,南,午未申酉,庭,False,False,True,True,狼藉,False,False,False,西北,出遊(吉),,上吉,False,戌亥,破
2029-12-19,己,酉,丙,子,癸,未,危,癸未,,南,午未申酉,庭,False,True,False,False,,False,False,False,西北,出遊(吉),,下吉,False,戌亥,危
2029-12-20,己,酉,丙,子,甲,申,成,甲申,十方暮,南,午未申酉,庭,False,False,False,False,,True,False,False,西北,出遊(吉),,上吉,False,申酉,成
2029-12-21,己,酉,丙,子,乙,酉,收,乙酉,十方暮,南,午未申酉,庭,False,False,False,False,大禍,True,False,False,西北,出遊(吉),,下吉,False,申酉,收
2029-12-22,己,酉,丙,子,丙,戌,開,丙戌,十方暮,南,午未申酉,庭,False,False,False,False,,True,False,True,西北,出遊(吉),,,False,申酉,開
2029-12-23,己,酉,丙,子,丁,亥,閉,丁亥,十方暮,南,午未申酉,庭,False,True,False,False,,True,False,False,西北,出遊(吉),,,True,申酉,閉
2029-12-24,己,酉,丙,子,戊,子,建,戊子,十方暮,南,午未申酉,庭,False,False,False,False,,True,False,False,北,出遊(吉),,,False,申酉,建
2029-12-25,己,酉,丙,子,己,丑,除,己丑,十方暮,南,午未申酉,庭,False,False,False,False,,True,False,False,北,出遊(吉),,,False,申酉,除
2029-12-26,己,酉,丙,子,庚,寅,滿,庚寅,十方暮,南,午未申酉,庭,False,False,False,False,,True,False,False,北,出遊(吉),,上吉,False,申酉,滿
2029-12-27,己,酉,丙,子,辛,卯,平,辛卯,十方暮,南,午未申酉,庭,False,False,False,False,滅門,True,False,False,北,出遊(吉),,,False,申酉,平
2029-12-28,己,酉,丙,子,壬,辰,定,壬辰,十方暮,南,午未申酉,庭,False,False,False,False,,True,False,True,北,出遊(吉),,,False,申酉,定
2029-12-29,己,酉,丙,子,癸,巳,執,癸巳,天一天上,南,午未申酉,庭,False,True,False,False,,True,False,False,天一天上,北宮(凶),,下吉,True,申酉,執
2029-12-30,己,酉,丙,子,甲,午,破,甲午,天一天上,南,午未申酉,庭,False,False,True,True,狼藉,False,False,False,天一天上,北宮(凶),,,False,午未,破
2029-12-31,己,酉,丙,子,乙,未,危,乙未,天一天上,南,午未申酉,庭,False,False,False,False,,False,False,True,天一天上,北宮(凶),,,False,午未,危
2030-01-01,己,酉,丙,子,丙,申,成,丙申,天一天上,南,午未申酉,庭,False,False,False,False,,False,False,False,天一天上,北宮(凶),,,False,午未,成
2030-01-02,己,酉,丙,子,丁,酉,收,丁酉,天一天上,南,午未申酉,庭,False,True,False,False,大禍,False,False,False,天一天上,北宮(凶),,上吉,False,午未,收
2030-01-03,己,酉,丙,子,戊,戌,開,戊戌,天一天上,南,午未申酉,庭,False,False,False,False,,False,False,False,天一天上,南宮(凶),,,False,午未,開
2030-01-04,己,酉,丙,子,己,亥,閉,己亥,天一天上,南,午未申酉,庭,False,False,False,False,,False,False,False,天一天上,南宮(凶),,,True,午未,閉
2030-01-05,己,酉,丁,丑,庚,子,閉,庚子,天一天上,南,午未申酉,庭,False,False,True,False,,False,False,False,天一天上,南宮(凶),,中吉,False,午未,閉
2030-01-06,己,酉,丁,丑,辛,丑,建,辛丑,天一天上,南,午未申酉,庭,False,False,False,False,,False,False,True,天一天上,南宮(凶),,下吉,False,午未,建
2030-01-07,己,酉,丁,丑,壬,寅,除,壬寅,天一天上,南,午未申酉,庭,False,False,False,False,,False,False,False,天一天上,南宮(凶),,中吉,False,午未,除
2030-01-08,己,酉,丁,丑,癸,卯,滿,癸卯,天一天上,南,午未申酉,庭,False,False,False,False,,False,False,False,天一天上,西宮(凶),,下吉,False,午未,滿
2030-01-09,己,酉,丁,丑,甲,辰,平,甲辰,天一天上,南,午未申酉,庭,False,False,False,False,大禍,False,False,False,天一天上,東宮(凶),,中吉,False,辰巳,平
2030-01-10,己,酉,丁,丑,乙,巳,定,乙巳,天一天上,南,午未申酉,庭,False,False,False,False,,False,False,False,天一天上,東宮(凶),,,True,辰巳,定
2030-01-11,己,酉,丁,丑,丙,午,執,丙午,天一天上,南,午未申酉,庭,False,False,False,False,,False,False,False,天一天上,東宮(凶),,下吉,False,辰巳,執
2030-01-12,己,酉,丁,丑,丁,未,破,丁未,天一天上,南,午未申酉,庭,False,False,False,False,,False,False,False,天一天上,東宮(凶),,下吉,False,辰巳,破
2030-01-13,己,酉,丁,丑,戊,申,危,戊申,天一天上,南,午未申酉,庭,False,True,False,False,,False,False,False,天一天上,東宮(凶),小土(凶),下吉,False,辰巳,危
2030-01-14,己,酉,丁,丑,己,酉,成,己酉,,南,午未申酉,庭,False,True,False,True,狼藉,False,False,False,東北,出遊(吉),小土(凶),上吉,False,辰巳,成
2030-01-15,己,酉,丁,丑,庚,戌,收,庚戌,,南,午未申酉,庭,False,False,False,False,滅門,False,False,False,東北,出遊(吉),小土(凶),,False,辰巳,收
2030-01-16,己,酉,丁,丑,辛,亥,開,辛亥,,南,午未申酉,庭,False,False,False,False,,False,False,False,東北,出遊(吉),小土(凶),下吉,True,辰巳,開
2030-01-17,己,酉,丁,丑,壬,子,閉,壬子,八專,南,午未申酉,庭,False,False,True,False,,False,True,False,東北,出遊(吉),小土(凶),,False,辰巳,閉
2030-01-18,己,酉,丁,丑,癸,丑,建,癸丑,八專,南,午未申酉,庭,False,False,False,False,,False,False,False,東北,出遊(吉),小土(凶),下吉,False,辰巳,建
2030-01-19,己,酉,丁,丑,甲,寅,除,甲寅,八專,南,午未申酉,庭,False,False,False,False,,False,True,False,東北,出遊(吉),小土(凶),下吉,False,寅卯,除
2030-01-20,己,酉,丁,丑,乙,卯,滿,乙卯,八專,南,午未申酉,庭,False,False,False,False,,False,True,False,東,出遊(吉),,下吉,False,寅卯,滿
2030-01-21,己,酉,丁,丑,丙,辰,平,丙辰,八專,南,午未申酉,庭,False,False,False,False,大禍,False,False,False,東,出遊(吉),,,False,寅卯,平
2030-01-22,己,酉,丁,丑,丁,巳,定,丁巳,八專,南,午未申酉,庭,False,False,False,False,,False,True,False,東,出遊(吉),,下吉,True,寅卯,定
2030-01-23,己,酉,丁,丑,戊,午,執,戊午,八專,南,午未申酉,庭,False,True,False,False,,False,True,False,東,出遊(吉),,,False,寅卯,執
2030-01-24,己,酉,丁,丑,己,未,破,己未,八專,南,午未申酉,庭,False,True,False,False,,False,False,False,東,出遊(吉),,下吉,False,寅卯,破
2030-01-25,己,酉,丁,丑,庚,申,危,庚申,八專,南,午未申酉,庭,False,False,False,False,,False,True,False,東南,出遊(吉),,,False,寅卯,危
2030-01-26,己,酉,丁,丑,辛,酉,成,辛酉,八專,南,午未申酉,庭,False,False,False,True,狼藉,False,True,False,東南,出遊(吉),,下吉,False,寅卯,成
2030-01-27,己,酉,丁,丑,壬,戌,收,壬戌,八專,南,午未申酉,庭,False,False,False,False,滅門,False,False,False,東南,出遊(吉),,,False,寅卯,收
2030-01-28,己,酉,丁,丑,癸,亥,開,癸亥,八專,南,午未申酉,庭,False,False,False,False,,False,True,False,東南,出遊(吉),,,True,寅卯,開
2030-01-29,己,酉,丁,丑,甲,子,閉,甲子,,南,午未申酉,庭,True,False,True,False,,False,False,False,東南,出遊(吉),,,False,子丑,閉
2030-01-30,己,酉,丁,丑,乙,丑,建,乙丑,,南,午未申酉,庭,False,False,False,False,,False,False,False,東南,出遊(吉),,,False,子丑,建
2030-01-31,己,酉,丁,丑,丙,寅,除,丙寅,,南,午未申酉,庭,False,False,False,False,,False,False,False,南,出遊(吉),,下吉,False,子丑,除
2030-02-01,己,酉,丁,丑,丁,卯,滿,丁卯,,南,午未申酉,庭,False,False,False,False,,False,False,False,南,出遊(吉),,下吉,False,子丑,滿
2030-02-02,己,酉,丁,丑,戊,辰,平,戊辰,,南,午未申酉,庭,False,True,False,False,大禍,False,False,True,南,出遊(吉),,,False,子丑,平
2030-02-03,庚,戌,丁,丑,己,巳,定,己巳,,南,辰巳,庭,False,True,False,False,,False,False,False,南,出遊(吉),,,True,子丑,定
2030-02-04,庚,戌,戊,寅,庚,午,定,庚午,,南,辰巳,灶,False,True,False,False,,False,False,False,南,出遊(吉),大土(凶),下吉,False,子丑,定
2030-02-05,庚,戌,戊,寅,辛,未,執,辛未,,南,辰巳,灶,False,False,False,False,,False,False,False,西南,出遊(吉),大土(凶),中吉,False,子丑,執
2030-02-06,庚,戌,戊,寅,壬,申,破,壬申,,南,辰巳,灶,False,False,False,False,,False,False,False,西南,出遊(吉),大土(凶),,False,子丑,破
2030-02-07,庚,戌,戊,寅,癸,酉,危,癸酉,,南,辰巳,灶,False,False,False,False,,False,False,False,西南,出遊(吉),大土(凶),中吉,False,子丑,危
2030-02-08,庚,戌,戊,寅,甲,戌,成,甲戌,,南,辰巳,灶,False,True,False,False,,False,False,False,西南,出遊(吉),大土(凶),,False,戌亥,成
2030-02-09,庚,戌,戊,寅,乙,亥,收,乙亥,,南,辰巳,灶,False,False,False,False,大禍,False,False,False,西南,出遊(吉),大土(凶),,True,戌亥,收
2030-02-10,庚,戌,戊,寅,丙,子,開,丙子,,南,辰巳,灶,False,False,False,True,狼藉,False,False,False,西南,出遊(吉),大土(凶),,False,戌亥,開
2030-02-11,庚,戌,戊,寅,丁,丑,閉,丁丑,,南,辰巳,灶,False,False,True,False,,False,False,False,西,出遊(吉),,下吉,False,戌亥,閉
2030-02-12,庚,戌,戊,寅,戊,寅,建,戊寅,,南,辰巳,灶,True,False,False,False,,False,False,False,西,出遊(吉),,下吉,False,戌亥,建
2030-02-13,庚,戌,戊,寅,己,卯,除,己卯,,南,辰巳,灶,False,False,False,False,,False,False,False,西,出遊(吉),,,False,戌亥,除
2030-02-14,庚,戌,戊,寅,庚,辰,滿,庚辰,,南,辰巳,灶,False,True,False,False,,False,False,False,西,出遊(吉),,下吉,False,戌亥,滿
2030-02-15,庚,戌,戊,寅,辛,巳,平,辛巳,,南,辰巳,灶,False,False,False,False,滅門,False,False,False,西,出遊(吉),,下吉,True,戌亥,平
2030-02-16,庚,戌,戊,寅,壬,午,定,壬午,,南,辰巳,灶,False,False,False,False,,False,False,False,西北,出遊(吉),,上吉,False,戌亥,定
2030-02-17,庚,戌,戊,寅,癸,未,執,癸未,,南,辰巳,灶,False,False,False,False,,False,False,False,西北,出遊(吉),,下吉,False,戌亥,執
2030-02-18,庚,戌,戊,寅,甲,申,破,甲申,十方暮,南,辰巳,灶,False,True,False,False,,True,False,False,西北,出遊(吉),,上吉,False,申酉,破
2030-02-19,庚,戌,戊,寅,乙,酉,危,乙酉,十方暮,南,辰巳,灶,False,False,False,False,,True,False,False,西北,出遊(吉),,下吉,False,申酉,危
2030-02-20,庚,戌,戊,寅,丙,戌,成,丙戌,十方暮,南,辰巳,灶,False,False,False,False,,True,False,True,西北,出遊(吉),,,False,申酉,成
2030-02-21,庚,戌,戊,寅,丁,亥,收,丁亥,十方暮,南,辰巳,灶,False,False,False,False,大禍,True,False,False,西北,出遊(吉),,,True,申酉,收
2030-02-22,庚,戌,戊,寅,戊,子,開,戊子,十方暮,南,辰巳,灶,False,False,False,True,狼藉,True,False,False,北,出遊(吉),,,False,申酉,開
2030-02-23,庚,戌,戊,寅,己,丑,閉,己丑,十方暮,南,辰巳,灶,False,False,True,False,,True,False,False,北,出遊(吉),,,False,申酉,閉
2030-02-24,庚,戌,戊,寅,庚,寅,建,庚寅,十方暮,南,辰巳,灶,False,True,False,False,,True,False,False,北,出遊(吉),,上吉,False,申酉,建
2030-02-25,庚,戌,戊,寅,辛,卯,除,辛卯,十方暮,南,辰巳,灶,False,False,False,False,,True,False,False,北,出遊(吉),,,False,申酉,除
2030-02-26,庚,戌,戊,寅,壬,辰,滿,壬辰,十方暮,南,辰巳,灶,False,False,False,False,,True,False,True,北,出遊(吉),,,False,申酉,滿
2030-02-27,庚,戌,戊,寅,癸,巳,平,癸巳,天一天上,南,辰巳,灶,False,False,False,False,滅門,True,False,False,天一天上,北宮(凶),,下吉,True,申酉,平
2030-02-28,庚,戌,戊,寅,甲,午,定,甲午,天一天上,南,辰巳,灶,False,True,False,False,,False,False,False,天一天上,北宮(凶),,,False,午未,定
2030-03-01,庚,戌,戊,寅,乙,未,執,乙未,天一天上,南,辰巳,灶,False,False,False,False,,False,False,True,天一天上,北宮(凶),,,False,午未,執
2030-03-02,庚,戌,戊,寅,丙,申,破,丙申,天一天上,南,辰巳,灶,False,False,False,False,,False,False,False,天一天上,北宮(凶),,,False,午未,破
2030-03-03,庚,戌,戊,寅,丁,酉,危,丁酉,天一天上,南,辰巳,灶,False,False,False,False,,False,False,False,天一天上,北宮(凶),,上吉,False,午未,危
2030-03-04,庚,戌,戊,寅,戊,戌,成,戊戌,天一天上,南,辰巳,灶,False,False,False,False,,False,False,False,天一天上,南宮(凶),,,False,午未,成
2030-03-05,庚,戌,己,卯,己,亥,成,己亥,天一天上,南,辰巳,灶,False,False,False,False,,False,False,False,天一天上,南宮(凶),,,True,午未,成
2030-03-06,庚,戌,己,卯,庚,子,收,庚子,天一天上,南,辰巳,灶,False,False,False,False,滅門,False,False,False,天一天上,南宮(凶),,中吉,False,午未,收
2030-03-07,庚,戌,己,卯,辛,丑,開,辛丑,天一天上,南,辰巳,灶,False,True,False,False,,False,False,True,天一天上,南宮(凶),,下吉,False,午未,開
2030-03-08,庚,戌,己,卯,壬,寅,閉,壬寅,天一天上,南,辰巳,灶,False,False,False,False,,False,False,False,天一天上,南宮(凶),,中吉,False,午未,閉
2030-03-09,庚,戌,己,卯,癸,卯,建,癸卯,天一天上,南,辰巳,灶,False,False,False,True,狼藉,False,False,False,天一天上,西宮(凶),,下吉,False,午未,建
2030-03-10,庚,戌,己,卯,甲,辰,除,甲辰,天一天上,南,辰巳,灶,False,False,False,False,,False,False,False,天一天上,東宮(凶),,中吉,False,辰巳,除
2030-03-11,庚,戌,己,卯,乙,巳,滿,乙巳,天一天上,南,辰巳,灶,False,True,False,False,,False,False,False,天一天上,東宮(凶),,,True,辰巳,滿
2030-03-12,庚,戌,己,卯,丙,午,平,丙午,天一天上,南,辰巳,灶,False,False,False,False,大禍,False,False,False,天一天上,東宮(凶),,下吉,False,辰巳,平
2030-03-13,庚,戌,己,卯,丁,未,定,丁未,天一天上,南,辰巳,灶,False,False,True,False,,False,False,False,天一天上,東宮(凶),,下吉,False,辰巳,定
2030-03-14,庚,戌,己,卯,戊,申,執,戊申,天一天上,南,辰巳,灶,False,False,False,False,,False,False,False,天一天上,東宮(凶),小土(凶),下吉,False,辰巳,執
2030-03-15,庚,戌,己,卯,己,酉,破,己酉,,南,辰巳,灶,False,False,False,False,,False,False,False,東北,出遊(吉),小土(凶),上吉,False,辰巳,破
2030-03-16,庚,戌,己,卯,庚,戌,危,庚戌,,南,辰巳,灶,False,False,False,False,,False,False,False,東北,出遊(吉),小土(凶),,False,辰巳,危
2030-03-17,庚,戌,己,卯,辛,亥,成,辛亥,,南,辰巳,灶,False,True,False,False,,False,False,False,東北,出遊(吉),小土(凶),下吉,True,辰巳,成
2030-03-18,庚,戌,己,卯,壬,子,收,壬子,八專,南,辰巳,灶,False,False,False,False,滅門,False,True,False,東北,出遊(吉),小土(凶),,False,辰巳,收
2030-03-19,庚,戌,己,卯,癸,丑,開,癸丑,八專,南,辰巳,灶,False,False,False,False,,False,False,False,東北,出遊(吉),小土(凶),下吉,False,辰巳,開
2030-03-20,庚,戌,己,卯,甲,寅,閉,甲寅,八專,南,辰巳,灶,False,False,False,False,,False,True,False,東北,出遊(吉),小土(凶),下吉,False,寅卯,閉
2030-03-21,庚,戌,己,卯,乙,卯,建,乙卯,八專,南,辰巳,灶,False,True,False,True,狼藉,False,True,False,東,出遊(吉),,下吉,False,寅卯,建
2030-03-22,庚,戌,己,卯,丙,辰,除,丙辰,八專,南,辰巳,灶,False,False,False,False,,False,False,False,東,出遊(吉),,,False,寅卯,除
2030-03-23,庚,戌,己,卯,丁,巳,滿,丁巳,八專,南,辰巳,灶,False,False,False,False,,False,True,False,東,出遊(吉),,下吉,True,寅卯,滿
2030-03-24,庚,戌,己,卯,戊,午,平,戊午,八專,南,辰巳,灶,False,False,False,False,大禍,False,True,False,東,出遊(吉),,,False,寅卯,平
2030-03-25,庚,戌,己,卯,己,未,定,己未,八專,南,辰巳,灶,False,False,True,False,,False,False,False,東,出遊(吉),,下吉,False,寅卯,定
2030-03-26,庚,戌,己,卯,庚,申,執,庚申,八專,南,辰巳,灶,False,False,False,False,,False,True,False,東南,出遊(吉),,,False,寅卯,執
2030-03-27,庚,戌,己,卯,辛,酉,破,辛酉,八專,南,辰巳,灶,False,True,False,False,,False,True,False,東南,出遊(吉),,下吉,False,寅卯,破
2030-03-28,庚,戌,己,卯,壬,戌,危,壬戌,八專,南,辰巳,灶,False,False,False,False,,False,False,False,東南,出遊(吉),,,False,寅卯,危
2030-03-29,庚,戌,己,卯,癸,亥,成,癸亥,八專,南,辰巳,灶,False,False,False,False,,False,True,False,東南,出遊(吉),,,True,寅卯,成
2030-03-30,庚,戌,己,卯,甲,子,收,甲子,,南,辰巳,灶,False,False,False,False,滅門,False,False,False,東南,出遊(吉),,,False,子丑,收
2030-03-31,庚,戌,己,卯,乙,丑,開,乙丑,,南,辰巳,灶,False,True,False,False,,False,False,False,東南,出遊(吉),,,False,子丑,開
2030-04-01,庚,戌,己,卯,丙,寅,閉,丙寅,,南,辰巳,灶,False,False,False,False,,False,False,False,南,出遊(吉),,下吉,False,子丑,閉
2030-04-02,庚,戌,己,卯,丁,卯,建,丁卯,,南,辰巳,灶,False,False,False,True,狼藉,False,False,False,南,出遊(吉),,下吉,False,子丑,建
2030-04-03,庚,戌,己,卯,戊,辰,除,戊辰,,南,辰巳,灶,False,False,False,False,,False,False,True,南,出遊(吉),,,False,子丑,除
2030-04-04,庚,戌,己,卯,己,巳,滿,己巳,,南,辰巳,灶,False,False,False,False,,False,False,False,南,出遊(吉),,,True,子丑,滿
2030-04-05,庚,戌,庚,辰,庚,午,滿,庚午,,南,辰巳,灶,False,False,False,True,狼藉,False,False,False,南,出遊(吉),大土(凶),下吉,False,子丑,滿
2030-04-06,庚,戌,庚,辰,辛,未,平,辛未,,南,辰巳,灶,False,False,False,False,滅門,False,False,False,西南,出遊(吉),大土(凶),中吉,False,子丑,平
2030-04-07,庚,戌,庚,辰,壬,申,定,壬申,,南,辰巳,灶,False,False,False,False,,False,False,False,西南,出遊(吉),大土(凶),,False,子丑,定
2030-04-08,庚,戌,庚,辰,癸,酉,執,癸酉,,南,辰巳,灶,False,False,False,False,,False,False,False,西南,出遊(吉),大土(凶),中吉,False,子丑,執
2030-04-09,庚,戌,庚,辰,甲,戌,破,甲戌,,南,辰巳,灶,False,False,False,False,,False,False,False,西南,出遊(吉),大土(凶),,False,戌亥,破
2030-04-10,庚,戌,庚,辰,乙,亥,危,乙亥,,南,辰巳,灶,False,False,False,False,,False,False,False,西南,出遊(吉),大土(凶),,True,戌亥,危
2030-04-11,庚,戌,庚,辰,丙,子,成,丙子,,南,辰巳,灶,False,False,False,False,,False,False,False,西南,出遊(吉),大土(凶),,False,戌亥,成
2030-04-12,庚,戌,庚,辰,丁,丑,收,丁丑,,南,辰巳,灶,False,False,False,False,大禍,False,False,False,西,出遊(吉),,下吉,False,戌亥,收
2030-04-13,庚,戌,庚,辰,戊,寅,開,戊寅,,南,辰巳,灶,True,True,True,False,,False,False,False,西,出遊(吉),,下吉,False,戌亥,開
2030-04-14,庚,戌,庚,辰,己,卯,閉,己卯,,南,辰巳,灶,False,True,False,False,,False,False,False,西,出遊(吉),,,False,戌亥,閉
2030-04-15,庚,戌,庚,辰,庚,辰,建,庚辰,,南,辰巳,灶,False,False,False,False,,False,False,False,西,出遊(吉),,下吉,False,戌亥,建
2030-04-16,庚,戌,庚,辰,辛,巳,除,辛巳,,南,辰巳,灶,False,False,False,False,,False,False,False,西,出遊(吉),,下吉,True,戌亥,除
2030-04-17,庚,戌,庚,辰,壬,午,滿,壬午,,南,辰巳,灶,False,False,False,True,狼藉,False,False,False,西北,出遊(吉),,上吉,False,戌亥,滿
2030-04-18,庚,戌,庚,辰,癸,未,平,癸未,,南,辰巳,灶,False,False,False,False,滅門,False,False,False,西北,出遊(吉),,下吉,False,戌亥,平
2030-04-19,庚,戌,庚,辰,甲,申,定,甲申,十方暮,南,辰巳,灶,False,False,False,False,,True,False,False,西北,出遊(吉),,上吉,False,申酉,定
2030-04-20,庚,戌,庚,辰,乙,酉,執,乙酉,十方暮,南,辰巳,灶,False,False,False,False,,True,False,False,西北,出遊(吉),,下吉,False,申酉,執
2030-04-21,庚,戌,庚,辰,丙,戌,破,丙戌,十方暮,南,辰巳,灶,False,False,False,False,,True,False,True,西北,出遊(吉),,,False,申酉,破
2030-04-22,庚,戌,庚,辰,丁,亥,危,丁亥,十方暮,南,辰巳,灶,False,False,False,False,,True,False,False,西北,出遊(吉),,,True,申酉,危
2030-04-23,庚,戌,庚,辰,戊,子,成,戊子,十方暮,南,辰巳,灶,False,True,False,False,,True,False,False,北,出遊(吉),,,False,申酉,成
2030-04-24,庚,戌,庚,辰,己,丑,收,己丑,十方暮,南,辰巳,灶,False,True,False,False,大禍,True,False,False,北,出遊(吉),,,False,申酉,收
2030-04-25,庚,戌,庚,辰,庚,寅,開,庚寅,十方暮,南,辰巳,灶,False,False,True,False,,True,False,False,北,出遊(吉),,上吉,False,申酉,開
2030-04-26,庚,戌,庚,辰,辛,卯,閉,辛卯,十方暮,南,辰巳,灶,False,False,False,False,,True,False,False,北,出遊(吉),,,False,申酉,閉
2030-04-27,庚,戌,庚,辰,壬,辰,建,壬辰,十方暮,南,辰巳,灶,False,False,False,False,,True,False,True,北,出遊(吉),,,False,申酉,建
2030-04-28,庚,戌,庚,辰,癸,巳,除,癸巳,天一天上,南,辰巳,灶,False,False,False,False,,True,False,False,天一天上,北宮(凶),,下吉,True,申酉,除
2030-04-29,庚,戌,庚,辰,甲,午,滿,甲午,天一天上,南,辰巳,灶,False,False,False,True,狼藉,False,False,False,天一天上,北宮(凶),,,False,午未,滿
2030-04-30,庚,戌,庚,辰,乙,未,平,乙未,天一天上,南,辰巳,灶,False,False,False,False,滅門,False,False,True,天一天上,北宮(凶),,,False,午未,平
2030-05-01,庚,戌,庚,辰,丙,申,定,丙申,天一天上,南,辰巳,灶,False,False,False,False,,False,False,False,天一天上,北宮(凶),,,False,午未,定
2030-05-02,庚,戌,庚,辰,丁,酉,執,丁酉,天一天上,南,辰巳,灶,False,False,False,False,,False,False,False,天一天上,北宮(凶),,上吉,False,午未,執
2030-05-03,庚,戌,庚,辰,戊,戌,破,戊戌,天一天上,南,辰巳,灶,False,True,False,False,,False,False,False,天一天上,南宮(凶),,,False,午未,破
2030-05-04,庚,戌,庚,辰,己,亥,危,己亥,天一天上,南,辰巳,灶,False,True,False,False,,False,False,False,天一天上,南宮(凶),,,True,午未,危
2030-05-05,庚,戌,辛,巳,庚,子,危,庚子,天一天上,南,辰巳,門,False,False,False,False,,False,False,False,天一天上,南宮(凶),,中吉,False,午未,危
2030-05-06,庚,戌,辛,巳,辛,丑,成,辛丑,天一天上,南,辰巳,門,False,False,False,False,,False,False,True,天一天上,南宮(凶),,下吉,False,午未,成
2030-05-07,庚,戌,辛,巳,壬,寅,收,壬寅,天一天上,南,辰巳,門,False,True,False,False,滅門,False,False,False,天一天上,南宮(凶),,中吉,False,午未,收
2030-05-08,庚,戌,辛,巳,癸,卯,開,癸卯,天一天上,南,辰巳,門,False,False,False,False,,False,False,False,天一天上,西宮(凶),,下吉,False,午未,開
2030-05-09,庚,戌,辛,巳,甲,辰,閉,甲辰,天一天上,南,辰巳,門,False,False,False,False,,False,False,False,天一天上,東宮(凶),,中吉,False,辰巳,閉
2030-05-10,庚,戌,辛,巳,乙,巳,建,乙巳,天一天上,南,辰巳,門,False,False,False,False,,False,False,False,天一天上,東宮(凶),,,True,辰巳,建
2030-05-11,庚,戌,辛,巳,丙,午,除,丙午,天一天上,南,辰巳,門,False,True,False,False,狼藉,False,False,False,天一天上,東宮(凶),,下吉,False,辰巳,除
2030-05-12,庚,戌,辛,巳,丁,未,滿,丁未,天一天上,南,辰巳,門,False,False,False,False,,False,False,False,天一天上,東宮(凶),,下吉,False,辰巳,滿
2030-05-13,庚,戌,辛,巳,戊,申,平,戊申,天一天上,南,辰巳,門,False,False,True,False,大禍,False,False,False,天一天上,東宮(凶),小土(凶),下吉,False,辰巳,平
2030-05-14,庚,戌,辛,巳,己,酉,定,己酉,,南,辰巳,門,False,False,False,True,,False,False,False,東北,出遊(吉),小土(凶),上吉,False,辰巳,定
2030-05-15,庚,戌,辛,巳,庚,戌,執,庚戌,,南,辰巳,門,False,False,False,False,,False,False,False,東北,出遊(吉),小土(凶),,False,辰巳,執
2030-05-16,庚,戌,辛,巳,辛,亥,破,辛亥,,南,辰巳,門,False,False,False,False,,False,False,False,東北,出遊(吉),小土(凶),下吉,True,辰巳,破
2030-05-17,庚,戌,辛,巳,壬,子,危,壬子,八專,南,辰巳,門,False,True,False,False,,False,True,False,東北,出遊(吉),小土(凶),,False,辰巳,危
2030-05-18,庚,戌,辛,巳,癸,丑,成,癸丑,八專,南,辰巳,門,False,False,False,False,,False,False,False,東北,出遊(吉),小土(凶),下吉,False,辰巳,成
2030-05-19,庚,戌,辛,巳,甲,寅,收,甲寅,八專,南,辰巳,門,False,False,False,False,滅門,False,True,False,東北,出遊(吉),小土(凶),下吉,False,寅卯,收
2030-05-20,庚,戌,辛,巳,乙,卯,開,乙卯,八專,南,辰巳,門,False,False,False,False,,False,True,False,東,出遊(吉),,下吉,False,寅卯,開
2030-05-21,庚,戌,辛,巳,丙,辰,閉,丙辰,八專,南,辰巳,門,False,True,False,False,,False,False,False,東,出遊(吉),,,False,寅卯,閉
2030-05-22,庚,戌,辛,巳,丁,巳,建,丁巳,八專,南,辰巳,門,False,False,False,False,,False,True,False,東,出遊(吉),,下吉,True,寅卯,建
2030-05-23,庚,戌,辛,巳,戊,午,除,戊午,八專,南,辰巳,門,False,False,False,False,狼藉,False,True,False,東,出遊(吉),,,False,寅卯,除
2030-05-24,庚,戌,辛,巳,己,未,滿,己未,八專,南,辰巳,門,False,False,False,False,,False,False,False,東,出遊(吉),,下吉,False,寅卯,滿
2030-05-25,庚,戌,辛,巳,庚,申,平,庚申,八專,南,辰巳,門,False,False,True,False,大禍,False,True,False,東南,出遊(吉),,,False,寅卯,平
2030-05-26,庚,戌,辛,巳,辛,酉,定,辛酉,八專,南,辰巳,門,False,False,False,True,,False,True,False,東南,出遊(吉),,下吉,False,寅卯,定
2030-05-27,庚,戌,辛,巳,壬,戌,執,壬戌,八專,南,辰巳,門,False,True,False,False,,False,False,False,東南,出遊(吉),,,False,寅卯,執
2030-05-28,庚,戌,辛,巳,癸,亥,破,癸亥,八專,南,辰巳,門,False,False,False,False,,False,True,False,東南,出遊(吉),,,True,寅卯,破
2030-05-29,庚,戌,辛,巳,甲,子,危,甲子,,南,辰巳,門,False,False,False,False,,False,False,False,東南,出遊(吉),,,False,子丑,危
2030-05-30,庚,戌,辛,巳,乙,丑,成,乙丑,,南,辰巳,門,False,False,False,False,,False,False,False,東南,出遊(吉),,,False,子丑,成
2030-05-31,庚,戌,辛,巳,丙,寅,收,丙寅,,南,辰巳,門,False,True,False,False,滅門,False,False,False,南,出遊(吉),,下吉,False,子丑,收
2030-06-01,庚,戌,辛,巳,丁,卯,開,丁卯,,南,辰巳,門,False,False,False,False,,False,False,False,南,出遊(吉),,下吉,False,子丑,開
2030-06-02,庚,戌,辛,巳,戊,辰,閉,戊辰,,南,辰巳,門,False,False,False,False,,False,False,True,南,出遊(吉),,,False,子丑,閉
2030-06-03,庚,戌,辛,巳,己,巳,建,己巳,,南,辰巳,門,False,False,False,False,,False,False,False,南,出遊(吉),,,True,子丑,建
2030-06-04,庚,戌,辛,巳,庚,午,除,庚午,,南,辰巳,門,False,False,False,False,狼藉,False,False,False,南,出遊(吉),大土(凶),下吉,False,子丑,除
2030-06-05,庚,戌,壬,午,辛,未,除,辛未,,南,辰巳,門,False,False,False,False,,False,False,False,西南,出遊(吉),大土(凶),中吉,False,子丑,除
2030-06-06,庚,戌,壬,午,壬,申,滿,壬申,,南,辰巳,門,False,False,False,False,,False,False,False,西南,出遊(吉),大土(凶),,False,子丑,滿
2030-06-07,庚,戌,壬,午,癸,酉,平,癸酉,,南,辰巳,門,False,True,False,False,滅門,False,False,False,西南,出遊(吉),大土(凶),中吉,False,子丑,平
2030-06-08,庚,戌,壬,午,甲,戌,定,甲戌,,南,辰巳,門,False,False,False,False,,False,False,False,西南,出遊(吉),大土(凶),,False,戌亥,定
2030-06-09,庚,戌,壬,午,乙,亥,執,乙亥,,南,辰巳,門,False,False,False,False,,False,False,False,西南,出遊(吉),大土(凶),,True,戌亥,執
2030-06-10,庚,戌,壬,午,丙,子,破,丙子,,南,辰巳,門,False,False,False,True,狼藉,False,False,False,西南,出遊(吉),大土(凶),,False,戌亥,破
2030-06-11,庚,戌,壬,午,丁,丑,危,丁丑,,南,辰巳,門,False,True,False,False,,False,False,False,西,出遊(吉),,下吉,False,戌亥,危
2030-06-12,庚,戌,壬,午,戊,寅,成,戊寅,,南,辰巳,門,False,False,False,False,,False,False,False,西,出遊(吉),,下吉,False,戌亥,成
2030-06-13,庚,戌,壬,午,己,卯,收,己卯,,南,辰巳,門,False,False,True,False,大禍,False,False,False,西,出遊(吉),,,False,戌亥,收
2030-06-14,庚,戌,壬,午,庚,辰,開,庚辰,,南,辰巳,門,False,False,False,False,,False,False,False,西,出遊(吉),,下吉,False,戌亥,開
2030-06-15,庚,戌,壬,午,辛,巳,閉,辛巳,,南,辰巳,門,False,False,False,False,,False,False,False,西,出遊(吉),,下吉,True,戌亥,閉
2030-06-16,庚,戌,壬,午,壬,午,建,壬午,,南,辰巳,門,False,False,False,False,,False,False,False,西北,出遊(吉),,上吉,False,戌亥,建
2030-06-17,庚,戌,壬,午,癸,未,除,癸未,,南,辰巳,門,False,True,False,False,,False,False,False,西北,出遊(吉),,下吉,False,戌亥,除
2030-06-18,庚,戌,壬,午,甲,申,滿,甲申,十方暮,南,辰巳,門,False,False,False,False,,True,False,False,西北,出遊(吉),,上吉,False,申酉,滿
2030-06-19,庚,戌,壬,午,乙,酉,平,乙酉,十方暮,南,辰巳,門,False,False,False,False,滅門,True,False,False,西北,出遊(吉),,下吉,False,申酉,平
2030-06-20,庚,戌,壬,午,丙,戌,定,丙戌,十方暮,南,辰巳,門,False,False,False,False,,True,False,True,西北,出遊(吉),,,False,申酉,定
2030-06-21,庚,戌,壬,午,丁,亥,執,丁亥,十方暮,南,辰巳,門,False,True,False,False,,True,False,False,西北,出遊(吉),,,True,申酉,執
2030-06-22,庚,戌,壬,午,戊,子,破,戊子,十方暮,南,辰巳,門,False,False,False,True,狼藉,True,False,False,北,出遊(吉),,,False,申酉,破
2030-06-23,庚,戌,壬,午,己,丑,危,己丑,十方暮,南,辰巳,門,False,False,False,False,,True,False,False,北,出遊(吉),,,False,申酉,危
2030-06-24,庚,戌,壬,午,庚,寅,成,庚寅,十方暮,南,辰巳,門,False,False,False,False,,True,False,False,北,出遊(吉),,上吉,False,申酉,成
2030-06-25,庚,戌,壬,午,辛,卯,收,辛卯,十方暮,南,辰巳,門,False,False,True,False,大禍,True,False,False,北,出遊(吉),,,False,申酉,收
2030-06-26,庚,戌,壬,午,壬,辰,開,壬辰,十方暮,南,辰巳,門,False,False,False,False,,True,False,True,北,出遊(吉),,,False,申酉,開
2030-06-27,庚,戌,壬,午,癸,巳,閉,癸巳,天一天上,南,辰巳,門,False,True,False,False,,True,False,False,天一天上,北宮(凶),,下吉,True,申酉,閉
2030-06-28,庚,戌,壬,午,甲,午,建,甲午,天一天上,南,辰巳,門,True,False,False,False,,False,False,False,天一天上,北宮(凶),,,False,午未,建
2030-06-29,庚,戌,壬,午,乙,未,除,乙未,天一天上,南,辰巳,門,False,False,False,False,,False,False,True,天一天上,北宮(凶),,,False,午未,除
2030-06-30,庚,戌,壬,午,丙,申,滿,丙申,天一天上,南,辰巳,門,False,False,False,False,,False,False,False,天一天上,北宮(凶),,,False,午未,滿
2030-07-01,庚,戌,壬,午,丁,酉,平,丁酉,天一天上,南,辰巳,門,False,True,False,False,滅門,False,False,False,天一天上,北宮(凶),,上吉,False,午未,平
2030-07-02,庚,戌,壬,午,戊,戌,定,戊戌,天一天上,南,辰巳,門,False,False,False,False,,False,False,False,天一天上,南宮(凶),,,False,午未,定
2030-07-03,庚,戌,壬,午,己,亥,執,己亥,天一天上,南,辰巳,門,False,False,False,False,,False,False,False,天一天上,南宮(凶),,,True,午未,執
2030-07-04,庚,戌,壬,午,庚,子,破,庚子,天一天上,南,辰巳,門,False,False,False,True,狼藉,False,False,False,天一天上,南宮(凶),,中吉,False,午未,破
2030-07-05,庚,戌,壬,午,辛,丑,危,辛丑,天一天上,南,辰巳,門,False,False,False,False,,False,False,True,天一天上,南宮(凶),,下吉,False,午未,危
2030-07-06,庚,戌,壬,午,壬,寅,成,壬寅,天一天上,南,辰巳,門,False,False,False,False,,False,False,False,天一天上,南宮(凶),,中吉,False,午未,成
2030-07-07,庚,戌,癸,未,癸,卯,成,癸卯,天一天上,南,辰巳,門,False,False,False,True,狼藉,False,False,False,天一天上,西宮(凶),,下吉,False,午未,成
2030-07-08,庚,戌,癸,未,甲,辰,收,甲辰,天一天上,南,辰巳,門,False,False,False,False,滅門,False,False,False,天一天上,東宮(凶),,中吉,False,辰巳,收
2030-07-09,庚,戌,癸,未,乙,巳,開,乙巳,天一天上,南,辰巳,門,False,False,False,False,,False,False,False,天一天上,東宮(凶),,,True,辰巳,開
2030-07-10,庚,戌,癸,未,丙,午,閉,丙午,天一天上,南,辰巳,門,False,False,False,False,,False,False,False,天一天上,東宮(凶),,下吉,False,辰巳,閉
2030-07-11,庚,戌,癸,未,丁,未,建,丁未,天一天上,南,辰巳,門,False,False,False,False,,False,False,False,天一天上,東宮(凶),,下吉,False,辰巳,建
2030-07-12,庚,戌,癸,未,戊,申,除,戊申,天一天上,南,辰巳,門,False,True,False,False,,False,False,False,天一天上,東宮(凶),小土(凶),下吉,False,辰巳,除
2030-07-13,庚,戌,癸,未,己,酉,滿,己酉,,南,辰巳,門,False,True,True,False,,False,False,False,東北,出遊(吉),小土(凶),上吉,False,辰巳,滿
2030-07-14,庚,戌,癸,未,庚,戌,平,庚戌,,南,辰巳,門,False,False,False,False,大禍,False,False,False,東北,出遊(吉),小土(凶),,False,辰巳,平
2030-07-15,庚,戌,癸,未,辛,亥,定,辛亥,,南,辰巳,門,False,False,False,False,,False,False,False,東北,出遊(吉),小土(凶),下吉,True,辰巳,定
2030-07-16,庚,戌,癸,未,壬,子,執,壬子,八專,南,辰巳,門,False,False,False,False,,False,True,False,東北,出遊(吉),小土(凶),,False,辰巳,執
2030-07-17,庚,戌,癸,未,癸,丑,破,癸丑,八專,南,辰巳,門,False,False,False,False,,False,False,False,東北,出遊(吉),小土(凶),下吉,False,辰巳,破
2030-07-18,庚,戌,癸,未,甲,寅,危,甲寅,八專,南,辰巳,門,False,False,False,False,,False,True,False,東北,出遊(吉),小土(凶),下吉,False,寅卯,危
2030-07-19,庚,戌,癸,未,乙,卯,成,乙卯,八專,南,辰巳,門,False,False,False,True,狼藉,False,True,False,東,出遊(吉),,下吉,False,寅卯,成
2030-07-20,庚,戌,癸,未,丙,辰,收,丙辰,八專,南,辰巳,門,False,False,False,False,滅門,False,False,False,東,出遊(吉),,,False,寅卯,收
2030-07-21,庚,戌,癸,未,丁,巳,開,丁巳,八專,南,辰巳,門,False,False,False,False,,False,True,False,東,出遊(吉),,下吉,True,寅卯,開
2030-07-22,庚,戌,癸,未,戊,午,閉,戊午,八專,南,辰巳,門,False,True,False,False,,False,True,False,東,出遊(吉),,,False,寅卯,閉
2030-07-23,庚,戌,癸,未,己,未,建,己未,八專,南,辰巳,門,False,True,False,False,,False,False,False,東,出遊(吉),,下吉,False,寅卯,建
2030-07-24,庚,戌,癸,未,庚,申,除,庚申,八專,南,辰巳,門,False,False,False,False,,False,True,False,東南,出遊(吉),,,False,寅卯,除
2030-07-25,庚,戌,癸,未,辛,酉,滿,辛酉,八專,南,辰巳,門,False,False,True,False,,False,True,False,東南,出遊(吉),,下吉,False,寅卯,滿
2030-07-26,庚,戌,癸,未,壬,戌,平,壬戌,八專,南,辰巳,門,False,False,False,False,大禍,False,False,False,東南,出遊(吉),,,False,寅卯,平
2030-07-27,庚,戌,癸,未,癸,亥,定,癸亥,八專,南,辰巳,門,False,False,False,False,,False,True,False,東南,出遊(吉),,,True,寅卯,定
2030-07-28,庚,戌,癸,未,甲,子,執,甲子,,南,辰巳,門,False,False,False,False,,False,False,False,東南,出遊(吉),,,False,子丑,執
2030-07-29,庚,戌,癸,未,乙,丑,破,乙丑,,南,辰巳,門,False,False,False,False,,False,False,False,東南,出遊(吉),,,False,子丑,破
2030-07-30,庚,戌,癸,未,丙,寅,危,丙寅,,南,辰巳,門,False,False,False,False,,False,False,False,南,出遊(吉),,下吉,False,子丑,危
2030-07-31,庚,戌,癸,未,丁,卯,成,丁卯,,南,辰巳,門,False,False,False,True,狼藉,False,False,False,南,出遊(吉),,下吉,False,子丑,成
2030-08-01,庚,戌,癸,未,戊,辰,收,戊辰,,南,辰巳,門,False,True,False,False,滅門,False,False,True,南,出遊(吉),,,False,子丑,收
2030-08-02,庚,戌,癸,未,己,巳,開,己巳,,南,辰巳,門,False,True,False,False,,False,False,False,南,出遊(吉),,,True,子丑,開
2030-08-03,庚,戌,癸,未,庚,午,閉,庚午,,南,辰巳,門,False,False,False,False,,False,False,False,南,出遊(吉),大土(凶),下吉,False,子丑,閉
2030-08-04,庚,戌,癸,未,辛,未,建,辛未,,南,辰巳,門,False,False,False,False,,False,False,False,西南,出遊(吉),大土(凶),中吉,False,子丑,建
2030-08-05,庚,戌,癸,未,壬,申,除,壬申,,南,辰巳,門,False,False,False,False,,False,False,False,西南,出遊(吉),大土(凶),,False,子丑,除
2030-08-06,庚,戌,癸,未,癸,酉,滿,癸酉,,南,辰巳,門,False,False,True,False,,False,False,False,西南,出遊(吉),大土(凶),中吉,False,子丑,滿
2030-08-07,庚,戌,甲,申,甲,戌,滿,甲戌,,南,辰巳,井,False,True,False,False,,False,False,False,西南,出遊(吉),大土(凶),,False,戌亥,滿
2030-08-08,庚,戌,甲,申,乙,亥,平,乙亥,,南,辰巳,井,False,False,False,False,滅門,False,False,False,西南,出遊(吉),大土(凶),,True,戌亥,平
2030-08-09,庚,戌,甲,申,丙,子,定,丙子,,南,辰巳,井,False,False,False,False,,False,False,False,西南,出遊(吉),大土(凶),,False,戌亥,定
2030-08-10,庚,戌,甲,申,丁,丑,執,丁丑,,南,辰巳,井,False,False,False,False,,False,False,False,西,出遊(吉),,下吉,False,戌亥,執
2030-08-11,庚,戌,甲,申,戊,寅,破,戊寅,,南,辰巳,井,False,False,False,False,,False,False,False,西,出遊(吉),,下吉,False,戌亥,破
2030-08-12,庚,戌,甲,申,己,卯,危,己卯,,南,辰巳,井,False,False,False,False,,False,False,False,西,出遊(吉),,,False,戌亥,危
2030-08-13,庚,戌,甲,申,庚,辰,成,庚辰,,南,辰巳,井,False,True,True,False,,False,False,False,西,出遊(吉),,下吉,False,戌亥,成
2030-08-14,庚,戌,甲,申,辛,巳,收,辛巳,,南,辰巳,井,False,False,False,False,大禍,False,False,False,西,出遊(吉),,下吉,True,戌亥,收
2030-08-15,庚,戌,甲,申,壬,午,開,壬午,,南,辰巳,井,False,False,False,True,,False,False,False,西北,出遊(吉),,上吉,False,戌亥,開
2030-08-16,庚,戌,甲,申,癸,未,閉,癸未,,南,辰巳,井,False,False,False,False,,False,False,False,西北,出遊(吉),,下吉,False,戌亥,閉
2030-08-17,庚,戌,甲,申,甲,申,建,甲申,十方暮,南,辰巳,井,False,True,False,False,,True,False,False,西北,出遊(吉),,上吉,False,申酉,建
2030-08-18,庚,戌,甲,申,乙,酉,除,乙酉,十方暮,南,辰巳,井,False,False,False,False,狼藉,True,False,False,西北,出遊(吉),,下吉,False,申酉,除
2030-08-19,庚,戌,甲,申,丙,戌,滿,丙戌,十方暮,南,辰巳,井,False,False,False,False,,True,False,True,西北,出遊(吉),,,False,申酉,滿
2030-08-20,庚,戌,甲,申,丁,亥,平,丁亥,十方暮,南,辰巳,井,False,False,False,False,滅門,True,False,False,西北,出遊(吉),,,True,申酉,平
2030-08-21,庚,戌,甲,申,戊,子,定,戊子,十方暮,南,辰巳,井,False,False,False,False,,True,False,False,北,出遊(吉),,,False,申酉,定
2030-08-22,庚,戌,甲,申,己,丑,執,己丑,十方暮,南,辰巳,井,False,False,False,False,,True,False,False,北,出遊(吉),,,False,申酉,執
2030-08-23,庚,戌,甲,申,庚,寅,破,庚寅,十方暮,南,辰巳,井,False,True,False,False,,True,False,False,北,出遊(吉),,上吉,False,申酉,破
2030-08-24,庚,戌,甲,申,辛,卯,危,辛卯,十方暮,南,辰巳,井,False,False,False,False,,True,False,False,北,出遊(吉),,,False,申酉,危
2030-08-25,庚,戌,甲,申,壬,辰,成,壬辰,十方暮,南,辰巳,井,False,False,True,False,,True,False,True,北,出遊(吉),,,False,申酉,成
2030-08-26,庚,戌,甲,申,癸,巳,收,癸巳,天一天上,南,辰巳,井,False,False,False,False,大禍,True,False,False,天一天上,北宮(凶),,下吉,True,申酉,收
2030-08-27,庚,戌,甲,申,甲,午,開,甲午,天一天上,南,辰巳,井,False,True,False,True,,False,False,False,天一天上,北宮(凶),,,False,午未,開
2030-08-28,庚,戌,甲,申,乙,未,閉,乙未,天一天上,南,辰巳,井,False,False,False,False,,False,False,True,天一天上,北宮(凶),,,False,午未,閉
2030-08-29,庚,戌,甲,申,丙,申,建,丙申,天一天上,南,辰巳,井,False,False,False,False,,False,False,False,天一天上,北宮(凶),,,False,午未,建
2030-08-30,庚,戌,甲,申,丁,酉,除,丁酉,天一天上,南,辰巳,井,False,False,False,False,狼藉,False,False,False,天一天上,北宮(凶),,上吉,False,午未,除
2030-08-31,庚,戌,甲,申,戊,戌,滿,戊戌,天一天上,南,辰巳,井,False,False,False,False,,False,False,False,天一天上,南宮(凶),,,False,午未,滿
2030-09-01,庚,戌,甲,申,己,亥,平,己亥,天一天上,南,辰巳,井,False,False,False,False,滅門,False,False,False,天一天上,南宮(凶),,,True,午未,平
2030-09-02,庚,戌,甲,申,庚,子,定,庚子,天一天上,南,辰巳,井,False,True,False,False,,False,False,False,天一天上,南宮(凶),,中吉,False,午未,定
2030-09-03,庚,戌,甲,申,辛,丑,執,辛丑,天一天上,南,辰巳,井,False,False,False,False,,False,False,True,天一天上,南宮(凶),,下吉,False,午未,執
2030-09-04,庚,戌,甲,申,壬,寅,破,壬寅,天一天上,南,辰巳,井,False,False,False,False,,False,False,False,天一天上,南宮(凶),,中吉,False,午未,破
2030-09-05,庚,戌,甲,申,癸,卯,危,癸卯,天一天上,南,辰巳,井,False,False,False,False,,False,False,False,天一天上,西宮(凶),,下吉,False,午未,危
2030-09-06,庚,戌,甲,申,甲,辰,成,甲辰,天一天上,南,辰巳,井,False,True,True,False,,False,False,False,天一天上,東宮(凶),,中吉,False,辰巳,成
2030-09-07,庚,戌,乙,酉,乙,巳,成,乙巳,天一天上,南,辰巳,井,False,True,False,False,,False,False,False,天一天上,東宮(凶),,,True,辰巳,成
2030-09-08,庚,戌,乙,酉,丙,午,收,丙午,天一天上,南,辰巳,井,False,False,False,False,滅門,False,False,False,天一天上,東宮(凶),,下吉,False,辰巳,收
2030-09-09,庚,戌,乙,酉,丁,未,開,丁未,天一天上,南,辰巳,井,False,False,False,False,,False,False,False,天一天上,東宮(凶),,下吉,False,辰巳,開
2030-09-10,庚,戌,乙,酉,戊,申,閉,戊申,天一天上,南,辰巳,井,True,False,False,False,,False,False,False,天一天上,東宮(凶),小土(凶),下吉,False,辰巳,閉
2030-09-11,庚,戌,乙,酉,己,酉,建,己酉,,南,辰巳,井,False,False,False,True,狼藉,False,False,False,東北,出遊(吉),小土(凶),上吉,False,辰巳,建
2030-09-12,庚,戌,乙,酉,庚,戌,除,庚戌,,南,辰巳,井,False,False,True,False,,False,False,False,東北,出遊(吉),小土(凶),,False,辰巳,除
2030-09-13,庚,戌,乙,酉,辛,亥,滿,辛亥,,南,辰巳,井,False,True,False,False,,False,False,False,東北,出遊(吉),小土(凶),下吉,True,辰巳,滿
2030-09-14,庚,戌,乙,酉,壬,子,平,壬子,八專,南,辰巳,井,False,False,False,False,大禍,False,True,False,東北,出遊(吉),小土(凶),,False,辰巳,平
2030-09-15,庚,戌,乙,酉,癸,丑,定,癸丑,八專,南,辰巳,井,False,False,False,False,,False,False,False,東北,出遊(吉),小土(凶),下吉,False,辰巳,定
2030-09-16,庚,戌,乙,酉,甲,寅,執,甲寅,八專,南,辰巳,井,False,False,False,False,,False,True,False,東北,出遊(吉),小土(凶),下吉,False,寅卯,執
2030-09-17,庚,戌,乙,酉,乙,卯,破,乙卯,八專,南,辰巳,井,False,True,False,False,,False,True,False,東,出遊(吉),,下吉,False,寅卯,破
2030-09-18,庚,戌,乙,酉,丙,辰,危,丙辰,八專,南,辰巳,井,False,False,False,False,,False,False,False,東,出遊(吉),,,False,寅卯,危
2030-09-19,庚,戌,乙,酉,丁,巳,成,丁巳,八專,南,辰巳,井,False,False,False,False,,False,True,False,東,出遊(吉),,下吉,True,寅卯,成
2030-09-20,庚,戌,乙,酉,戊,午,收,戊午,八專,南,辰巳,井,False,False,False,False,滅門,False,True,False,東,出遊(吉),,,False,寅卯,收
2030-09-21,庚,戌,乙,酉,己,未,開,己未,八專,南,辰巳,井,False,False,False,False,,False,False,False,東,出遊(吉),,下吉,False,寅卯,開
2030-09-22,庚,戌,乙,酉,庚,申,閉,庚申,八專,南,辰巳,井,False,False,False,False,,False,True,False,東南,出遊(吉),,,False,寅卯,閉
2030-09-23,庚,戌,乙,酉,辛,酉,建,辛酉,八專,南,辰巳,井,False,True,False,True,狼藉,False,True,False,東南,出遊(吉),,下吉,False,寅卯,建
2030-09-24,庚,戌,乙,酉,壬,戌,除,壬戌,八專,南,辰巳,井,False,False,True,False,,False,False,False,東南,出遊(吉),,,False,寅卯,除
2030-09-25,庚,戌,乙,酉,癸,亥,滿,癸亥,八專,南,辰巳,井,False,False,False,False,,False,True,False,東南,出遊(吉),,,True,寅卯,滿
2030-09-26,庚,戌,乙,酉,甲,子,平,甲子,,南,辰巳,井,False,False,False,False,大禍,False,False,False,東南,出遊(吉),,,False,子丑,平
2030-09-27,庚,戌,乙,酉,乙,丑,定,乙丑,,南,辰巳,井,False,True,False,False,,False,False,False,東南,出遊(吉),,,False,子丑,定
2030-09-28,庚,戌,乙,酉,丙,寅,執,丙寅,,南,辰巳,井,False,False,False,False,,False,False,False,南,出遊(吉),,下吉,False,子丑,執
2030-09-29,庚,戌,乙,酉,丁,卯,破,丁卯,,南,辰巳,井,False,False,False,False,,False,False,False,南,出遊(吉),,下吉,False,子丑,破
2030-09-30,庚,戌,乙,酉,戊,辰,危,戊辰,,南,辰巳,井,False,False,False,False,,False,False,True,南,出遊(吉),,,False,子丑,危
2030-10-01,庚,戌,乙,酉,己,巳,成,己巳,,南,辰巳,井,False,False,False,False,,False,False,False,南,出遊(吉),,,True,子丑,成
2030-10-02,庚,戌,乙,酉,庚,午,收,庚午,,南,辰巳,井,False,False,False,False,滅門,False,False,False,南,出遊(吉),大土(凶),下吉,False,子丑,收
2030-10-03,庚,戌,乙,酉,辛,未,開,辛未,,南,辰巳,井,False,True,False,False,,False,False,False,西南,出遊(吉),大土(凶),中吉,False,子丑,開
2030-10-04,庚,戌,乙,酉,壬,申,閉,壬申,,南,辰巳,井,False,False,False,False,,False,False,False,西南,出遊(吉),大土(凶),,False,子丑,閉
2030-10-05,庚,戌,乙,酉,癸,酉,建,癸酉,,南,辰巳,井,False,False,False,True,狼藉,False,False,False,西南,出遊(吉),大土(凶),中吉,False,子丑,建
2030-10-06,庚,戌,乙,酉,甲,戌,除,甲戌,,南,辰巳,井,False,False,True,False,,False,False,False,西南,出遊(吉),大土(凶),,False,戌亥,除
2030-10-07,庚,戌,乙,酉,乙,亥,滿,乙亥,,南,辰巳,井,False,True,False,False,,False,False,False,西南,出遊(吉),大土(凶),,True,戌亥,滿
2030-10-08,庚,戌,丙,戌,丙,子,滿,丙子,,南,辰巳,井,False,False,False,True,,False,False,False,西南,出遊(吉),大土(凶),,False,戌亥,滿
2030-10-09,庚,戌,丙,戌,丁,丑,平,丁丑,,南,辰巳,井,False,False,False,False,滅門,False,False,False,西,出遊(吉),,下吉,False,戌亥,平
2030-10-10,庚,戌,丙,戌,戊,寅,定,戊寅,,南,辰巳,井,False,True,False,False,,False,False,False,西,出遊(吉),,下吉,False,戌亥,定
2030-10-11,庚,戌,丙,戌,己,卯,執,己卯,,南,辰巳,井,False,True,False,False,狼藉,False,False,False,西,出遊(吉),,,False,戌亥,執
2030-10-12,庚,戌,丙,戌,庚,辰,破,庚辰,,南,辰巳,井,False,False,False,False,,False,False,False,西,出遊(吉),,下吉,False,戌亥,破
2030-10-13,庚,戌,丙,戌,辛,巳,危,辛巳,,南,辰巳,井,False,False,True,False,,False,False,False,西,出遊(吉),,下吉,True,戌亥,危
2030-10-14,庚,戌,丙,戌,壬,午,成,壬午,,南,辰巳,井,False,False,False,False,,False,False,False,西北,出遊(吉),,上吉,False,戌亥,成
2030-10-15,庚,戌,丙,戌,癸,未,收,癸未,,南,辰巳,井,False,False,False,False,大禍,False,False,False,西北,出遊(吉),,下吉,False,戌亥,收
2030-10-16,庚,戌,丙,戌,甲,申,開,甲申,十方暮,南,辰巳,井,False,False,False,False,,True,False,False,西北,出遊(吉),,上吉,False,申酉,開
2030-10-17,庚,戌,丙,戌,乙,酉,閉,乙酉,十方暮,南,辰巳,井,False,False,False,False,,True,False,False,西北,出遊(吉),,下吉,False,申酉,閉
2030-10-18,庚,戌,丙,戌,丙,戌,建,丙戌,十方暮,南,辰巳,井,False,False,False,False,,True,False,True,西北,出遊(吉),,,False,申酉,建
2030-10-19,庚,戌,丙,戌,丁,亥,除,丁亥,十方暮,南,辰巳,井,False,False,False,False,,True,False,False,西北,出遊(吉),,,True,申酉,除
2030-10-20,庚,戌,丙,戌,戊,子,滿,戊子,十方暮,南,辰巳,井,False,True,False,True,,True,False,False,北,出遊(吉),,,False,申酉,滿
2030-10-21,庚,戌,丙,戌,己,丑,平,己丑,十方暮,南,辰巳,井,False,True,False,False,滅門,True,False,False,北,出遊(吉),,,False,申酉,平
2030-10-22,庚,戌,丙,戌,庚,寅,定,庚寅,十方暮,南,辰巳,井,False,False,False,False,,True,False,False,北,出遊(吉),,上吉,False,申酉,定
2030-10-23,庚,戌,丙,戌,辛,卯,執,辛卯,十方暮,南,辰巳,井,False,False,False,False,狼藉,True,False,False,北,出遊(吉),,,False,申酉,執
2030-10-24,庚,戌,丙,戌,壬,辰,破,壬辰,十方暮,南,辰巳,井,False,False,False,False,,True,False,True,北,出遊(吉),,,False,申酉,破
2030-10-25,庚,戌,丙,戌,癸,巳,危,癸巳,天一天上,南,辰巳,井,False,False,True,False,,True,False,False,天一天上,北宮(凶),,下吉,True,申酉,危
2030-10-26,庚,戌,丙,戌,甲,午,成,甲午,天一天上,南,辰巳,井,False,False,False,False,,False,False,False,天一天上,北宮(凶),,,False,午未,成
2030-10-27,庚,戌,丙,戌,乙,未,收,乙未,天一天上,南,辰巳,井,False,False,False,False,大禍,False,False,True,天一天上,北宮(凶),,,False,午未,收
2030-10-28,庚,戌,丙,戌,丙,申,開,丙申,天一天上,南,辰巳,井,False,False,False,False,,False,False,False,天一天上,北宮(凶),,,False,午未,開
2030-10-29,庚,戌,丙,戌,丁,酉,閉,丁酉,天一天上,南,辰巳,井,False,False,False,False,,False,False,False,天一天上,北宮(凶),,上吉,False,午未,閉
2030-10-30,庚,戌,丙,戌,戊,戌,建,戊戌,天一天上,南,辰巳,井,False,True,False,False,,False,False,False,天一天上,南宮(凶),,,False,午未,建
2030-10-31,庚,戌,丙,戌,己,亥,除,己亥,天一天上,南,辰巳,井,False,True,False,False,,False,False,False,天一天上,南宮(凶),,,True,午未,除
2030-11-01,庚,戌,丙,戌,庚,子,滿,庚子,天一天上,南,辰巳,井,False,False,False,True,,False,False,False,天一天上,南宮(凶),,中吉,False,午未,滿
2030-11-02,庚,戌,丙,戌,辛,丑,平,辛丑,天一天上,南,辰巳,井,False,False,False,False,滅門,False,False,True,天一天上,南宮(凶),,下吉,False,午未,平
2030-11-03,庚,戌,丙,戌,壬,寅,定,壬寅,天一天上,南,辰巳,井,False,False,False,False,,False,False,False,天一天上,南宮(凶),,中吉,False,午未,定
2030-11-04,庚,戌,丙,戌,癸,卯,執,癸卯,天一天上,南,辰巳,井,False,False,False,False,狼藉,False,False,False,天一天上,西宮(凶),,下吉,False,午未,執
2030-11-05,庚,戌,丙,戌,甲,辰,破,甲辰,天一天上,南,辰巳,井,False,False,False,False,,False,False,False,天一天上,東宮(凶),,中吉,False,辰巳,破
2030-11-06,庚,戌,丙,戌,乙,巳,危,乙巳,天一天上,南,辰巳,井,False,False,True,False,,False,False,False,天一天上,東宮(凶),,,True,辰巳,危
2030-11-07,庚,戌,丁,亥,丙,午,危,丙午,天一天上,南,辰巳,庭,False,True,False,False,,False,False,False,天一天上,東宮(凶),,下吉,False,辰巳,危
2030-11-08,庚,戌,丁,亥,丁,未,成,丁未,天一天上,南,辰巳,庭,False,False,False,False,,False,False,False,天一天上,東宮(凶),,下吉,False,辰巳,成
2030-11-09,庚,戌,丁,亥,戊,申,收,戊申,天一天上,南,辰巳,庭,False,False,False,False,滅門,False,False,False,天一天上,東宮(凶),小土(凶),下吉,False,辰巳,收
2030-11-10,庚,戌,丁,亥,己,酉,開,己酉,,南,辰巳,庭,False,False,False,False,,False,False,False,東北,出遊(吉),小土(凶),上吉,False,辰巳,開
2030-11-11,庚,戌,丁,亥,庚,戌,閉,庚戌,,南,辰巳,庭,False,False,False,False,,False,False,False,東北,出遊(吉),小土(凶),,False,辰巳,閉
2030-11-12,庚,戌,丁,亥,辛,亥,建,辛亥,,南,辰巳,庭,False,False,True,False,,False,False,False,東北,出遊(吉),小土(凶),下吉,True,辰巳,建
2030-11-13,庚,戌,丁,亥,壬,子,除,壬子,八專,南,辰巳,庭,False,True,False,False,,False,True,False,東北,出遊(吉),小土(凶),,False,辰巳,除
2030-11-14,庚,戌,丁,亥,癸,丑,滿,癸丑,八專,南,辰巳,庭,False,False,False,False,,False,False,False,東北,出遊(吉),小土(凶),下吉,False,辰巳,滿
2030-11-15,庚,戌,丁,亥,甲,寅,平,甲寅,八專,南,辰巳,庭,False,False,False,False,大禍,False,True,False,東北,出遊(吉),小土(凶),下吉,False,寅卯,平
2030-11-16,庚,戌,丁,亥,乙,卯,定,乙卯,八專,南,辰巳,庭,False,False,False,True,狼藉,False,True,False,東,出遊(吉),,下吉,False,寅卯,定
2030-11-17,庚,戌,丁,亥,丙,辰,執,丙辰,八專,南,辰巳,庭,False,True,False,False,,False,False,False,東,出遊(吉),,,False,寅卯,執
2030-11-18,庚,戌,丁,亥,丁,巳,破,丁巳,八專,南,辰巳,庭,False,False,False,False,,False,True,False,東,出遊(吉),,下吉,True,寅卯,破
2030-11-19,庚,戌,丁,亥,戊,午,危,戊午,八專,南,辰巳,庭,False,False,False,False,,False,True,False,東,出遊(吉),,,False,寅卯,危
2030-11-20,庚,戌,丁,亥,己,未,成,己未,八專,南,辰巳,庭,False,False,False,False,,False,False,False,東,出遊(吉),,下吉,False,寅卯,成
2030-11-21,庚,戌,丁,亥,庚,申,收,庚申,八專,南,辰巳,庭,False,False,False,False,滅門,False,True,False,東南,出遊(吉),,,False,寅卯,收
2030-11-22,庚,戌,丁,亥,辛,酉,開,辛酉,八專,南,辰巳,庭,False,False,False,False,,False,True,False,東南,出遊(吉),,下吉,False,寅卯,開
2030-11-23,庚,戌,丁,亥,壬,戌,閉,壬戌,八專,南,辰巳,庭,False,True,False,False,,False,False,False,東南,出遊(吉),,,False,寅卯,閉
2030-11-24,庚,戌,丁,亥,癸,亥,建,癸亥,八專,南,辰巳,庭,False,False,True,False,,False,True,False,東南,出遊(吉),,,True,寅卯,建
2030-11-25,庚,戌,丁,亥,甲,子,除,甲子,,南,辰巳,庭,True,False,False,False,,False,False,False,東南,出遊(吉),,,False,子丑,除
2030-11-26,庚,戌,丁,亥,乙,丑,滿,乙丑,,南,辰巳,庭,False,False,False,False,,False,False,False,東南,出遊(吉),,,False,子丑,滿
2030-11-27,庚,戌,丁,亥,丙,寅,平,丙寅,,南,辰巳,庭,False,True,False,False,大禍,False,False,False,南,出遊(吉),,下吉,False,子丑,平
2030-11-28,庚,戌,丁,亥,丁,卯,定,丁卯,,南,辰巳,庭,False,False,False,True,狼藉,False,False,False,南,出遊(吉),,下吉,False,子丑,定
2030-11-29,庚,戌,丁,亥,戊,辰,執,戊辰,,南,辰巳,庭,False,False,False,False,,False,False,True,南,出遊(吉),,,False,子丑,執
2030-11-30,庚,戌,丁,亥,己,巳,破,己巳,,南,辰巳,庭,False,False,False,False,,False,False,False,南,出遊(吉),,,True,子丑,破
2030-12-01,庚,戌,丁,亥,庚,午,危,庚午,,南,辰巳,庭,False,False,False,False,,False,False,False,南,出遊(吉),大土(凶),下吉,False,子丑,危
2030-12-02,庚,戌,丁,亥,辛,未,成,辛未,,南,辰巳,庭,False,False,False,False,,False,False,False,西南,出遊(吉),大土(凶),中吉,False,子丑,成
2030-12-03,庚,戌,丁,亥,壬,申,收,壬申,,南,辰巳,庭,False,True,False,False,滅門,False,False,False,西南,出遊(吉),大土(凶),,False,子丑,收
2030-12-04,庚,戌,丁,亥,癸,酉,開,癸酉,,南,辰巳,庭,False,False,False,False,,False,False,False,西南,出遊(吉),大土(凶),中吉,False,子丑,開
2030-12-05,庚,戌,丁,亥,甲,戌,閉,甲戌,,南,辰巳,庭,False,False,False,False,,False,False,False,西南,出遊(吉),大土(凶),,False,戌亥,閉
2030-12-06,庚,戌,丁,亥,乙,亥,建,乙亥,,南,辰巳,庭,False,False,True,False,,False,False,False,西南,出遊(吉),大土(凶),,True,戌亥,建
2030-12-07,庚,戌,戊,子,丙,子,建,丙子,,南,辰巳,庭,False,False,False,False,,False,False,False,西南,出遊(吉),大土(凶),,False,戌亥,建
2030-12-08,庚,戌,戊,子,丁,丑,除,丁丑,,南,辰巳,庭,False,True,False,False,,False,False,False,西,出遊(吉),,下吉,False,戌亥,除
2030-12-09,庚,戌,戊,子,戊,寅,滿,戊寅,,南,辰巳,庭,False,False,False,False,,False,False,False,西,出遊(吉),,下吉,False,戌亥,滿
2030-12-10,庚,戌,戊,子,己,卯,平,己卯,,南,辰巳,庭,False,False,False,False,滅門,False,False,False,西,出遊(吉),,,False,戌亥,平
2030-12-11,庚,戌,戊,子,庚,辰,定,庚辰,,南,辰巳,庭,False,False,False,False,,False,False,False,西,出遊(吉),,下吉,False,戌亥,定
2030-12-12,庚,戌,戊,子,辛,巳,執,辛巳,,南,辰巳,庭,False,False,False,False,,False,False,False,西,出遊(吉),,下吉,True,戌亥,執
2030-12-13,庚,戌,戊,子,壬,午,破,壬午,,南,辰巳,庭,False,False,True,True,狼藉,False,False,False,西北,出遊(吉),,上吉,False,戌亥,破
2030-12-14,庚,戌,戊,子,癸,未,危,癸未,,南,辰巳,庭,False,True,False,False,,False,False,False,西北,出遊(吉),,下吉,False,戌亥,危
2030-12-15,庚,戌,戊,子,甲,申,成,甲申,十方暮,南,辰巳,庭,False,False,False,False,,True,False,False,西北,出遊(吉),,上吉,False,申酉,成
2030-12-16,庚,戌,戊,子,乙,酉,收,乙酉,十方暮,南,辰巳,庭,False,False,False,False,大禍,True,False,False,西北,出遊(吉),,下吉,False,申酉,收
2030-12-17,庚,戌,戊,子,丙,戌,開,丙戌,十方暮,南,辰巳,庭,False,False,False,False,,True,False,True,西北,出遊(吉),,,False,申酉,開
2030-12-18,庚,戌,戊,子,丁,亥,閉,丁亥,十方暮,南,辰巳,庭,False,True,False,False,,True,False,False,西北,出遊(吉),,,True,申酉,閉
2030-12-19,庚,戌,戊,子,戊,子,建,戊子,十方暮,南,辰巳,庭,False,False,False,False,,True,False,False,北,出遊(吉),,,False,申酉,建
2030-12-20,庚,戌,戊,子,己,丑,除,己丑,十方暮,南,辰巳,庭,False,False,False,False,,True,False,False,北,出遊(吉),,,False,申酉,除
2030-12-21,庚,戌,戊,子,庚,寅,滿,庚寅,十方暮,南,辰巳,庭,False,False,False,False,,True,False,False,北,出遊(吉),,上吉,False,申酉,滿
2030-12-22,庚,戌,戊,子,辛,卯,平,辛卯,十方暮,南,辰巳,庭,False,False,False,False,滅門,True,False,False,北,出遊(吉),,,False,申酉,平
2030-12-23,庚,戌,戊,子,壬,辰,定,壬辰,十方暮,南,辰巳,庭,False,False,False,False,,True,False,True,北,出遊(吉),,,False,申酉,定
2030-12-24,庚,戌,戊,子,癸,巳,執,癸巳,天一天上,南,辰巳,庭,False,True,False,False,,True,False,False,天一天上,北宮(凶),,下吉,True,申酉,執
2030-12-25,庚,戌,戊,子,甲,午,破,甲午,天一天上,南,辰巳,庭,False,False,True,True,狼藉,False,False,False,天一天上,北宮(凶),,,False,午未,破
2030-12-26,庚,戌,戊,子,乙,未,危,乙未,天一天上,南,辰巳,庭,False,False,False,False,,False,False,True,天一天上,北宮(凶),,,False,午未,危
2030-12-27,庚,戌,戊,子,丙,申,成,丙申,天一天上,南,辰巳,庭,False,False,False,False,,False,False,False,天一天上,北宮(凶),,,False,午未,成
2030-12-28,庚,戌,戊,子,丁,酉,收,丁酉,天一天上,南,辰巳,庭,False,True,False,False,大禍,False,False,False,天一天上,北宮(凶),,上吉,False,午未,收
2030-12-29,庚,戌,戊,子,戊,戌,開,戊戌,天一天上,南,辰巳,庭,False,False,False,False,,False,False,False,天一天上,南宮(凶),,,False,午未,開
2030-12-30,庚,戌,戊,子,己,亥,閉,己亥,天一天上,南,辰巳,庭,False,False,False,False,,False,False,False,天一天上,南宮(凶),,,True,午未,閉
2030-12-31,庚,戌,戊,子,庚,子,建,庚子,天一天上,南,辰巳,庭,False,False,False,False,,False,False,False,天一天上,南宮(凶),,中吉,False,午未,建
2031-01-01,庚,戌,戊,子,辛,丑,除,辛丑,天一天上,南,辰巳,庭,False,False,False,False,,False,False,True,天一天上,南宮(凶),,下吉,False,午未,除
2031-01-02,庚,戌,戊,子,壬,寅,滿,壬寅,天一天上,南,辰巳,庭,False,False,False,False,,False,False,False,天一天上,南宮(凶),,中吉,False,午未,滿
2031-01-03,庚,戌,戊,子,癸,卯,平,癸卯,天一天上,南,辰巳,庭,False,True,False,False,滅門,False,False,False,天一天上,西宮(凶),,下吉,False,午未,平
2031-01-04,庚,戌,戊,子,甲,辰,定,甲辰,天一天上,南,辰巳,庭,False,False,False,False,,False,False,False,天一天上,東宮(凶),,中吉,False,辰巳,定
2031-01-05,庚,戌,己,丑,乙,巳,定,乙巳,天一天上,南,辰巳,庭,False,False,False,False,,False,False,False,天一天上,東宮(凶),,,True,辰巳,定
2031-01-06,庚,戌,己,丑,丙,午,執,丙午,天一天上,南,辰巳,庭,False,False,False,False,,False,False,False,天一天上,東宮(凶),,下吉,False,辰巳,執
2031-01-07,庚,戌,己,丑,丁,未,破,丁未,天一天上,南,辰巳,庭,False,False,False,False,,False,False,False,天一天上,東宮(凶),,下吉,False,辰巳,破
2031-01-08,庚,戌,己,丑,戊,申,危,戊申,天一天上,南,辰巳,庭,False,True,False,False,,False,False,False,天一天上,東宮(凶),小土(凶),下吉,False,辰巳,危
2031-01-09,庚,戌,己,丑,己,酉,成,己酉,,南,辰巳,庭,False,True,False,True,狼藉,False,False,False,東北,出遊(吉),小土(凶),上吉,False,辰巳,成
2031-01-10,庚,戌,己,丑,庚,戌,收,庚戌,,南,辰巳,庭,False,False,False,False,滅門,False,False,False,東北,出遊(吉),小土(凶),,False,辰巳,收
2031-01-11,庚,戌,己,丑,辛,亥,開,辛亥,,南,辰巳,庭,False,False,False,False,,False,False,False,東北,出遊(吉),小土(凶),下吉,True,辰巳,開
2031-01-12,庚,戌,己,丑,壬,子,閉,壬子,八專,南,辰巳,庭,False,False,True,False,,False,True,False,東北,出遊(吉),小土(凶),,False,辰巳,閉
2031-01-13,庚,戌,己,丑,癸,丑,建,癸丑,八專,南,辰巳,庭,False,False,False,False,,False,False,False,東北,出遊(吉),小土(凶),下吉,False,辰巳,建
2031-01-14,庚,戌,己,丑,甲,寅,除,甲寅,八專,南,辰巳,庭,False,False,False,False,,False,True,False,東北,出遊(吉),小土(凶),下吉,False,寅卯,除
2031-01-15,庚,戌,己,丑,乙,卯,滿,乙卯,八專,南,辰巳,庭,False,False,False,False,,False,True,False,東,出遊(吉),,下吉,False,寅卯,滿
2031-01-16,庚,戌,己,丑,丙,辰,平,丙辰,八專,南,辰巳,庭,False,False,False,False,大禍,False,False,False,東,出遊(吉),,,False,寅卯,平
2031-01-17,庚,戌,己,丑,丁,巳,定,丁巳,八專,南,辰巳,庭,False,False,False,False,,False,True,False,東,出遊(吉),,下吉,True,寅卯,定
2031-01-18,庚,戌,己,丑,戊,午,執,戊午,八專,南,辰巳,庭,False,True,False,False,,False,True,False,東,出遊(吉),,,False,寅卯,執
2031-01-19,庚,戌,己,丑,己,未,破,己未,八專,南,辰巳,庭,False,True,False,False,,False,False,False,東,出遊(吉),,下吉,False,寅卯,破
2031-01-20,庚,戌,己,丑,庚,申,危,庚申,八專,南,辰巳,庭,False,False,False,False,,False,True,False,東南,出遊(吉),,,False,寅卯,危
2031-01-21,庚,戌,己,丑,辛,酉,成,辛酉,八專,南,辰巳,庭,False,False,False,True,狼藉,False,True,False,東南,出遊(吉),,下吉,False,寅卯,成
2031-01-22,庚,戌,己,丑,壬,戌,收,壬戌,八專,南,辰巳,庭,False,False,False,False,滅門,False,False,False,東南,出遊(吉),,,False,寅卯,收
2031-01-23,辛,亥,己,丑,癸,亥,開,癸亥,八專,西,子丑寅卯,庭,False,False,False,False,,False,True,False,東南,出遊(吉),,,True,寅卯,開
2031-01-24,辛,亥,己,丑,甲,子,閉,甲子,,西,子丑寅卯,庭,True,False,True,False,,False,False,False,東南,出遊(吉),,,False,子丑,閉
2031-01-25,辛,亥,己,丑,乙,丑,建,乙丑,,西,子丑寅卯,庭,False,False,False,False,,False,False,False,東南,出遊(吉),,,False,子丑,建
2031-01-26,辛,亥,己,丑,丙,寅,除,丙寅,,西,子丑寅卯,庭,False,False,False,False,,False,False,False,南,出遊(吉),,下吉,False,子丑,除
2031-01-27,辛,亥,己,丑,丁,卯,滿,丁卯,,西,子丑寅卯,庭,False,False,False,False,,False,False,False,南,出遊(吉),,下吉,False,子丑,滿
2031-01-28,辛,亥,己,丑,戊,辰,平,戊辰,,西,子丑寅卯,庭,False,True,False,False,大禍,False,False,True,南,出遊(吉),,,False,子丑,平
2031-01-29,辛,亥,己,丑,己,巳,定,己巳,,西,子丑寅卯,庭,False,True,False,False,,False,False,False,南,出遊(吉),,,True,子丑,定
2031-01-30,辛,亥,己,丑,庚,午,執,庚午,,西,子丑寅卯,庭,False,False,False,False,,False,False,False,南,出遊(吉),大土(凶),下吉,False,子丑,執
2031-01-31,辛,亥,己,丑,辛,未,破,辛未,,西,子丑寅卯,庭,False,False,False,False,,False,False,False,西南,出遊(吉),大土(凶),中吉,False,子丑,破
2031-02-01,辛,亥,己,丑,壬,申,危,壬申,,西,子丑寅卯,庭,False,False,False,False,,False,False,False,西南,出遊(吉),大土(凶),,False,子丑,危
2031-02-02,辛,亥,己,丑,癸,酉,成,癸酉,,西,子丑寅卯,庭,False,False,False,True,狼藉,False,False,False,西南,出遊(吉),大土(凶),中吉,False,子丑,成
2031-02-03,辛,亥,己,丑,甲,戌,收,甲戌,,西,子丑寅卯,庭,False,False,False,False,滅門,False,False,False,西南,出遊(吉),大土(凶),,False,戌亥,收
2031-02-04,辛,亥,庚,寅,乙,亥,收,乙亥,,西,子丑寅卯,灶,False,False,False,False,大禍,False,False,False,西南,出遊(吉),大土(凶),,True,戌亥,收
2031-02-05,辛,亥,庚,寅,丙,子,開,丙子,,西,子丑寅卯,灶,False,False,False,True,狼藉,False,False,False,西南,出遊(吉),大土(凶),,False,戌亥,開
2031-02-06,辛,亥,庚,寅,丁,丑,閉,丁丑,,西,子丑寅卯,灶,False,False,True,False,,False,False,False,西,出遊(吉),,下吉,False,戌亥,閉
2031-02-07,辛,亥,庚,寅,戊,寅,建,戊寅,,西,子丑寅卯,灶,True,False,False,False,,False,False,False,西,出遊(吉),,下吉,False,戌亥,建
2031-02-08,辛,亥,庚,寅,己,卯,除,己卯,,西,子丑寅卯,灶,False,False,False,False,,False,False,False,西,出遊(吉),,,False,戌亥,除
2031-02-09,辛,亥,庚,寅,庚,辰,滿,庚辰,,西,子丑寅卯,灶,False,True,False,False,,False,False,False,西,出遊(吉),,下吉,False,戌亥,滿
2031-02-10,辛,亥,庚,寅,辛,巳,平,辛巳,,西,子丑寅卯,灶,False,False,False,False,滅門,False,False,False,西,出遊(吉),,下吉,True,戌亥,平
2031-02-11,辛,亥,庚,寅,壬,午,定,壬午,,西,子丑寅卯,灶,False,False,False,False,,False,False,False,西北,出遊(吉),,上吉,False,戌亥,定
2031-02-12,辛,亥,庚,寅,癸,未,執,癸未,,西,子丑寅卯,灶,False,False,False,False,,False,False,False,西北,出遊(吉),,下吉,False,戌亥,執
2031-02-13,辛,亥,庚,寅,甲,申,破,甲申,十方暮,西,子丑寅卯,灶,False,True,False,False,,True,False,False,西北,出遊(吉),,上吉,False,申酉,破
2031-02-14,辛,亥,庚,寅,乙,酉,危,乙酉,十方暮,西,子丑寅卯,灶,False,False,False,False,,True,False,False,西北,出遊(吉),,下吉,False,申酉,危
2031-02-15,辛,亥,庚,寅,丙,戌,成,丙戌,十方暮,西,子丑寅卯,灶,False,False,False,False,,True,False,True,西北,出遊(吉),,,False,申酉,成
2031-02-16,辛,亥,庚,寅,丁,亥,收,丁亥,十方暮,西,子丑寅卯,灶,False,False,False,False,大禍,True,False,False,西北,出遊(吉),,,True,申酉,收
2031-02-17,辛,亥,庚,寅,戊,子,開,戊子,十方暮,西,子丑寅卯,灶,False,False,False,True,狼藉,True,False,False,北,出遊(吉),,,False,申酉,開
2031-02-18,辛,亥,庚,寅,己,丑,閉,己丑,十方暮,西,子丑寅卯,灶,False,False,True,False,,True,False,False,北,出遊(吉),,,False,申酉,閉
2031-02-19,辛,亥,庚,寅,庚,寅,建,庚寅,十方暮,西,子丑寅卯,灶,False,True,False,False,,True,False,False,北,出遊(吉),,上吉,False,申酉,建
2031-02-20,辛,亥,庚,寅,辛,卯,除,辛卯,十方暮,西,子丑寅卯,灶,False,False,False,False,,True,False,False,北,出遊(吉),,,False,申酉,除
2031-02-21,辛,亥,庚,寅,壬,辰,滿,壬辰,十方暮,西,子丑寅卯,灶,False,False,False,False,,True,False,True,北,出遊(吉),,,False,申酉,滿
2031-02-22,辛,亥,庚,寅,癸,巳,平,癸巳,天一天上,西,子丑寅卯,灶,False,False,False,False,滅門,True,False,False,天一天上,北宮(凶),,下吉,True,申酉,平
2031-02-23,辛,亥,庚,寅,甲,午,定,甲午,天一天上,西,子丑寅卯,灶,False,True,False,False,,False,False,False,天一天上,北宮(凶),,,False,午未,定
2031-02-24,辛,亥,庚,寅,乙,未,執,乙未,天一天上,西,子丑寅卯,灶,False,False,False,False,,False,False,True,天一天上,北宮(凶),,,False,午未,執
2031-02-25,辛,亥,庚,寅,丙,申,破,丙申,天一天上,西,子丑寅卯,灶,False,False,False,False,,False,False,False,天一天上,北宮(凶),,,False,午未,破
2031-02-26,辛,亥,庚,寅,丁,酉,危,丁酉,天一天上,西,子丑寅卯,灶,False,False,False,False,,False,False,False,天一天上,北宮(凶),,上吉,False,午未,危
2031-02-27,辛,亥,庚,寅,戊,戌,成,戊戌,天一天上,西,子丑寅卯,灶,False,False,False,False,,False,False,False,天一天上,南宮(凶),,,False,午未,成
2031-02-28,辛,亥,庚,寅,己,亥,收,己亥,天一天上,西,子丑寅卯,灶,False,False,False,False,大禍,False,False,False,天一天上,南宮(凶),,,True,午未,收
2031-03-01,辛,亥,庚,寅,庚,子,開,庚子,天一天上,西,子丑寅卯,灶,False,True,False,True,狼藉,False,False,False,天一天上,南宮(凶),,中吉,False,午未,開
2031-03-02,辛,亥,庚,寅,辛,丑,閉,辛丑,天一天上,西,子丑寅卯,灶,False,False,True,False,,False,False,True,天一天上,南宮(凶),,下吉,False,午未,閉
2031-03-03,辛,亥,庚,寅,壬,寅,建,壬寅,天一天上,西,子丑寅卯,灶,False,False,False,False,,False,False,False,天一天上,南宮(凶),,中吉,False,午未,建
2031-03-04,辛,亥,庚,寅,癸,卯,除,癸卯,天一天上,西,子丑寅卯,灶,False,False,False,False,,False,False,False,天一天上,西宮(凶),,下吉,False,午未,除
2031-03-05,辛,亥,庚,寅,甲,辰,滿,甲辰,天一天上,西,子丑寅卯,灶,False,True,False,False,,False,False,False,天一天上,東宮(凶),,中吉,False,辰巳,滿
2031-03-06,辛,亥,辛,卯,乙,巳,滿,乙巳,天一天上,西,子丑寅卯,灶,False,True,False,False,,False,False,False,天一天上,東宮(凶),,,True,辰巳,滿
2031-03-07,辛,亥,辛,卯,丙,午,平,丙午,天一天上,西,子丑寅卯,灶,False,False,False,False,大禍,False,False,False,天一天上,東宮(凶),,下吉,False,辰巳,平
2031-03-08,辛,亥,辛,卯,丁,未,定,丁未,天一天上,西,子丑寅卯,灶,False,False,True,False,,False,False,False,天一天上,東宮(凶),,下吉,False,辰巳,定
2031-03-09,辛,亥,辛,卯,戊,申,執,戊申,天一天上,西,子丑寅卯,灶,False,False,False,False,,False,False,False,天一天上,東宮(凶),小土(凶),下吉,False,辰巳,執
2031-03-10,辛,亥,辛,卯,己,酉,破,己酉,,西,子丑寅卯,灶,False,False,False,False,,False,False,False,東北,出遊(吉),小土(凶),上吉,False,辰巳,破
2031-03-11,辛,亥,辛,卯,庚,戌,危,庚戌,,西,子丑寅卯,灶,False,False,False,False,,False,False,False,東北,出遊(吉),小土(凶),,False,辰巳,危
2031-03-12,辛,亥,辛,卯,辛,亥,成,辛亥,,西,子丑寅卯,灶,False,True,False,False,,False,False,False,東北,出遊(吉),小土(凶),下吉,True,辰巳,成
2031-03-13,辛,亥,辛,卯,壬,子,收,壬子,八專,西,子丑寅卯,灶,False,False,False,False,滅門,False,True,False,東北,出遊(吉),小土(凶),,False,辰巳,收
2031-03-14,辛,亥,辛,卯,癸,丑,開,癸丑,八專,西,子丑寅卯,灶,False,False,False,False,,False,False,False,東北,出遊(吉),小土(凶),下吉,False,辰巳,開
2031-03-15,辛,亥,辛,卯,甲,寅,閉,甲寅,八專,西,子丑寅卯,灶,False,False,False,False,,False,True,False,東北,出遊(吉),小土(凶),下吉,False,寅卯,閉
2031-03-16,辛,亥,辛,卯,乙,卯,建,乙卯,八專,西,子丑寅卯,灶,False,True,False,True,狼藉,False,True,False,東,出遊(吉),,下吉,False,寅卯,建
2031-03-17,辛,亥,辛,卯,丙,辰,除,丙辰,八專,西,子丑寅卯,灶,False,False,False,False,,False,False,False,東,出遊(吉),,,False,寅卯,除
2031-03-18,辛,亥,辛,卯,丁,巳,滿,丁巳,八專,西,子丑寅卯,灶,False,False,False,False,,False,True,False,東,出遊(吉),,下吉,True,寅卯,滿
2031-03-19,辛,亥,辛,卯,戊,午,平,戊午,八專,西,子丑寅卯,灶,False,False,False,False,大禍,False,True,False,東,出遊(吉),,,False,寅卯,平
2031-03-20,辛,亥,辛,卯,己,未,定,己未,八專,西,子丑寅卯,灶,False,False,True,False,,False,False,False,東,出遊(吉),,下吉,False,寅卯,定
2031-03-21,辛,亥,辛,卯,庚,申,執,庚申,八專,西,子丑寅卯,灶,False,False,False,False,,False,True,False,東南,出遊(吉),,,False,寅卯,執
2031-03-22,辛,亥,辛,卯,辛,酉,破,辛酉,八專,西,子丑寅卯,灶,False,True,False,False,,False,True,False,東南,出遊(吉),,下吉,False,寅卯,破
2031-03-23,辛,亥,辛,卯,壬,戌,危,壬戌,八專,西,子丑寅卯,灶,False,False,False,False,,False,False,False,東南,出遊(吉),,,False,寅卯,危
2031-03-24,辛,亥,辛,卯,癸,亥,成,癸亥,八專,西,子丑寅卯,灶,False,False,False,False,,False,True,False,東南,出遊(吉),,,True,寅卯,成
2031-03-25,辛,亥,辛,卯,甲,子,收,甲子,,西,子丑寅卯,灶,False,False,False,False,滅門,False,False,False,東南,出遊(吉),,,False,子丑,收
2031-03-26,辛,亥,辛,卯,乙,丑,開,乙丑,,西,子丑寅卯,灶,False,True,False,False,,False,False,False,東南,出遊(吉),,,False,子丑,開
2031-03-27,辛,亥,辛,卯,丙,寅,閉,丙寅,,西,子丑寅卯,灶,False,False,False,False,,False,False,False,南,出遊(吉),,下吉,False,子丑,閉
2031-03-28,辛,亥,辛,卯,丁,卯,建,丁卯,,西,子丑寅卯,灶,False,False,False,True,狼藉,False,False,False,南,出遊(吉),,下吉,False,子丑,建
2031-03-29,辛,亥,辛,卯,戊,辰,除,戊辰,,西,子丑寅卯,灶,False,False,False,False,,False,False,True,南,出遊(吉),,,False,子丑,除
2031-03-30,辛,亥,辛,卯,己,巳,滿,己巳,,西,子丑寅卯,灶,False,False,False,False,,False,False,False,南,出遊(吉),,,True,子丑,滿
2031-03-31,辛,亥,辛,卯,庚,午,平,庚午,,西,子丑寅卯,灶,False,False,False,False,大禍,False,False,False,南,出遊(吉),大土(凶),下吉,False,子丑,平
2031-04-01,辛,亥,辛,卯,辛,未,定,辛未,,西,子丑寅卯,灶,False,True,True,False,,False,False,False,西南,出遊(吉),大土(凶),中吉,False,子丑,定
2031-04-02,辛,亥,辛,卯,壬,申,執,壬申,,西,子丑寅卯,灶,False,False,False,False,,False,False,False,西南,出遊(吉),大土(凶),,False,子丑,執
2031-04-03,辛,亥,辛,卯,癸,酉,破,癸酉,,西,子丑寅卯,灶,False,False,False,False,,False,False,False,西南,出遊(吉),大土(凶),中吉,False,子丑,破
2031-04-04,辛,亥,辛,卯,甲,戌,危,甲戌,,西,子丑寅卯,灶,False,False,False,False,,False,False,False,西南,出遊(吉),大土(凶),,False,戌亥,危
2031-04-05,辛,亥,壬,辰,乙,亥,危,乙亥,,西,子丑寅卯,灶,False,False,False,False,,False,False,False,西南,出遊(吉),大土(凶),,True,戌亥,危
2031-04-06,辛,亥,壬,辰,丙,子,成,丙子,,西,子丑寅卯,灶,False,False,False,False,,False,False,False,西南,出遊(吉),大土(凶),,False,戌亥,成
2031-04-07,辛,亥,壬,辰,丁,丑,收,丁丑,,西,子丑寅卯,灶,False,False,False,False,大禍,False,False,False,西,出遊(吉),,下吉,False,戌亥,收
2031-04-08,辛,亥,壬,辰,戊,寅,開,戊寅,,西,子丑寅卯,灶,True,True,True,False,,False,False,False,西,出遊(吉),,下吉,False,戌亥,開
2031-04-09,辛,亥,壬,辰,己,卯,閉,己卯,,西,子丑寅卯,灶,False,True,False,False,,False,False,False,西,出遊(吉),,,False,戌亥,閉
2031-04-10,辛,亥,壬,辰,庚,辰,建,庚辰,,西,子丑寅卯,灶,False,False,False,False,,False,False,False,西,出遊(吉),,下吉,False,戌亥,建
2031-04-11,辛,亥,壬,辰,辛,巳,除,辛巳,,西,子丑寅卯,灶,False,False,False,False,,False,False,False,西,出遊(吉),,下吉,True,戌亥,除
2031-04-12,辛,亥,壬,辰,壬,午,滿,壬午,,西,子丑寅卯,灶,False,False,False,True,狼藉,False,False,False,西北,出遊(吉),,上吉,False,戌亥,滿
2031-04-13,辛,亥,壬,辰,癸,未,平,癸未,,西,子丑寅卯,灶,False,False,False,False,滅門,False,False,False,西北,出遊(吉),,下吉,False,戌亥,平
2031-04-14,辛,亥,壬,辰,甲,申,定,甲申,十方暮,西,子丑寅卯,灶,False,False,False,False,,True,False,False,西北,出遊(吉),,上吉,False,申酉,定
2031-04-15,辛,亥,壬,辰,乙,酉,執,乙酉,十方暮,西,子丑寅卯,灶,False,False,False,False,,True,False,False,西北,出遊(吉),,下吉,False,申酉,執
2031-04-16,辛,亥,壬,辰,丙,戌,破,丙戌,十方暮,西,子丑寅卯,灶,False,False,False,False,,True,False,True,西北,出遊(吉),,,False,申酉,破
2031-04-17,辛,亥,壬,辰,丁,亥,危,丁亥,十方暮,西,子丑寅卯,灶,False,False,False,False,,True,False,False,西北,出遊(吉),,,True,申酉,危
2031-04-18,辛,亥,壬,辰,戊,子,成,戊子,十方暮,西,子丑寅卯,灶,False,True,False,False,,True,False,False,北,出遊(吉),,,False,申酉,成
2031-04-19,辛,亥,壬,辰,己,丑,收,己丑,十方暮,西,子丑寅卯,灶,False,True,False,False,大禍,True,False,False,北,出遊(吉),,,False,申酉,收
2031-04-20,辛,亥,壬,辰,庚,寅,開,庚寅,十方暮,西,子丑寅卯,灶,False,False,True,False,,True,False,False,北,出遊(吉),,上吉,False,申酉,開
2031-04-21,辛,亥,壬,辰,辛,卯,閉,辛卯,十方暮,西,子丑寅卯,灶,False,False,False,False,,True,False,False,北,出遊(吉),,,False,申酉,閉
2031-04-22,辛,亥,壬,辰,壬,辰,建,壬辰,十方暮,西,子丑寅卯,灶,False,False,False,False,,True,False,True,北,出遊(吉),,,False,申酉,建
2031-04-23,辛,亥,壬,辰,癸,巳,除,癸巳,天一天上,西,子丑寅卯,灶,False,False,False,False,,True,False,False,天一天上,北宮(凶),,下吉,True,申酉,除
2031-04-24,辛,亥,壬,辰,甲,午,滿,甲午,天一天上,西,子丑寅卯,灶,False,False,False,True,狼藉,False,False,False,天一天上,北宮(凶),,,False,午未,滿
2031-04-25,辛,亥,壬,辰,乙,未,平,乙未,天一天上,西,子丑寅卯,灶,False,False,False,False,滅門,False,False,True,天一天上,北宮(凶),,,False,午未,平
2031-04-26,辛,亥,壬,辰,丙,申,定,丙申,天一天上,西,子丑寅卯,灶,False,False,False,False,,False,False,False,天一天上,北宮(凶),,,False,午未,定
2031-04-27,辛,亥,壬,辰,丁,酉,執,丁酉,天一天上,西,子丑寅卯,灶,False,False,False,False,,False,False,False,天一天上,北宮(凶),,上吉,False,午未,執
2031-04-28,辛,亥,壬,辰,戊,戌,破,戊戌,天一天上,西,子丑寅卯,灶,False,True,False,False,,False,False,False,天一天上,南宮(凶),,,False,午未,破
2031-04-29,辛,亥,壬,辰,己,亥,危,己亥,天一天上,西,子丑寅卯,灶,False,True,False,False,,False,False,False,天一天上,南宮(凶),,,True,午未,危
2031-04-30,辛,亥,壬,辰,庚,子,成,庚子,天一天上,西,子丑寅卯,灶,False,False,False,False,,False,False,False,天一天上,南宮(凶),,中吉,False,午未,成
2031-05-01,辛,亥,壬,辰,辛,丑,收,辛丑,天一天上,西,子丑寅卯,灶,False,False,False,False,大禍,False,False,True,天一天上,南宮(凶),,下吉,False,午未,收
2031-05-02,辛,亥,壬,辰,壬,寅,開,壬寅,天一天上,西,子丑寅卯,灶,False,False,True,False,,False,False,False,天一天上,南宮(凶),,中吉,False,午未,開
2031-05-03,辛,亥,壬,辰,癸,卯,閉,癸卯,天一天上,西,子丑寅卯,灶,False,False,False,False,,False,False,False,天一天上,西宮(凶),,下吉,False,午未,閉
2031-05-04,辛,亥,壬,辰,甲,辰,建,甲辰,天一天上,西,子丑寅卯,灶,False,False,False,False,,False,False,False,天一天上,東宮(凶),,中吉,False,辰巳,建
2031-05-05,辛,亥,壬,辰,乙,巳,除,乙巳,天一天上,西,子丑寅卯,灶,False,False,False,False,,False,False,False,天一天上,東宮(凶),,,True,辰巳,除
2031-05-06,辛,亥,癸,巳,丙,午,除,丙午,天一天上,西,子丑寅卯,門,False,True,False,False,狼藉,False,False,False,天一天上,東宮(凶),,下吉,False,辰巳,除
2031-05-07,辛,亥,癸,巳,丁,未,滿,丁未,天一天上,西,子丑寅卯,門,False,False,False,False,,False,False,False,天一天上,東宮(凶),,下吉,False,辰巳,滿
2031-05-08,辛,亥,癸,巳,戊,申,平,戊申,天一天上,西,子丑寅卯,門,False,False,True,False,大禍,False,False,False,天一天上,東宮(凶),小土(凶),下吉,False,辰巳,平
2031-05-09,辛,亥,癸,巳,己,酉,定,己酉,,西,子丑寅卯,門,False,False,False,True,,False,False,False,東北,出遊(吉),小土(凶),上吉,False,辰巳,定
2031-05-10,辛,亥,癸,巳,庚,戌,執,庚戌,,西,子丑寅卯,門,False,False,False,False,,False,False,False,東北,出遊(吉),小土(凶),,False,辰巳,執
2031-05-11,辛,亥,癸,巳,辛,亥,破,辛亥,,西,子丑寅卯,門,False,False,False,False,,False,False,False,東北,出遊(吉),小土(凶),下吉,True,辰巳,破
2031-05-12,辛,亥,癸,巳,壬,子,危,壬子,八專,西,子丑寅卯,門,False,True,False,False,,False,True,False,東北,出遊(吉),小土(凶),,False,辰巳,危
2031-05-13,辛,亥,癸,巳,癸,丑,成,癸丑,八專,西,子丑寅卯,門,False,False,False,False,,False,False,False,東北,出遊(吉),小土(凶),下吉,False,辰巳,成
2031-05-14,辛,亥,癸,巳,甲,寅,收,甲寅,八專,西,子丑寅卯,門,False,False,False,False,滅門,False,True,False,東北,出遊(吉),小土(凶),下吉,False,寅卯,收
2031-05-15,辛,亥,癸,巳,乙,卯,開,乙卯,八專,西,子丑寅卯,門,False,False,False,False,,False,True,False,東,出遊(吉),,下吉,False,寅卯,開
2031-05-16,辛,亥,癸,巳,丙,辰,閉,丙辰,八專,西,子丑寅卯,門,False,True,False,False,,False,False,False,東,出遊(吉),,,False,寅卯,閉
2031-05-17,辛,亥,癸,巳,丁,巳,建,丁巳,八專,西,子丑寅卯,門,False,False,False,False,,False,True,False,東,出遊(吉),,下吉,True,寅卯,建
2031-05-18,辛,亥,癸,巳,戊,午,除,戊午,八專,西,子丑寅卯,門,False,False,False,False,狼藉,False,True,False,東,出遊(吉),,,False,寅卯,除
2031-05-19,辛,亥,癸,巳,己,未,滿,己未,八專,西,子丑寅卯,門,False,False,False,False,,False,False,False,東,出遊(吉),,下吉,False,寅卯,滿
2031-05-20,辛,亥,癸,巳,庚,申,平,庚申,八專,西,子丑寅卯,門,False,False,True,False,大禍,False,True,False,東南,出遊(吉),,,False,寅卯,平
2031-05-21,辛,亥,癸,巳,辛,酉,定,辛酉,八專,西,子丑寅卯,門,False,False,False,True,,False,True,False,東南,出遊(吉),,下吉,False,寅卯,定
2031-05-22,辛,亥,癸,巳,壬,戌,執,壬戌,八專,西,子丑寅卯,門,False,True,False,False,,False,False,False,東南,出遊(吉),,,False,寅卯,執
2031-05-23,辛,亥,癸,巳,癸,亥,破,癸亥,八專,西,子丑寅卯,門,False,False,False,False,,False,True,False,東南,出遊(吉),,,True,寅卯,破
2031-05-24,辛,亥,癸,巳,甲,子,危,甲子,,西,子丑寅卯,門,False,False,False,False,,False,False,False,東南,出遊(吉),,,False,子丑,危
2031-05-25,辛,亥,癸,巳,乙,丑,成,乙丑,,西,子丑寅卯,門,False,False,False,False,,False,False,False,東南,出遊(吉),,,False,子丑,成
2031-05-26,辛,亥,癸,巳,丙,寅,收,丙寅,,西,子丑寅卯,門,False,True,False,False,滅門,False,False,False,南,出遊(吉),,下吉,False,子丑,收
2031-05-27,辛,亥,癸,巳,丁,卯,開,丁卯,,西,子丑寅卯,門,False,False,False,False,,False,False,False,南,出遊(吉),,下吉,False,子丑,開
2031-05-28,辛,亥,癸,巳,戊,辰,閉,戊辰,,西,子丑寅卯,門,False,False,False,False,,False,False,True,南,出遊(吉),,,False,子丑,閉
2031-05-29,辛,亥,癸,巳,己,巳,建,己巳,,西,子丑寅卯,門,False,False,False,False,,False,False,False,南,出遊(吉),,,True,子丑,建
2031-05-30,辛,亥,癸,巳,庚,午,除,庚午,,西,子丑寅卯,門,False,False,False,False,狼藉,False,False,False,南,出遊(吉),大土(凶),下吉,False,子丑,除
2031-05-31,辛,亥,癸,巳,辛,未,滿,辛未,,西,子丑寅卯,門,False,False,False,False,,False,False,False,西南,出遊(吉),大土(凶),中吉,False,子丑,滿
2031-06-01,辛,亥,癸,巳,壬,申,平,壬申,,西,子丑寅卯,門,False,True,True,False,大禍,False,False,False,西南,出遊(吉),大土(凶),,False,子丑,平
2031-06-02,辛,亥,癸,巳,癸,酉,定,癸酉,,西,子丑寅卯,門,False,False,False,True,,False,False,False,西南,出遊(吉),大土(凶),中吉,False,子丑,定
2031-06-03,辛,亥,癸,巳,甲,戌,執,甲戌,,西,子丑寅卯,門,False,False,False,False,,False,False,False,西南,出遊(吉),大土(凶),,False,戌亥,執
2031-06-04,辛,亥,癸,巳,乙,亥,破,乙亥,,西,子丑寅卯,門,False,False,False,False,,False,False,False,西南,出遊(吉),大土(凶),,True,戌亥,破
2031-06-05,辛,亥,癸,巳,丙,子,危,丙子,,西,子丑寅卯,門,False,True,False,False,,False,False,False,西南,出遊(吉),大土(凶),,False,戌亥,危
2031-06-06,辛,亥,甲,午,丁,丑,危,丁丑,,西,子丑寅卯,門,False,True,False,False,,False,False,False,西,出遊(吉),,下吉,False,戌亥,危
2031-06-07,辛,亥,甲,午,戊,寅,成,戊寅,,西,子丑寅卯,門,False,False,False,False,,False,False,False,西,出遊(吉),,下吉,False,戌亥,成
2031-06-08,辛,亥,甲,午,己,卯,收,己卯,,西,子丑寅卯,門,False,False,True,False,大禍,False,False,False,西,出遊(吉),,,False,戌亥,收
2031-06-09,辛,亥,甲,午,庚,辰,開,庚辰,,西,子丑寅卯,門,False,False,False,False,,False,False,False,西,出遊(吉),,下吉,False,戌亥,開
2031-06-10,辛,亥,甲,午,辛,巳,閉,辛巳,,西,子丑寅卯,門,False,False,False,False,,False,False,False,西,出遊(吉),,下吉,True,戌亥,閉
2031-06-11,辛,亥,甲,午,壬,午,建,壬午,,西,子丑寅卯,門,False,False,False,False,,False,False,False,西北,出遊(吉),,上吉,False,戌亥,建
2031-06-12,辛,亥,甲,午,癸,未,除,癸未,,西,子丑寅卯,門,False,True,False,False,,False,False,False,西北,出遊(吉),,下吉,False,戌亥,除
2031-06-13,辛,亥,甲,午,甲,申,滿,甲申,十方暮,西,子丑寅卯,門,False,False,False,False,,True,False,False,西北,出遊(吉),,上吉,False,申酉,滿
2031-06-14,辛,亥,甲,午,乙,酉,平,乙酉,十方暮,西,子丑寅卯,門,False,False,False,False,滅門,True,False,False,西北,出遊(吉),,下吉,False,申酉,平
2031-06-15,辛,亥,甲,午,丙,戌,定,丙戌,十方暮,西,子丑寅卯,門,False,False,False,False,,True,False,True,西北,出遊(吉),,,False,申酉,定
2031-06-16,辛,亥,甲,午,丁,亥,執,丁亥,十方暮,西,子丑寅卯,門,False,True,False,False,,True,False,False,西北,出遊(吉),,,True,申酉,執
2031-06-17,辛,亥,甲,午,戊,子,破,戊子,十方暮,西,子丑寅卯,門,False,False,False,True,狼藉,True,False,False,北,出遊(吉),,,False,申酉,破
2031-06-18,辛,亥,甲,午,己,丑,危,己丑,十方暮,西,子丑寅卯,門,False,False,False,False,,True,False,False,北,出遊(吉),,,False,申酉,危
2031-06-19,辛,亥,甲,午,庚,寅,成,庚寅,十方暮,西,子丑寅卯,門,False,False,False,False,,True,False,False,北,出遊(吉),,上吉,False,申酉,成
2031-06-20,辛,亥,甲,午,辛,卯,收,辛卯,十方暮,西,子丑寅卯,門,False,False,True,False,大禍,True,False,False,北,出遊(吉),,,False,申酉,收
2031-06-21,辛,亥,甲,午,壬,辰,開,壬辰,十方暮,西,子丑寅卯,門,False,False,False,False,,True,False,True,北,出遊(吉),,,False,申酉,開
2031-06-22,辛,亥,甲,午,癸,巳,閉,癸巳,天一天上,西,子丑寅卯,門,False,True,False,False,,True,False,False,天一天上,北宮(凶),,下吉,True,申酉,閉
2031-06-23,辛,亥,甲,午,甲,午,建,甲午,天一天上,西,子丑寅卯,門,True,False,False,False,,False,False,False,天一天上,北宮(凶),,,False,午未,建
2031-06-24,辛,亥,甲,午,乙,未,除,乙未,天一天上,西,子丑寅卯,門,False,False,False,False,,False,False,True,天一天上,北宮(凶),,,False,午未,除
2031-06-25,辛,亥,甲,午,丙,申,滿,丙申,天一天上,西,子丑寅卯,門,False,False,False,False,,False,False,False,天一天上,北宮(凶),,,False,午未,滿
2031-06-26,辛,亥,甲,午,丁,酉,平,丁酉,天一天上,西,子丑寅卯,門,False,True,False,False,滅門,False,False,False,天一天上,北宮(凶),,上吉,False,午未,平
2031-06-27,辛,亥,甲,午,戊,戌,定,戊戌,天一天上,西,子丑寅卯,門,False,False,False,False,,False,False,False,天一天上,南宮(凶),,,False,午未,定
2031-06-28,辛,亥,甲,午,己,亥,執,己亥,天一天上,西,子丑寅卯,門,False,False,False,False,,False,False,False,天一天上,南宮(凶),,,True,午未,執
2031-06-29,辛,亥,甲,午,庚,子,破,庚子,天一天上,西,子丑寅卯,門,False,False,False,True,狼藉,False,False,False,天一天上,南宮(凶),,中吉,False,午未,破
2031-06-30,辛,亥,甲,午,辛,丑,危,辛丑,天一天上,西,子丑寅卯,門,False,False,False,False,,False,False,True,天一天上,南宮(凶),,下吉,False,午未,危
2031-07-01,辛,亥,甲,午,壬,寅,成,壬寅,天一天上,西,子丑寅卯,門,False,False,False,False,,False,False,False,天一天上,南宮(凶),,中吉,False,午未,成
2031-07-02,辛,亥,甲,午,癸,卯,收,癸卯,天一天上,西,子丑寅卯,門,False,True,True,False,大禍,False,False,False,天一天上,西宮(凶),,下吉,False,午未,收
2031-07-03,辛,亥,甲,午,甲,辰,開,甲辰,天一天上,西,子丑寅卯,門,False,False,False,False,,False,False,False,天一天上,東宮(凶),,中吉,False,辰巳,開
2031-07-04,辛,亥,甲,午,乙,巳,閉,乙巳,天一天上,西,子丑寅卯,門,False,False,False,False,,False,False,False,天一天上,東宮(凶),,,True,辰巳,閉
2031-07-05,辛,亥,甲,午,丙,午,建,丙午,天一天上,西,子丑寅卯,門,False,False,False,False,,False,False,False,天一天上,東宮(凶),,下吉,False,辰巳,建
2031-07-06,辛,亥,甲,午,丁,未,除,丁未,天一天上,西,子丑寅卯,門,False,True,False,False,,False,False,False,天一天上,東宮(凶),,下吉,False,辰巳,除
2031-07-07,辛,亥,乙,未,戊,申,除,戊申,天一天上,西,子丑寅卯,門,False,True,False,False,,False,False,False,天一天上,東宮(凶),小土(凶),下吉,False,辰巳,除
2031-07-08,辛,亥,乙,未,己,酉,滿,己酉,,西,子丑寅卯,門,False,True,True,False,,False,False,False,東北,出遊(吉),小土(凶),上吉,False,辰巳,滿
2031-07-09,辛,亥,乙,未,庚,戌,平,庚戌,,西,子丑寅卯,門,False,False,False,False,大禍,False,False,False,東北,出遊(吉),小土(凶),,False,辰巳,平
2031-07-10,辛,亥,乙,未,辛,亥,定,辛亥,,西,子丑寅卯,門,False,False,False,False,,False,False,False,東北,出遊(吉),小土(凶),下吉,True,辰巳,定
2031-07-11,辛,亥,乙,未,壬,子,執,壬子,八專,西,子丑寅卯,門,False,False,False,False,,False,True,False,東北,出遊(吉),小土(凶),,False,辰巳,執
2031-07-12,辛,亥,乙,未,癸,丑,破,癸丑,八專,西,子丑寅卯,門,False,False,False,False,,False,False,False,東北,出遊(吉),小土(凶),下吉,False,辰巳,破
2031-07-13,辛,亥,乙,未,甲,寅,危,甲寅,八專,西,子丑寅卯,門,False,False,False,False,,False,True,False,東北,出遊(吉),小土(凶),下吉,False,寅卯,危
2031-07-14,辛,亥,乙,未,乙,卯,成,乙卯,八專,西,子丑寅卯,門,False,False,False,True,狼藉,False,True,False,東,出遊(吉),,下吉,False,寅卯,成
2031-07-15,辛,亥,乙,未,丙,辰,收,丙辰,八專,西,子丑寅卯,門,False,False,False,False,滅門,False,False,False,東,出遊(吉),,,False,寅卯,收
2031-07-16,辛,亥,乙,未,丁,巳,開,丁巳,八專,西,子丑寅卯,門,False,False,False,False,,False,True,False,東,出遊(吉),,下吉,True,寅卯,開
2031-07-17,辛,亥,乙,未,戊,午,閉,戊午,八專,西,子丑寅卯,門,False,True,False,False,,False,True,False,東,出遊(吉),,,False,寅卯,閉
2031-07-18,辛,亥,乙,未,己,未,建,己未,八專,西,子丑寅卯,門,False,True,False,False,,False,False,False,東,出遊(吉),,下吉,False,寅卯,建
2031-07-19,辛,亥,乙,未,庚,申,除,庚申,八專,西,子丑寅卯,門,False,False,False,False,,False,True,False,東南,出遊(吉),,,False,寅卯,除
2031-07-20,辛,亥,乙,未,辛,酉,滿,辛酉,八專,西,子丑寅卯,門,False,False,True,False,,False,True,False,東南,出遊(吉),,下吉,False,寅卯,滿
2031-07-21,辛,亥,乙,未,壬,戌,平,壬戌,八專,西,子丑寅卯,門,False,False,False,False,大禍,False,False,False,東南,出遊(吉),,,False,寅卯,平
2031-07-22,辛,亥,乙,未,癸,亥,定,癸亥,八專,西,子丑寅卯,門,False,False,False,False,,False,True,False,東南,出遊(吉),,,True,寅卯,定
2031-07-23,辛,亥,乙,未,甲,子,執,甲子,,西,子丑寅卯,門,False,False,False,False,,False,False,False,東南,出遊(吉),,,False,子丑,執
2031-07-24,辛,亥,乙,未,乙,丑,破,乙丑,,西,子丑寅卯,門,False,False,False,False,,False,False,False,東南,出遊(吉),,,False,子丑,破
2031-07-25,辛,亥,乙,未,丙,寅,危,丙寅,,西,子丑寅卯,門,False,False,False,False,,False,False,False,南,出遊(吉),,下吉,False,子丑,危
2031-07-26,辛,亥,乙,未,丁,卯,成,丁卯,,西,子丑寅卯,門,False,False,False,True,狼藉,False,False,False,南,出遊(吉),,下吉,False,子丑,成
2031-07-27,辛,亥,乙,未,戊,辰,收,戊辰,,西,子丑寅卯,門,False,True,False,False,滅門,False,False,True,南,出遊(吉),,,False,子丑,收
2031-07-28,辛,亥,乙,未,己,巳,開,己巳,,西,子丑寅卯,門,False,True,False,False,,False,False,False,南,出遊(吉),,,True,子丑,開
2031-07-29,辛,亥,乙,未,庚,午,閉,庚午,,西,子丑寅卯,門,False,False,False,False,,False,False,False,南,出遊(吉),大土(凶),下吉,False,子丑,閉
2031-07-30,辛,亥,乙,未,辛,未,建,辛未,,西,子丑寅卯,門,False,False,False,False,,False,False,False,西南,出遊(吉),大土(凶),中吉,False,子丑,建
2031-07-31,辛,亥,乙,未,壬,申,除,壬申,,西,子丑寅卯,門,False,False,False,False,,False,False,False,西南,出遊(吉),大土(凶),,False,子丑,除
2031-08-01,辛,亥,乙,未,癸,酉,滿,癸酉,,西,子丑寅卯,門,False,False,True,False,,False,False,False,西南,出遊(吉),大土(凶),中吉,False,子丑,滿
2031-08-02,辛,亥,乙,未,甲,戌,平,甲戌,,西,子丑寅卯,門,False,False,False,False,大禍,False,False,False,西南,出遊(吉),大土(凶),,False,戌亥,平
2031-08-03,辛,亥,乙,未,乙,亥,定,乙亥,,西,子丑寅卯,門,False,False,False,False,,False,False,False,西南,出遊(吉),大土(凶),,True,戌亥,定
2031-08-04,辛,亥,乙,未,丙,子,執,丙子,,西,子丑寅卯,門,False,False,False,False,,False,False,False,西南,出遊(吉),大土(凶),,False,戌亥,執
2031-08-05,辛,亥,乙,未,丁,丑,破,丁丑,,西,子丑寅卯,門,False,False,False,False,,False,False,False,西,出遊(吉),,下吉,False,戌亥,破
2031-08-06,辛,亥,乙,未,戊,寅,危,戊寅,,西,子丑寅卯,門,False,True,False,False,,False,False,False,西,出遊(吉),,下吉,False,戌亥,危
2031-08-07,辛,亥,乙,未,己,卯,成,己卯,,西,子丑寅卯,門,False,True,False,True,狼藉,False,False,False,西,出遊(吉),,,False,戌亥,成
2031-08-08,辛,亥,丙,申,庚,辰,成,庚辰,,西,子丑寅卯,井,False,True,True,False,,False,False,False,西,出遊(吉),,下吉,False,戌亥,成
2031-08-09,辛,亥,丙,申,辛,巳,收,辛巳,,西,子丑寅卯,井,False,False,False,False,大禍,False,False,False,西,出遊(吉),,下吉,True,戌亥,收
2031-08-10,辛,亥,丙,申,壬,午,開,壬午,,西,子丑寅卯,井,False,False,False,True,,False,False,False,西北,出遊(吉),,上吉,False,戌亥,開
2031-08-11,辛,亥,丙,申,癸,未,閉,癸未,,西,子丑寅卯,井,False,False,False,False,,False,False,False,西北,出遊(吉),,下吉,False,戌亥,閉
2031-08-12,辛,亥,丙,申,甲,申,建,甲申,十方暮,西,子丑寅卯,井,False,True,False,False,,True,False,False,西北,出遊(吉),,上吉,False,申酉,建
2031-08-13,辛,亥,丙,申,乙,酉,除,乙酉,十方暮,西,子丑寅卯,井,False,False,False,False,狼藉,True,False,False,西北,出遊(吉),,下吉,False,申酉,除
2031-08-14,辛,亥,丙,申,丙,戌,滿,丙戌,十方暮,西,子丑寅卯,井,False,False,False,False,,True,False,True,西北,出遊(吉),,,False,申酉,滿
2031-08-15,辛,亥,丙,申,丁,亥,平,丁亥,十方暮,西,子丑寅卯,井,False,False,False,False,滅門,True,False,False,西北,出遊(吉),,,True,申酉,平
2031-08-16,辛,亥,丙,申,戊,子,定,戊子,十方暮,西,子丑寅卯,井,False,False,False,False,,True,False,False,北,出遊(吉),,,False,申酉,定
2031-08-17,辛,亥,丙,申,己,丑,執,己丑,十方暮,西,子丑寅卯,井,False,False,False,False,,True,False,False,北,出遊(吉),,,False,申酉,執
2031-08-18,辛,亥,丙,申,庚,寅,破,庚寅,十方暮,西,子丑寅卯,井,False,True,False,False,,True,False,False,北,出遊(吉),,上吉,False,申酉,破
2031-08-19,辛,亥,丙,申,辛,卯,危,辛卯,十方暮,西,子丑寅卯,井,False,False,False,False,,True,False,False,北,出遊(吉),,,False,申酉,危
2031-08-20,辛,亥,丙,申,壬,辰,成,壬辰,十方暮,西,子丑寅卯,井,False,False,True,False,,True,False,True,北,出遊(吉),,,False,申酉,成
2031-08-21,辛,亥,丙,申,癸,巳,收,癸巳,天一天上,西,子丑寅卯,井,False,False,False,False,大禍,True,False,False,天一天上,北宮(凶),,下吉,True,申酉,收
2031-08-22,辛,亥,丙,申,甲,午,開,甲午,天一天上,西,子丑寅卯,井,False,True,False,True,,False,False,False,天一天上,北宮(凶),,,False,午未,開
2031-08-23,辛,亥,丙,申,乙,未,閉,乙未,天一天上,西,子丑寅卯,井,False,False,False,False,,False,False,True,天一天上,北宮(凶),,,False,午未,閉
2031-08-24,辛,亥,丙,申,丙,申,建,丙申,天一天上,西,子丑寅卯,井,False,False,False,False,,False,False,False,天一天上,北宮(凶),,,False,午未,建
2031-08-25,辛,亥,丙,申,丁,酉,除,丁酉,天一天上,西,子丑寅卯,井,False,False,False,False,狼藉,False,False,False,天一天上,北宮(凶),,上吉,False,午未,除
2031-08-26,辛,亥,丙,申,戊,戌,滿,戊戌,天一天上,西,子丑寅卯,井,False,False,False,False,,False,False,False,天一天上,南宮(凶),,,False,午未,滿
2031-08-27,辛,亥,丙,申,己,亥,平,己亥,天一天上,西,子丑寅卯,井,False,False,False,False,滅門,False,False,False,天一天上,南宮(凶),,,True,午未,平
2031-08-28,辛,亥,丙,申,庚,子,定,庚子,天一天上,西,子丑寅卯,井,False,True,False,False,,False,False,False,天一天上,南宮(凶),,中吉,False,午未,定
2031-08-29,辛,亥,丙,申,辛,丑,執,辛丑,天一天上,西,子丑寅卯,井,False,False,False,False,,False,False,True,天一天上,南宮(凶),,下吉,False,午未,執
2031-08-30,辛,亥,丙,申,壬,寅,破,壬寅,天一天上,西,子丑寅卯,井,False,False,False,False,,False,False,False,天一天上,南宮(凶),,中吉,False,午未,破
2031-08-31,辛,亥,丙,申,癸,卯,危,癸卯,天一天上,西,子丑寅卯,井,False,False,False,False,,False,False,False,天一天上,西宮(凶),,下吉,False,午未,危
2031-09-01,辛,亥,丙,申,甲,辰,成,甲辰,天一天上,西,子丑寅卯,井,False,True,True,False,,False,False,False,天一天上,東宮(凶),,中吉,False,辰巳,成
2031-09-02,辛,亥,丙,申,乙,巳,收,乙巳,天一天上,西,子丑寅卯,井,False,False,False,False,大禍,False,False,False,天一天上,東宮(凶),,,True,辰巳,收
2031-09-03,辛,亥,丙,申,丙,午,開,丙午,天一天上,西,子丑寅卯,井,False,False,False,True,,False,False,False,天一天上,東宮(凶),,下吉,False,辰巳,開
2031-09-04,辛,亥,丙,申,丁,未,閉,丁未,天一天上,西,子丑寅卯,井,False,False,False,False,,False,False,False,天一天上,東宮(凶),,下吉,False,辰巳,閉
2031-09-05,辛,亥,丙,申,戊,申,建,戊申,天一天上,西,子丑寅卯,井,True,False,False,False,,False,False,False,天一天上,東宮(凶),小土(凶),下吉,False,辰巳,建
2031-09-06,辛,亥,丙,申,己,酉,除,己酉,,西,子丑寅卯,井,False,False,False,False,狼藉,False,False,False,東北,出遊(吉),小土(凶),上吉,False,辰巳,除
2031-09-07,辛,亥,丙,申,庚,戌,滿,庚戌,,西,子丑寅卯,井,False,True,False,False,,False,False,False,東北,出遊(吉),小土(凶),,False,辰巳,滿
2031-09-08,辛,亥,丁,酉,辛,亥,滿,辛亥,,西,子丑寅卯,井,False,True,False,False,,False,False,False,東北,出遊(吉),小土(凶),下吉,True,辰巳,滿
2031-09-09,辛,亥,丁,酉,壬,子,平,壬子,八專,西,子丑寅卯,井,False,False,False,False,大禍,False,True,False,東北,出遊(吉),小土(凶),,False,辰巳,平
2031-09-10,辛,亥,丁,酉,癸,丑,定,癸丑,八專,西,子丑寅卯,井,False,False,False,False,,False,False,False,東北,出遊(吉),小土(凶),下吉,False,辰巳,定
2031-09-11,辛,亥,丁,酉,甲,寅,執,甲寅,八專,西,子丑寅卯,井,False,False,False,False,,False,True,False,東北,出遊(吉),小土(凶),下吉,False,寅卯,執
2031-09-12,辛,亥,丁,酉,乙,卯,破,乙卯,八專,西,子丑寅卯,井,False,True,False,False,,False,True,False,東,出遊(吉),,下吉,False,寅卯,破
2031-09-13,辛,亥,丁,酉,丙,辰,危,丙辰,八專,西,子丑寅卯,井,False,False,False,False,,False,False,False,東,出遊(吉),,,False,寅卯,危
2031-09-14,辛,亥,丁,酉,丁,巳,成,丁巳,八專,西,子丑寅卯,井,False,False,False,False,,False,True,False,東,出遊(吉),,下吉,True,寅卯,成
2031-09-15,辛,亥,丁,酉,戊,午,收,戊午,八專,西,子丑寅卯,井,False,False,False,False,滅門,False,True,False,東,出遊(吉),,,False,寅卯,收
2031-09-16,辛,亥,丁,酉,己,未,開,己未,八專,西,子丑寅卯,井,False,False,False,False,,False,False,False,東,出遊(吉),,下吉,False,寅卯,開
2031-09-17,辛,亥,丁,酉,庚,申,閉,庚申,八專,西,子丑寅卯,井,False,False,False,False,,False,True,False,東南,出遊(吉),,,False,寅卯,閉
2031-09-18,辛,亥,丁,酉,辛,酉,建,辛酉,八專,西,子丑寅卯,井,False,True,False,True,狼藉,False,True,False,東南,出遊(吉),,下吉,False,寅卯,建
2031-09-19,辛,亥,丁,酉,壬,戌,除,壬戌,八專,西,子丑寅卯,井,False,False,True,False,,False,False,False,東南,出遊(吉),,,False,寅卯,除
2031-09-20,辛,亥,丁,酉,癸,亥,滿,癸亥,八專,西,子丑寅卯,井,False,False,False,False,,False,True,False,東南,出遊(吉),,,True,寅卯,滿
2031-09-21,辛,亥,丁,酉,甲,子,平,甲子,,西,子丑寅卯,井,False,False,False,False,大禍,False,False,False,東南,出遊(吉),,,False,子丑,平
2031-09-22,辛,亥,丁,酉,乙,丑,定,乙丑,,西,子丑寅卯,井,False,True,False,False,,False,False,False,東南,出遊(吉),,,False,子丑,定
2031-09-23,辛,亥,丁,酉,丙,寅,執,丙寅,,西,子丑寅卯,井,False,False,False,False,,False,False,False,南,出遊(吉),,下吉,False,子丑,執
2031-09-24,辛,亥,丁,酉,丁,卯,破,丁卯,,西,子丑寅卯,井,False,False,False,False,,False,False,False,南,出遊(吉),,下吉,False,子丑,破
2031-09-25,辛,亥,丁,酉,戊,辰,危,戊辰,,西,子丑寅卯,井,False,False,False,False,,False,False,True,南,出遊(吉),,,False,子丑,危
2031-09-26,辛,亥,丁,酉,己,巳,成,己巳,,西,子丑寅卯,井,False,False,False,False,,False,False,False,南,出遊(吉),,,True,子丑,成
2031-09-27,辛,亥,丁,酉,庚,午,收,庚午,,西,子丑寅卯,井,False,False,False,False,滅門,False,False,False,南,出遊(吉),大土(凶),下吉,False,子丑,收
2031-09-28,辛,亥,丁,酉,辛,未,開,辛未,,西,子丑寅卯,井,False,True,False,False,,False,False,False,西南,出遊(吉),大土(凶),中吉,False,子丑,開
2031-09-29,辛,亥,丁,酉,壬,申,閉,壬申,,西,子丑寅卯,井,False,False,False,False,,False,False,False,西南,出遊(吉),大土(凶),,False,子丑,閉
2031-09-30,辛,亥,丁,酉,癸,酉,建,癸酉,,西,子丑寅卯,井,False,False,False,True,狼藉,False,False,False,西南,出遊(吉),大土(凶),中吉,False,子丑,建
2031-10-01,辛,亥,丁,酉,甲,戌,除,甲戌,,西,子丑寅卯,井,False,False,True,False,,False,False,False,西南,出遊(吉),大土(凶),,False,戌亥,除
2031-10-02,辛,亥,丁,酉,乙,亥,滿,乙亥,,西,子丑寅卯,井,False,True,False,False,,False,False,False,西南,出遊(吉),大土(凶),,True,戌亥,滿
2031-10-03,辛,亥,丁,酉,丙,子,平,丙子,,西,子丑寅卯,井,False,False,False,False,大禍,False,False,False,西南,出遊(吉),大土(凶),,False,戌亥,平
2031-10-04,辛,亥,丁,酉,丁,丑,定,丁丑,,西,子丑寅卯,井,False,False,False,False,,False,False,False,西,出遊(吉),,下吉,False,戌亥,定
2031-10-05,辛,亥,丁,酉,戊,寅,執,戊寅,,西,子丑寅卯,井,False,False,False,False,,False,False,False,西,出遊(吉),,下吉,False,戌亥,執
2031-10-06,辛,亥,丁,酉,己,卯,破,己卯,,西,子丑寅卯,井,False,False,False,False,,False,False,False,西,出遊(吉),,,False,戌亥,破
2031-10-07,辛,亥,丁,酉,庚,辰,危,庚辰,,西,子丑寅卯,井,False,False,False,False,,False,False,False,西,出遊(吉),,下吉,False,戌亥,危
2031-10-08,辛,亥,戊,戌,辛,巳,危,辛巳,,西,子丑寅卯,井,False,False,True,False,,False,False,False,西,出遊(吉),,下吉,True,戌亥,危
2031-10-09,辛,亥,戊,戌,壬,午,成,壬午,,西,子丑寅卯,井,False,False,False,False,,False,False,False,西北,出遊(吉),,上吉,False,戌亥,成
2031-10-10,辛,亥,戊,戌,癸,未,收,癸未,,西,子丑寅卯,井,False,False,False,False,大禍,False,False,False,西北,出遊(吉),,下吉,False,戌亥,收
2031-10-11,辛,亥,戊,戌,甲,申,開,甲申,十方暮,西,子丑寅卯,井,False,False,False,False,,True,False,False,西北,出遊(吉),,上吉,False,申酉,開
2031-10-12,辛,亥,戊,戌,乙,酉,閉,乙酉,十方暮,西,子丑寅卯,井,False,False,False,False,,True,False,False,西北,出遊(吉),,下吉,False,申酉,閉
2031-10-13,辛,亥,戊,戌,丙,戌,建,丙戌,十方暮,西,子丑寅卯,井,False,False,False,False,,True,False,True,西北,出遊(吉),,,False,申酉,建
2031-10-14,辛,亥,戊,戌,丁,亥,除,丁亥,十方暮,西,子丑寅卯,井,False,False,False,False,,True,False,False,西北,出遊(吉),,,True,申酉,除
2031-10-15,辛,亥,戊,戌,戊,子,滿,戊子,十方暮,西,子丑寅卯,井,False,True,False,True,,True,False,False,北,出遊(吉),,,False,申酉,滿
2031-10-16,辛,亥,戊,戌,己,丑,平,己丑,十方暮,西,子丑寅卯,井,False,True,False,False,滅門,True,False,False,北,出遊(吉),,,False,申酉,平
2031-10-17,辛,亥,戊,戌,庚,寅,定,庚寅,十方暮,西,子丑寅卯,井,False,False,False,False,,True,False,False,北,出遊(吉),,上吉,False,申酉,定
2031-10-18,辛,亥,戊,戌,辛,卯,執,辛卯,十方暮,西,子丑寅卯,井,False,False,False,False,狼藉,True,False,False,北,出遊(吉),,,False,申酉,執
2031-10-19,辛,亥,戊,戌,壬,辰,破,壬辰,十方暮,西,子丑寅卯,井,False,False,False,False,,True,False,True,北,出遊(吉),,,False,申酉,破
2031-10-20,辛,亥,戊,戌,癸,巳,危,癸巳,天一天上,西,子丑寅卯,井,False,False,True,False,,True,False,False,天一天上,北宮(凶),,下吉,True,申酉,危
2031-10-21,辛,亥,戊,戌,甲,午,成,甲午,天一天上,西,子丑寅卯,井,False,False,False,False,,False,False,False,天一天上,北宮(凶),,,False,午未,成
2031-10-22,辛,亥,戊,戌,乙,未,收,乙未,天一天上,西,子丑寅卯,井,False,False,False,False,大禍,False,False,True,天一天上,北宮(凶),,,False,午未,收
2031-10-23,辛,亥,戊,戌,丙,申,開,丙申,天一天上,西,子丑寅卯,井,False,False,False,False,,False,False,False,天一天上,北宮(凶),,,False,午未,開
2031-10-24,辛,亥,戊,戌,丁,酉,閉,丁酉,天一天上,西,子丑寅卯,井,False,False,False,False,,False,False,False,天一天上,北宮(凶),,上吉,False,午未,閉
2031-10-25,辛,亥,戊,戌,戊,戌,建,戊戌,天一天上,西,子丑寅卯,井,False,True,False,False,,False,False,False,天一天上,南宮(凶),,,False,午未,建
2031-10-26,辛,亥,戊,戌,己,亥,除,己亥,天一天上,西,子丑寅卯,井,False,True,False,False,,False,False,False,天一天上,南宮(凶),,,True,午未,除
2031-10-27,辛,亥,戊,戌,庚,子,滿,庚子,天一天上,西,子丑寅卯,井,False,False,False,True,,False,False,False,天一天上,南宮(凶),,中吉,False,午未,滿
2031-10-28,辛,亥,戊,戌,辛,丑,平,辛丑,天一天上,西,子丑寅卯,井,False,False,False,False,滅門,False,False,True,天一天上,南宮(凶),,下吉,False,午未,平
2031-10-29,辛,亥,戊,戌,壬,寅,定,壬寅,天一天上,西,子丑寅卯,井,False,False,False,False,,False,False,False,天一天上,南宮(凶),,中吉,False,午未,定
2031-10-30,辛,亥,戊,戌,癸,卯,執,癸卯,天一天上,西,子丑寅卯,井,False,False,False,False,狼藉,False,False,False,天一天上,西宮(凶),,下吉,False,午未,執
2031-10-31,辛,亥,戊,戌,甲,辰,破,甲辰,天一天上,西,子丑寅卯,井,False,False,False,False,,False,False,False,天一天上,東宮(凶),,中吉,False,辰巳,破
2031-11-01,辛,亥,戊,戌,乙,巳,危,乙巳,天一天上,西,子丑寅卯,井,False,False,True,False,,False,False,False,天一天上,東宮(凶),,,True,辰巳,危
2031-11-02,辛,亥,戊,戌,丙,午,成,丙午,天一天上,西,子丑寅卯,井,False,False,False,False,,False,False,False,天一天上,東宮(凶),,下吉,False,辰巳,成
2031-11-03,辛,亥,戊,戌,丁,未,收,丁未,天一天上,西,子丑寅卯,井,False,False,False,False,大禍,False,False,False,天一天上,東宮(凶),,下吉,False,辰巳,收
2031-11-04,辛,亥,戊,戌,戊,申,開,戊申,天一天上,西,子丑寅卯,井,True,True,False,False,,False,False,False,天一天上,東宮(凶),小土(凶),下吉,False,辰巳,開
2031-11-05,辛,亥,戊,戌,己,酉,閉,己酉,,西,子丑寅卯,井,False,True,False,False,,False,False,False,東北,出遊(吉),小土(凶),上吉,False,辰巳,閉
2031-11-06,辛,亥,戊,戌,庚,戌,建,庚戌,,西,子丑寅卯,井,False,False,False,False,,False,False,False,東北,出遊(吉),小土(凶),,False,辰巳,建
2031-11-07,辛,亥,己,亥,辛,亥,建,辛亥,,西,子丑寅卯,庭,False,False,True,False,,False,False,False,東北,出遊(吉),小土(凶),下吉,True,辰巳,建
2031-11-08,辛,亥,己,亥,壬,子,除,壬子,八專,西,子丑寅卯,庭,False,True,False,False,,False,True,False,東北,出遊(吉),小土(凶),,False,辰巳,除
2031-11-09,辛,亥,己,亥,癸,丑,滿,癸丑,八專,西,子丑寅卯,庭,False,False,False,False,,False,False,False,東北,出遊(吉),小土(凶),下吉,False,辰巳,滿
2031-11-10,辛,亥,己,亥,甲,寅,平,甲寅,八專,西,子丑寅卯,庭,False,False,False,False,大禍,False,True,False,東北,出遊(吉),小土(凶),下吉,False,寅卯,平
2031-11-11,辛,亥,己,亥,乙,卯,定,乙卯,八專,西,子丑寅卯,庭,False,False,False,True,狼藉,False,True,False,東,出遊(吉),,下吉,False,寅卯,定
2031-11-12,辛,亥,己,亥,丙,辰,執,丙辰,八專,西,子丑寅卯,庭,False,True,False,False,,False,False,False,東,出遊(吉),,,False,寅卯,執
2031-11-13,辛,亥,己,亥,丁,巳,破,丁巳,八專,西,子丑寅卯,庭,False,False,False,False,,False,True,False,東,出遊(吉),,下吉,True,寅卯,破
2031-11-14,辛,亥,己,亥,戊,午,危,戊午,八專,西,子丑寅卯,庭,False,False,False,False,,False,True,False,東,出遊(吉),,,False,寅卯,危
2031-11-15,辛,亥,己,亥,己,未,成,己未,八專,西,子丑寅卯,庭,False,False,False,False,,False,False,False,東,出遊(吉),,下吉,False,寅卯,成
2031-11-16,辛,亥,己,亥,庚,申,收,庚申,八專,西,子丑寅卯,庭,False,False,False,False,滅門,False,True,False,東南,出遊(吉),,,False,寅卯,收
2031-11-17,辛,亥,己,亥,辛,酉,開,辛酉,八專,西,子丑寅卯,庭,False,False,False,False,,False,True,False,東南,出遊(吉),,下吉,False,寅卯,開
2031-11-18,辛,亥,己,亥,壬,戌,閉,壬戌,八專,西,子丑寅卯,庭,False,True,False,False,,False,False,False,東南,出遊(吉),,,False,寅卯,閉
2031-11-19,辛,亥,己,亥,癸,亥,建,癸亥,八專,西,子丑寅卯,庭,False,False,True,False,,False,True,False,東南,出遊(吉),,,True,寅卯,建
2031-11-20,辛,亥,己,亥,甲,子,除,甲子,,西,子丑寅卯,庭,True,False,False,False,,False,False,False,東南,出遊(吉),,,False,子丑,除
2031-11-21,辛,亥,己,亥,乙,丑,滿,乙丑,,西,子丑寅卯,庭,False,False,False,False,,False,False,False,東南,出遊(吉),,,False,子丑,滿
2031-11-22,辛,亥,己,亥,丙,寅,平,丙寅,,西,子丑寅卯,庭,False,True,False,False,大禍,False,False,False,南,出遊(吉),,下吉,False,子丑,平
2031-11-23,辛,亥,己,亥,丁,卯,定,丁卯,,西,子丑寅卯,庭,False,False,False,True,狼藉,False,False,False,南,出遊(吉),,下吉,False,子丑,定
2031-11-24,辛,亥,己,亥,戊,辰,執,戊辰,,西,子丑寅卯,庭,False,False,False,False,,False,False,True,南,出遊(吉),,,False,子丑,執
2031-11-25,辛,亥,己,亥,己,巳,破,己巳,,西,子丑寅卯,庭,False,False,False,False,,False,False,False,南,出遊(吉),,,True,子丑,破
2031-11-26,辛,亥,己,亥,庚,午,危,庚午,,西,子丑寅卯,庭,False,False,False,False,,False,False,False,南,出遊(吉),大土(凶),下吉,False,子丑,危
2031-11-27,辛,亥,己,亥,辛,未,成,辛未,,西,子丑寅卯,庭,False,False,False,False,,False,False,False,西南,出遊(吉),大土(凶),中吉,False,子丑,成
2031-11-28,辛,亥,己,亥,壬,申,收,壬申,,西,子丑寅卯,庭,False,True,False,False,滅門,False,False,False,西南,出遊(吉),大土(凶),,False,子丑,收
2031-11-29,辛,亥,己,亥,癸,酉,開,癸酉,,西,子丑寅卯,庭,False,False,False,False,,False,False,False,西南,出遊(吉),大土(凶),中吉,False,子丑,開
2031-11-30,辛,亥,己,亥,甲,戌,閉,甲戌,,西,子丑寅卯,庭,False,False,False,False,,False,False,False,西南,出遊(吉),大土(凶),,False,戌亥,閉
2031-12-01,辛,亥,己,亥,乙,亥,建,乙亥,,西,子丑寅卯,庭,False,False,True,False,,False,False,False,西南,出遊(吉),大土(凶),,True,戌亥,建
2031-12-02,辛,亥,己,亥,丙,子,除,丙子,,西,子丑寅卯,庭,False,True,False,False,,False,False,False,西南,出遊(吉),大土(凶),,False,戌亥,除
2031-12-03,辛,亥,己,亥,丁,丑,滿,丁丑,,西,子丑寅卯,庭,False,False,False,False,,False,False,False,西,出遊(吉),,下吉,False,戌亥,滿
2031-12-04,辛,亥,己,亥,戊,寅,平,戊寅,,西,子丑寅卯,庭,False,False,False,False,大禍,False,False,False,西,出遊(吉),,下吉,False,戌亥,平
2031-12-05,辛,亥,己,亥,己,卯,定,己卯,,西,子丑寅卯,庭,False,False,False,True,狼藉,False,False,False,西,出遊(吉),,,False,戌亥,定
2031-12-06,辛,亥,己,亥,庚,辰,執,庚辰,,西,子丑寅卯,庭,False,False,False,False,,False,False,False,西,出遊(吉),,下吉,False,戌亥,執
2031-12-07,辛,亥,庚,子,辛,巳,執,辛巳,,西,子丑寅卯,庭,False,False,False,False,,False,False,False,西,出遊(吉),,下吉,True,戌亥,執
2031-12-08,辛,亥,庚,子,壬,午,破,壬午,,西,子丑寅卯,庭,False,False,True,True,狼藉,False,False,False,西北,出遊(吉),,上吉,False,戌亥,破
2031-12-09,辛,亥,庚,子,癸,未,危,癸未,,西,子丑寅卯,庭,False,True,False,False,,False,False,False,西北,出遊(吉),,下吉,False,戌亥,危
2031-12-10,辛,亥,庚,子,甲,申,成,甲申,十方暮,西,子丑寅卯,庭,False,False,False,False,,True,False,False,西北,出遊(吉),,上吉,False,申酉,成
2031-12-11,辛,亥,庚,子,乙,酉,收,乙酉,十方暮,西,子丑寅卯,庭,False,False,False,False,大禍,True,False,False,西北,出遊(吉),,下吉,False,申酉,收
2031-12-12,辛,亥,庚,子,丙,戌,開,丙戌,十方暮,西,子丑寅卯,庭,False,False,False,False,,True,False,True,西北,出遊(吉),,,False,申酉,開
2031-12-13,辛,亥,庚,子,丁,亥,閉,丁亥,十方暮,西,子丑寅卯,庭,False,True,False,False,,True,False,False,西北,出遊(吉),,,True,申酉,閉
2031-12-14,辛,亥,庚,子,戊,子,建,戊子,十方暮,西,子丑寅卯,庭,False,False,False,False,,True,False,False,北,出遊(吉),,,False,申酉,建
2031-12-15,辛,亥,庚,子,己,丑,除,己丑,十方暮,西,子丑寅卯,庭,False,False,False,False,,True,False,False,北,出遊(吉),,,False,申酉,除
2031-12-16,辛,亥,庚,子,庚,寅,滿,庚寅,十方暮,西,子丑寅卯,庭,False,False,False,False,,True,False,False,北,出遊(吉),,上吉,False,申酉,滿
2031-12-17,辛,亥,庚,子,辛,卯,平,辛卯,十方暮,西,子丑寅卯,庭,False,False,False,False,滅門,True,False,False,北,出遊(吉),,,False,申酉,平
2031-12-18,辛,亥,庚,子,壬,辰,定,壬辰,十方暮,西,子丑寅卯,庭,False,False,False,False,,True,False,True,北,出遊(吉),,,False,申酉,定
2031-12-19,辛,亥,庚,子,癸,巳,執,癸巳,天一天上,西,子丑寅卯,庭,False,True,False,False,,True,False,False,天一天上,北宮(凶),,下吉,True,申酉,執
2031-12-20,辛,亥,庚,子,甲,午,破,甲午,天一天上,西,子丑寅卯,庭,False,False,True,True,狼藉,False,False,False,天一天上,北宮(凶),,,False,午未,破
2031-12-21,辛,亥,庚,子,乙,未,危,乙未,天一天上,西,子丑寅卯,庭,False,False,False,False,,False,False,True,天一天上,北宮(凶),,,False,午未,危
2031-12-22,辛,亥,庚,子,丙,申,成,丙申,天一天上,西,子丑寅卯,庭,False,False,False,False,,False,False,False,天一天上,北宮(凶),,,False,午未,成
2031-12-23,辛,亥,庚,子,丁,酉,收,丁酉,天一天上,西,子丑寅卯,庭,False,True,False,False,大禍,False,False,False,天一天上,北宮(凶),,上吉,False,午未,收
2031-12-24,辛,亥,庚,子,戊,戌,開,戊戌,天一天上,西,子丑寅卯,庭,False,False,False,False,,False,False,False,天一天上,南宮(凶),,,False,午未,開
2031-12-25,辛,亥,庚,子,己,亥,閉,己亥,天一天上,西,子丑寅卯,庭,False,False,False,False,,False,False,False,天一天上,南宮(凶),,,True,午未,閉
2031-12-26,辛,亥,庚,子,庚,子,建,庚子,天一天上,西,子丑寅卯,庭,False,False,False,False,,False,False,False,天一天上,南宮(凶),,中吉,False,午未,建
2031-12-27,辛,亥,庚,子,辛,丑,除,辛丑,天一天上,西,子丑寅卯,庭,False,False,False,False,,False,False,True,天一天上,南宮(凶),,下吉,False,午未,除
2031-12-28,辛,亥,庚,子,壬,寅,滿,壬寅,天一天上,西,子丑寅卯,庭,False,False,False,False,,False,False,False,天一天上,南宮(凶),,中吉,False,午未,滿
2031-12-29,辛,亥,庚,子,癸,卯,平,癸卯,天一天上,西,子丑寅卯,庭,False,True,False,False,滅門,False,False,False,天一天上,西宮(凶),,下吉,False,午未,平
2031-12-30,辛,亥,庚,子,甲,辰,定,甲辰,天一天上,西,子丑寅卯,庭,False,False,False,False,,False,False,False,天一天上,東宮(凶),,中吉,False,辰巳,定
2031-12-31,辛,亥,庚,子,乙,巳,執,乙巳,天一天上,西,子丑寅卯,庭,False,False,False,False,,False,False,False,天一天上,東宮(凶),,,True,辰巳,執
